order_id,customer_id,customer_name,product,category,quantity,unit_price,total_amount,city,payment_method,order_date,delivery_days
1,5506,Tejas Virk,Shoes,Fashion,1,2500,2500,Hyderabad,Credit Card,2025-12-29,2
2,2424,Wakeeta Ahuja,Shoes,Fashion,5,2500,12500,Chennai,UPI,2025-10-14,1
3,9279,Aishani Dutt,Laptop,Electronics,2,65000,130000,Delhi,Net Banking,2025-09-10,2
4,7873,Zaitra Subramaniam,Shoes,Fashion,5,2500,12500,Hyderabad,Cash on Delivery,2026-05-18,5
5,3615,Vivaan Nath,Phone,Electronics,1,25000,25000,Chennai,Debit Card,2025-10-05,3
6,2674,Jyoti Patla,Phone,Electronics,3,25000,75000,Mumbai,Cash on Delivery,2025-09-15,1
7,5333,Diya Kibe,Phone,Electronics,3,25000,75000,Delhi,Cash on Delivery,2026-08-06,5
8,2291,Lohit Mangal,Phone,Electronics,4,25000,100000,Pune,Net Banking,2025-09-17,7
9,2139,Gautam D’Alia,Phone,Electronics,2,25000,50000,Delhi,Credit Card,2026-07-18,7
10,4814,Maya Madan,Phone,Electronics,1,25000,25000,Mumbai,Cash on Delivery,2026-03-31,3
11,3664,Waida Sachdev,Headphones,Electronics,3,3000,9000,Ahmedabad,Debit Card,2025-10-16,2
12,3803,Nilima Raghavan,Shoes,Fashion,1,2500,2500,Hyderabad,Credit Card,2025-10-16,4
13,4598,Udarsh Nadkarni,Phone,Electronics,5,25000,125000,Ahmedabad,UPI,2025-12-12,2
14,7572,Qarin Raja,T-Shirt,Fashion,3,800,2400,Pune,UPI,2025-12-22,2
15,6155,Harshil Hari,Book,Books,5,500,2500,Hyderabad,Cash on Delivery,2026-05-22,4
16,3340,Tanish Balasubramanian,Watch,Accessories,4,5000,20000,Pune,Credit Card,2026-05-22,2
17,5304,Ishwar Talwar,Shoes,Fashion,5,2500,12500,Chennai,Net Banking,2026-05-15,4
18,9348,Thomas Dixit,Phone,Electronics,2,25000,50000,Kolkata,UPI,2026-01-10,7
19,3504,Januja Kala,Laptop,Electronics,1,65000,65000,Bengaluru,Cash on Delivery,2026-03-27,5
20,8668,Mugdha Kuruvilla,Laptop,Electronics,4,65000,260000,Pune,Net Banking,2026-08-01,7
21,9797,Dipta Tripathi,Desk,Furniture,1,7000,7000,Pune,Debit Card,2026-07-07,1
22,8433,Luke Reddy,Phone,Electronics,2,25000,50000,Delhi,Debit Card,2026-02-19,5
23,2743,Neel Aggarwal,T-Shirt,Fashion,5,800,4000,Pune,Net Banking,2026-06-18,5
24,3646,Chaitanya Deshmukh,Phone,Electronics,3,25000,75000,Delhi,Net Banking,2026-05-05,3
25,6947,Nitesh Subramanian,Headphones,Electronics,1,3000,3000,Pune,Credit Card,2025-09-09,1
26,2290,Balvan Sankaran,Phone,Electronics,5,25000,125000,Mumbai,Cash on Delivery,2025-10-11,7
27,3060,Owen Chad,Laptop,Electronics,5,65000,325000,Bengaluru,Cash on Delivery,2025-12-04,5
28,7932,Maanav Kannan,Phone,Electronics,5,25000,125000,Hyderabad,Net Banking,2025-08-10,7
29,6107,Harsh Munshi,Shoes,Fashion,2,2500,5000,Chennai,Debit Card,2026-06-18,4
30,2982,Hredhaan Roy,Watch,Accessories,4,5000,20000,Hyderabad,Credit Card,2025-09-13,1
31,4770,Quincy Gade,Phone,Electronics,5,25000,125000,Hyderabad,UPI,2025-09-01,1
32,4750,Zayan Bhatnagar,Shoes,Fashion,1,2500,2500,Mumbai,UPI,2025-12-02,7
33,4899,Jyoti Chada,Phone,Electronics,5,25000,125000,Pune,Cash on Delivery,2026-03-15,2
34,8744,Amruta Raghavan,Headphones,Electronics,5,3000,15000,Hyderabad,Cash on Delivery,2026-02-06,7
35,2588,Isaac Barman,Headphones,Electronics,1,3000,3000,Chennai,Debit Card,2025-08-27,4
36,2612,Yadavi Golla,Headphones,Electronics,1,3000,3000,Delhi,Cash on Delivery,2026-03-11,6
37,5073,Ekaraj Chatterjee,Phone,Electronics,1,25000,25000,Hyderabad,Credit Card,2025-12-24,5
38,4006,Ubika Kota,Headphones,Electronics,4,3000,12000,Pune,Cash on Delivery,2026-07-22,2
39,8260,Kevin Borah,Watch,Accessories,1,5000,5000,Mumbai,UPI,2026-02-12,6
40,2528,Champak Dasgupta,Bottle,Home,1,600,600,Hyderabad,Credit Card,2025-09-14,4
41,7570,Yash Salvi,Headphones,Electronics,2,3000,6000,Delhi,Credit Card,2025-10-29,4
42,5345,Sanya Pathak,Laptop,Electronics,4,65000,260000,Kolkata,Debit Card,2026-03-24,4
43,8973,Panini Mall,Shoes,Fashion,5,2500,12500,Bengaluru,Credit Card,2026-02-17,3
44,9883,Megha Mani,Phone,Electronics,1,25000,25000,Delhi,Debit Card,2026-03-26,1
45,9238,Advay Virk,Laptop,Electronics,4,65000,260000,Bengaluru,UPI,2026-04-16,5
46,2122,Wyatt Jaggi,Laptop,Electronics,2,65000,130000,Mumbai,Credit Card,2026-07-11,4
47,5033,Ayushman Dixit,Phone,Electronics,5,25000,125000,Delhi,Net Banking,2026-07-26,1
48,9565,Ekavir Chhabra,Headphones,Electronics,5,3000,15000,Ahmedabad,Debit Card,2026-01-07,2
49,4910,Aryan Bandi,Shoes,Fashion,3,2500,7500,Pune,Cash on Delivery,2026-06-26,2
50,8491,Wridesh Chaudhuri,Shoes,Fashion,3,2500,7500,Ahmedabad,UPI,2026-03-08,1
51,2638,Manbir Walla,Headphones,Electronics,5,3000,15000,Mumbai,Net Banking,2026-03-30,2
52,6718,Nathan Lalla,Headphones,Electronics,2,3000,6000,Mumbai,Credit Card,2026-03-22,3
53,9900,Kamya Mitter,Phone,Electronics,4,25000,100000,Pune,Net Banking,2026-05-10,7
54,5905,Indira Samra,Shoes,Fashion,1,2500,2500,Mumbai,Credit Card,2025-08-12,3
55,3546,Janaki Kamdar,Phone,Electronics,1,25000,25000,Pune,Debit Card,2026-02-16,5
56,4335,Finn Kumar,Phone,Electronics,3,25000,75000,Pune,Net Banking,2026-07-16,4
57,2512,Upasna Dalal,Phone,Electronics,1,25000,25000,Chennai,Debit Card,2026-02-20,1
58,5291,Ojasvi Upadhyay,Laptop,Electronics,2,65000,130000,Bengaluru,Cash on Delivery,2025-10-11,5
59,1158,Daksh Lad,Shoes,Fashion,5,2500,12500,Mumbai,UPI,2025-09-15,6
60,1590,Shivansh Roy,Book,Books,5,500,2500,Ahmedabad,Net Banking,2025-11-11,5
61,1685,Waida Ramachandran,Phone,Electronics,2,25000,50000,Pune,Debit Card,2026-04-05,7
62,6862,Samar Zacharia,Chair,Furniture,1,4000,4000,Hyderabad,Credit Card,2026-04-17,6
63,7658,Neelima Chahal,Phone,Electronics,5,25000,125000,Bengaluru,Credit Card,2026-01-30,7
64,7755,Zansi Prashad,Phone,Electronics,2,25000,50000,Delhi,Credit Card,2026-05-03,6
65,5065,Dalbir Lanka,Book,Books,4,500,2000,Pune,Credit Card,2026-02-20,7
66,1634,Udarsh Walia,Shoes,Fashion,4,2500,10000,Kolkata,Credit Card,2025-10-27,2
67,6728,Faraj Sekhon,T-Shirt,Fashion,4,800,3200,Pune,Credit Card,2026-01-15,2
68,7528,Adya Seth,Laptop,Electronics,2,65000,130000,Ahmedabad,Debit Card,2025-10-11,7
69,6753,Michael Deol,Laptop,Electronics,3,65000,195000,Chennai,Net Banking,2026-02-09,3
70,5279,Eta Bumb,Desk,Furniture,1,7000,7000,Bengaluru,Net Banking,2025-10-19,3
71,8119,Nathaniel Varty,Laptop,Electronics,5,65000,325000,Ahmedabad,Debit Card,2026-05-02,4
72,2894,Dominic Sinha,Shoes,Fashion,5,2500,12500,Chennai,Net Banking,2025-08-08,2
73,1027,Nitesh Ben,Phone,Electronics,4,25000,100000,Hyderabad,Debit Card,2026-06-01,4
74,6143,Yashica Das,Laptop,Electronics,3,65000,195000,Mumbai,Debit Card,2025-12-04,5
75,6344,Harshil Ganguly,Phone,Electronics,4,25000,100000,Chennai,Debit Card,2025-12-04,5
76,7211,Samaksh Thakur,Phone,Electronics,4,25000,100000,Bengaluru,Net Banking,2026-06-29,5
77,1006,Rushil Rattan,Phone,Electronics,5,25000,125000,Pune,Debit Card,2025-10-22,2
78,6279,Pooja Virk,Headphones,Electronics,5,3000,15000,Kolkata,Cash on Delivery,2026-02-17,4
79,8752,Harish Kaul,Shoes,Fashion,5,2500,12500,Bengaluru,UPI,2025-08-19,3
80,6491,Adweta Bhagat,Headphones,Electronics,5,3000,15000,Mumbai,Credit Card,2026-05-10,6
81,3414,Owen Dubey,Phone,Electronics,2,25000,50000,Delhi,UPI,2026-05-02,2
82,2193,Saanvi Rana,Bottle,Home,5,600,3000,Kolkata,Cash on Delivery,2026-05-04,6
83,9099,Aradhana Kata,Headphones,Electronics,4,3000,12000,Chennai,Credit Card,2026-06-12,2
84,2746,Ojasvi Wali,Shoes,Fashion,1,2500,2500,Chennai,Credit Card,2026-05-14,2
85,8611,Yashasvi Desai,T-Shirt,Fashion,5,800,4000,Delhi,Net Banking,2026-03-27,2
86,8478,Mugdha Chahal,Book,Books,1,500,500,Bengaluru,Cash on Delivery,2026-03-22,6
87,6198,Sai Kannan,Headphones,Electronics,5,3000,15000,Kolkata,Net Banking,2026-06-21,7
88,7991,Chaman Dass,Shoes,Fashion,5,2500,12500,Kolkata,Credit Card,2026-02-27,6
89,5246,Gaurang Deo,Watch,Accessories,4,5000,20000,Hyderabad,Debit Card,2025-11-13,7
90,4919,Shivansh Kannan,T-Shirt,Fashion,4,800,3200,Pune,Cash on Delivery,2025-09-18,1
91,5451,Pranav Tripathi,Shoes,Fashion,2,2500,5000,Ahmedabad,Debit Card,2026-01-28,5
92,4788,Harshil Issac,Laptop,Electronics,2,65000,130000,Chennai,Credit Card,2026-04-06,6
93,7678,Oviya Vohra,Phone,Electronics,4,25000,100000,Ahmedabad,Net Banking,2025-11-20,4
94,7883,Alexander Mukhopadhyay,Headphones,Electronics,2,3000,6000,Chennai,Net Banking,2025-10-17,6
95,7232,Azaan Dhar,Laptop,Electronics,5,65000,325000,Kolkata,UPI,2026-03-02,3
96,7865,Jagat Buch,Phone,Electronics,4,25000,100000,Hyderabad,Cash on Delivery,2025-08-16,2
97,1475,Harish Baral,Phone,Electronics,4,25000,100000,Chennai,Debit Card,2025-10-27,6
98,3704,Samarth Kar,Shoes,Fashion,4,2500,10000,Kolkata,Credit Card,2026-07-31,5
99,1444,Sai Setty,Headphones,Electronics,4,3000,12000,Mumbai,Cash on Delivery,2026-05-01,2
100,1823,Chakrika Lata,Watch,Accessories,2,5000,10000,Pune,Cash on Delivery,2026-03-01,3
101,6529,Owen Chhabra,Phone,Electronics,3,25000,75000,Chennai,Debit Card,2026-03-07,7
102,5133,Noah Mutti,Chair,Furniture,4,4000,16000,Mumbai,Cash on Delivery,2026-03-02,1
103,6733,Aarav Jaggi,Shoes,Fashion,1,2500,2500,Hyderabad,UPI,2026-06-25,7
104,1508,Adweta Sha,Chair,Furniture,1,4000,4000,Hyderabad,Credit Card,2026-05-26,7
105,4908,Sanya Mani,Laptop,Electronics,2,65000,130000,Bengaluru,Cash on Delivery,2026-02-05,6
106,8619,Isaiah Subramaniam,Phone,Electronics,2,25000,50000,Pune,Debit Card,2025-11-15,2
107,3683,Keya Lad,Shoes,Fashion,1,2500,2500,Pune,UPI,2026-02-02,5
108,7149,Girik Mital,Laptop,Electronics,3,65000,195000,Chennai,Credit Card,2025-12-10,1
109,2669,Yashoda Khanna,Headphones,Electronics,2,3000,6000,Pune,Net Banking,2026-07-02,7
110,1672,Jagvi Kamdar,Phone,Electronics,5,25000,125000,Ahmedabad,Net Banking,2026-03-02,4
111,9289,Leena Sarkar,Shoes,Fashion,1,2500,2500,Ahmedabad,UPI,2026-03-24,7
112,2729,Farhan Sarin,Headphones,Electronics,4,3000,12000,Chennai,Debit Card,2026-01-01,6
113,3506,Vihaan Padmanabhan,Watch,Accessories,4,5000,20000,Chennai,Credit Card,2025-10-31,6
114,9817,Vrinda Pillai,Headphones,Electronics,3,3000,9000,Kolkata,Cash on Delivery,2026-05-09,4
115,5397,Jeremiah Varma,T-Shirt,Fashion,5,800,4000,Ahmedabad,Credit Card,2026-07-20,7
116,8385,Udant Deep,Desk,Furniture,3,7000,21000,Hyderabad,Cash on Delivery,2025-09-13,5
117,6511,Keya Magar,Shoes,Fashion,4,2500,10000,Delhi,Cash on Delivery,2026-07-30,7
118,4475,Abhimanyu Balasubramanian,Phone,Electronics,4,25000,100000,Ahmedabad,Debit Card,2025-09-20,3
119,5526,Chanakya Varkey,Phone,Electronics,5,25000,125000,Delhi,Net Banking,2026-01-30,2
120,9004,Darsh Koshy,Laptop,Electronics,4,65000,260000,Hyderabad,Cash on Delivery,2025-10-05,6
121,1282,Janya Mukhopadhyay,Shoes,Fashion,4,2500,10000,Mumbai,Debit Card,2026-05-25,2
122,6016,Ira Kota,Headphones,Electronics,2,3000,6000,Ahmedabad,Cash on Delivery,2026-03-23,5
123,6419,Geetika Mall,Headphones,Electronics,4,3000,12000,Ahmedabad,Cash on Delivery,2025-11-30,3
124,2976,Ucchal Dewan,Phone,Electronics,2,25000,50000,Hyderabad,Debit Card,2025-08-20,1
125,4138,Yashica Bakshi,Shoes,Fashion,2,2500,5000,Hyderabad,Cash on Delivery,2025-08-08,3
126,5636,Harini Aggarwal,Shoes,Fashion,5,2500,12500,Mumbai,Credit Card,2026-01-02,3
127,5952,Rajeshri Dugal,Phone,Electronics,2,25000,50000,Delhi,Net Banking,2026-06-02,2
128,5786,Udarsh Lall,Phone,Electronics,1,25000,25000,Bengaluru,Cash on Delivery,2026-05-22,1
129,5658,Arjun Dugar,Watch,Accessories,5,5000,25000,Kolkata,Cash on Delivery,2025-09-02,4
130,5136,Wahab Raman,Phone,Electronics,1,25000,25000,Kolkata,UPI,2026-05-13,7
131,2213,Unnati Bajwa,Laptop,Electronics,4,65000,260000,Delhi,Credit Card,2026-06-27,2
132,2395,Liam Puri,T-Shirt,Fashion,3,800,2400,Hyderabad,UPI,2026-04-02,5
133,4697,Chanchal Savant,T-Shirt,Fashion,5,800,4000,Chennai,Cash on Delivery,2026-01-06,4
134,8025,Pranit Dey,Phone,Electronics,5,25000,125000,Pune,Net Banking,2026-06-10,5
135,4404,Damyanti Bir,Laptop,Electronics,1,65000,65000,Hyderabad,Debit Card,2026-01-10,6
136,3847,Guneet Jha,Laptop,Electronics,2,65000,130000,Mumbai,Credit Card,2025-10-01,1
137,8699,Yamini Virk,Headphones,Electronics,5,3000,15000,Pune,UPI,2025-09-17,2
138,8438,Gavin Sule,Phone,Electronics,3,25000,75000,Mumbai,Credit Card,2025-10-29,3
139,4241,Udant Yogi,T-Shirt,Fashion,5,800,4000,Chennai,UPI,2026-01-03,5
140,5352,Idika Suresh,Phone,Electronics,2,25000,50000,Bengaluru,UPI,2025-12-21,1
141,5728,Xalak Varma,Phone,Electronics,3,25000,75000,Kolkata,UPI,2025-08-19,4
142,5460,Yashoda Hora,Shoes,Fashion,4,2500,10000,Kolkata,Cash on Delivery,2025-09-03,1
143,6280,Noah Mani,Headphones,Electronics,4,3000,12000,Pune,UPI,2026-03-05,1
144,1339,Samesh Jayaraman,Phone,Electronics,5,25000,125000,Pune,Net Banking,2026-06-30,1
145,8708,Lohit Zachariah,T-Shirt,Fashion,2,800,1600,Kolkata,Debit Card,2026-03-12,2
146,9056,Bahadurjit Anne,Bottle,Home,4,600,2400,Mumbai,Cash on Delivery,2026-07-06,3
147,2713,Lila Seshadri,Headphones,Electronics,3,3000,9000,Bengaluru,Debit Card,2026-02-21,4
148,7561,Chasmum Prasad,Shoes,Fashion,3,2500,7500,Delhi,Cash on Delivery,2026-08-04,1
149,2899,Ishwar Sarma,Phone,Electronics,3,25000,75000,Chennai,Net Banking,2025-12-12,7
150,8569,Amaira Prakash,Bottle,Home,5,600,3000,Chennai,UPI,2026-06-24,2
151,9167,Bishakha Choudhary,Headphones,Electronics,5,3000,15000,Kolkata,UPI,2026-05-11,2
152,5719,Tristan Dar,Phone,Electronics,2,25000,50000,Kolkata,Cash on Delivery,2026-01-02,1
153,4920,Ekiya Khalsa,Laptop,Electronics,5,65000,325000,Bengaluru,Debit Card,2025-11-04,5
154,2527,Tara Anand,Laptop,Electronics,4,65000,260000,Hyderabad,UPI,2026-04-29,4
155,9165,Hredhaan Saha,Desk,Furniture,2,7000,14000,Pune,Net Banking,2025-09-03,6
156,8736,Vrishti Nori,Phone,Electronics,4,25000,100000,Hyderabad,Cash on Delivery,2026-04-09,5
157,9327,Nimrat Gour,Phone,Electronics,2,25000,50000,Bengaluru,UPI,2026-07-26,3
158,6568,Amaira Rao,T-Shirt,Fashion,4,800,3200,Pune,UPI,2026-02-07,3
159,9022,Nicholas Edwin,Shoes,Fashion,5,2500,12500,Bengaluru,Cash on Delivery,2026-04-18,5
160,9903,Upadhriti Doshi,Headphones,Electronics,3,3000,9000,Chennai,Cash on Delivery,2026-06-06,3
161,7274,Jairaj Venkatesh,Watch,Accessories,2,5000,10000,Hyderabad,Cash on Delivery,2025-11-05,1
162,7246,Kamya Balasubramanian,Phone,Electronics,4,25000,100000,Chennai,Credit Card,2025-11-11,4
163,9229,Gaurav Sastry,Chair,Furniture,2,4000,8000,Ahmedabad,UPI,2026-07-28,7
164,9617,William Verma,T-Shirt,Fashion,1,800,800,Kolkata,UPI,2026-07-08,6
165,2225,Zarna Bhagat,Phone,Electronics,2,25000,50000,Kolkata,Debit Card,2025-08-17,3
166,2315,Qasim Dutt,Shoes,Fashion,4,2500,10000,Ahmedabad,Net Banking,2025-11-25,4
167,9864,Vivaan Chowdhury,Chair,Furniture,4,4000,16000,Delhi,Net Banking,2025-11-08,1
168,4727,Tanmayi Dugal,Phone,Electronics,3,25000,75000,Mumbai,Cash on Delivery,2026-02-18,1
169,8269,Azaan Gopal,T-Shirt,Fashion,1,800,800,Bengaluru,Debit Card,2026-08-02,1
170,5806,Rachita Raj,Laptop,Electronics,1,65000,65000,Ahmedabad,Debit Card,2025-10-20,4
171,7751,Aarush Sane,Phone,Electronics,5,25000,125000,Bengaluru,Credit Card,2025-10-01,2
172,4945,Samaksh Mody,Laptop,Electronics,4,65000,260000,Kolkata,Net Banking,2026-05-19,2
173,8529,Ladli Sidhu,Phone,Electronics,3,25000,75000,Pune,UPI,2026-02-10,7
174,9955,Shaurya Badal,Headphones,Electronics,3,3000,9000,Bengaluru,UPI,2026-01-15,4
175,5901,Wriddhish Wagle,Desk,Furniture,5,7000,35000,Chennai,Debit Card,2025-12-28,4
176,7302,Charan Behl,T-Shirt,Fashion,2,800,1600,Kolkata,UPI,2026-03-08,2
177,5847,Triya Bhalla,Phone,Electronics,3,25000,75000,Pune,UPI,2025-10-04,7
178,1132,Frado Borah,Shoes,Fashion,3,2500,7500,Delhi,Net Banking,2026-05-14,6
179,4770,Harini Patla,Headphones,Electronics,3,3000,9000,Ahmedabad,Credit Card,2025-12-19,6
180,3240,Atharv Kamdar,Phone,Electronics,3,25000,75000,Mumbai,UPI,2025-11-16,3
181,6977,Barkha Boase,T-Shirt,Fashion,1,800,800,Bengaluru,UPI,2026-03-28,3
182,3877,Isaiah Kakar,Phone,Electronics,4,25000,100000,Hyderabad,Credit Card,2026-06-04,7
183,9697,Nidra Varughese,Headphones,Electronics,3,3000,9000,Pune,Credit Card,2026-01-18,3
184,5835,Pavani Ahuja,Book,Books,4,500,2000,Ahmedabad,UPI,2026-06-01,4
185,4696,Ansh Arora,Chair,Furniture,2,4000,8000,Chennai,Net Banking,2026-04-11,3
186,1228,Rayaan Walia,Laptop,Electronics,4,65000,260000,Pune,Net Banking,2026-07-23,1
187,7242,Umang Saini,Headphones,Electronics,3,3000,9000,Ahmedabad,UPI,2026-04-21,6
188,6374,Aayush Chauhan,Phone,Electronics,1,25000,25000,Hyderabad,UPI,2025-08-08,6
189,7689,Pranit Dhawan,T-Shirt,Fashion,3,800,2400,Mumbai,Credit Card,2025-10-02,1
190,9071,Bishakha Memon,Desk,Furniture,3,7000,21000,Mumbai,UPI,2026-04-17,2
191,7367,Manthan Sabharwal,Watch,Accessories,2,5000,10000,Kolkata,Debit Card,2025-09-28,6
192,7866,Xalak Sant,Desk,Furniture,5,7000,35000,Bengaluru,Cash on Delivery,2026-01-05,6
193,7686,Ubika Contractor,Laptop,Electronics,4,65000,260000,Pune,UPI,2026-02-08,6
194,8285,Ekantika Kuruvilla,Phone,Electronics,4,25000,100000,Hyderabad,Debit Card,2025-09-30,1
195,9920,Aashi Roy,Bottle,Home,3,600,1800,Ahmedabad,UPI,2026-03-15,4
196,8450,Faraj Chandra,Phone,Electronics,1,25000,25000,Mumbai,Credit Card,2026-07-15,6
197,1828,David Swamy,Shoes,Fashion,1,2500,2500,Ahmedabad,Credit Card,2026-04-19,2
198,2124,Charvi Srivastava,T-Shirt,Fashion,2,800,1600,Hyderabad,Net Banking,2025-11-13,2
199,6383,Warjas Khurana,T-Shirt,Fashion,2,800,1600,Bengaluru,Net Banking,2026-02-27,1
200,3129,Yashoda Bahri,Phone,Electronics,2,25000,50000,Pune,Credit Card,2026-02-10,1
201,3159,Tanish Nagarajan,Shoes,Fashion,1,2500,2500,Delhi,Debit Card,2026-03-09,7
202,6304,Oni Dalal,T-Shirt,Fashion,5,800,4000,Delhi,Credit Card,2026-01-04,3
203,9619,Madhav Iyengar,Laptop,Electronics,4,65000,260000,Mumbai,UPI,2026-07-18,4
204,9408,Ishwar Palla,Headphones,Electronics,3,3000,9000,Mumbai,Cash on Delivery,2025-11-29,5
205,1710,Peter Mahal,Phone,Electronics,5,25000,125000,Pune,Cash on Delivery,2025-12-27,6
206,8847,Zaid Deep,Chair,Furniture,1,4000,4000,Chennai,Cash on Delivery,2025-11-08,6
207,2204,Charles Dubey,Phone,Electronics,4,25000,100000,Mumbai,Debit Card,2026-01-27,5
208,5505,Gayathri Sandal,Phone,Electronics,2,25000,50000,Ahmedabad,Cash on Delivery,2026-04-24,5
209,9282,Nachiket Bose,Headphones,Electronics,4,3000,12000,Chennai,UPI,2026-04-10,7
210,4522,Hardik Kata,Shoes,Fashion,5,2500,12500,Chennai,Cash on Delivery,2026-02-17,2
211,7532,Pavani Sarraf,Headphones,Electronics,4,3000,12000,Chennai,UPI,2025-09-03,3
212,7132,Ira Savant,Headphones,Electronics,3,3000,9000,Bengaluru,Cash on Delivery,2026-03-24,1
213,2527,Advika Rana,Laptop,Electronics,1,65000,65000,Chennai,UPI,2025-10-06,6
214,1982,Nitara Atwal,Shoes,Fashion,2,2500,5000,Ahmedabad,UPI,2026-03-23,4
215,1842,Vaishnavi Bakshi,Phone,Electronics,4,25000,100000,Pune,Net Banking,2026-01-19,3
216,9313,Triya Sachdev,Phone,Electronics,5,25000,125000,Hyderabad,Credit Card,2025-11-27,6
217,6736,Bakhshi Wadhwa,Headphones,Electronics,1,3000,3000,Ahmedabad,UPI,2025-12-12,7
218,8030,Harini Thaker,Phone,Electronics,2,25000,50000,Delhi,Net Banking,2026-01-27,6
219,1474,Yatan Dani,T-Shirt,Fashion,3,800,2400,Bengaluru,Debit Card,2026-03-12,6
220,6751,Hritik Bobal,T-Shirt,Fashion,3,800,2400,Delhi,Credit Card,2026-01-26,7
221,2140,Kabir Bal,Phone,Electronics,4,25000,100000,Bengaluru,UPI,2026-02-17,1
222,7163,Robert Tandon,Shoes,Fashion,2,2500,5000,Chennai,Cash on Delivery,2025-09-13,3
223,6314,Mekhala Dhar,Phone,Electronics,3,25000,75000,Mumbai,UPI,2026-05-23,2
224,1815,Waida Sundaram,Phone,Electronics,5,25000,125000,Mumbai,Debit Card,2026-07-12,4
225,8242,Oni Divan,Shoes,Fashion,4,2500,10000,Chennai,Debit Card,2025-08-08,2
226,6655,Hemal Sathe,T-Shirt,Fashion,1,800,800,Chennai,UPI,2026-01-20,3
227,8972,Gaurav Desai,Shoes,Fashion,5,2500,12500,Pune,UPI,2025-12-22,2
228,1897,Indira Buch,Phone,Electronics,5,25000,125000,Delhi,Credit Card,2026-01-06,3
229,5186,Manbir Kulkarni,Desk,Furniture,2,7000,14000,Pune,Debit Card,2026-03-18,1
230,3878,Manthan Ben,Laptop,Electronics,4,65000,260000,Bengaluru,Cash on Delivery,2025-11-15,5
231,6802,Nirja Basu,Shoes,Fashion,5,2500,12500,Mumbai,Cash on Delivery,2026-05-12,7
232,1307,Gavin Nagy,Shoes,Fashion,4,2500,10000,Kolkata,UPI,2025-09-04,7
233,7626,Rachana Pai,Phone,Electronics,4,25000,100000,Chennai,Debit Card,2025-09-28,1
234,3815,Bhavya Sachdeva,Headphones,Electronics,3,3000,9000,Kolkata,Debit Card,2026-07-08,1
235,4986,Leela Parekh,Headphones,Electronics,1,3000,3000,Chennai,Net Banking,2026-06-09,4
236,6083,Logan Barman,Headphones,Electronics,4,3000,12000,Ahmedabad,Credit Card,2026-01-24,3
237,9363,Samuel Jaggi,T-Shirt,Fashion,1,800,800,Mumbai,Net Banking,2026-04-28,5
238,6752,Xavier Mukhopadhyay,Phone,Electronics,3,25000,75000,Bengaluru,Credit Card,2026-03-22,1
239,3842,Vritti Mukherjee,Phone,Electronics,2,25000,50000,Bengaluru,UPI,2025-12-08,2
240,8601,Madhavi Dora,Chair,Furniture,4,4000,16000,Kolkata,Net Banking,2026-01-20,6
241,6295,Tripti Purohit,Shoes,Fashion,5,2500,12500,Ahmedabad,Credit Card,2026-06-06,4
242,5961,Adya Saini,Laptop,Electronics,4,65000,260000,Pune,Net Banking,2025-10-02,1
243,6085,Michael Sankaran,Phone,Electronics,1,25000,25000,Kolkata,Cash on Delivery,2026-04-21,1
244,2257,Dominic Sunder,Laptop,Electronics,3,65000,195000,Mumbai,Net Banking,2026-04-05,5
245,1672,Leela Nigam,Headphones,Electronics,4,3000,12000,Kolkata,Net Banking,2025-08-27,6
246,8792,Samar Boase,Phone,Electronics,5,25000,125000,Bengaluru,UPI,2026-05-06,4
247,2381,Dayita Dewan,Phone,Electronics,3,25000,75000,Bengaluru,UPI,2025-09-06,2
248,9586,Mohammed Bhagat,Shoes,Fashion,4,2500,10000,Bengaluru,Debit Card,2025-08-27,3
249,7697,Tara Sura,Book,Books,4,500,2000,Ahmedabad,Net Banking,2025-12-06,1
250,2079,Jai Din,T-Shirt,Fashion,3,800,2400,Ahmedabad,UPI,2025-10-08,5
251,5128,Xalak Palan,Shoes,Fashion,3,2500,7500,Bengaluru,Debit Card,2025-09-27,1
252,6731,Ansh Sandal,Headphones,Electronics,2,3000,6000,Pune,Cash on Delivery,2026-07-19,2
253,6072,Jasmit Suri,Headphones,Electronics,1,3000,3000,Chennai,Debit Card,2026-05-11,7
254,2531,Jagat Venkataraman,Phone,Electronics,5,25000,125000,Chennai,Net Banking,2026-02-20,3
255,3953,Januja Borra,Laptop,Electronics,3,65000,195000,Hyderabad,Debit Card,2026-01-27,7
256,3253,Ikbal Virk,Headphones,Electronics,2,3000,6000,Bengaluru,UPI,2026-06-12,3
257,9317,Nitesh Gill,T-Shirt,Fashion,1,800,800,Delhi,Debit Card,2026-01-27,7
258,7172,Azad Vala,Shoes,Fashion,5,2500,12500,Bengaluru,Credit Card,2026-02-12,2
259,3712,Pushti Varughese,T-Shirt,Fashion,5,800,4000,Kolkata,UPI,2025-08-23,4
260,8277,Neel Sampath,Phone,Electronics,2,25000,50000,Pune,Cash on Delivery,2026-08-06,2
261,8684,Eshana Biswas,Headphones,Electronics,3,3000,9000,Hyderabad,Debit Card,2026-06-28,6
262,8564,Kabir Handa,Desk,Furniture,4,7000,28000,Pune,Cash on Delivery,2025-09-28,5
263,4271,Ganga Pandey,Headphones,Electronics,2,3000,6000,Bengaluru,Debit Card,2026-03-08,1
264,2680,Tamanna Sethi,Shoes,Fashion,3,2500,7500,Mumbai,Debit Card,2025-10-20,1
265,8361,Aashi Krish,T-Shirt,Fashion,3,800,2400,Bengaluru,Cash on Delivery,2026-01-16,1
266,8391,Ekta Kumer,Desk,Furniture,2,7000,14000,Ahmedabad,UPI,2026-01-30,4
267,7126,Harish Maharaj,Laptop,Electronics,5,65000,325000,Hyderabad,Cash on Delivery,2026-06-04,1
268,6221,Warinder Nayar,Phone,Electronics,1,25000,25000,Mumbai,Debit Card,2026-08-05,7
269,5700,Vincent Wable,Phone,Electronics,1,25000,25000,Kolkata,Credit Card,2025-10-18,7
270,1086,Adweta Bhandari,Shoes,Fashion,4,2500,10000,Mumbai,UPI,2026-03-22,3
271,9991,Suhani Sarraf,Phone,Electronics,2,25000,50000,Chennai,UPI,2025-11-03,7
272,2996,Sai Gola,Phone,Electronics,3,25000,75000,Delhi,Credit Card,2025-12-19,4
273,8489,Noah Acharya,Shoes,Fashion,5,2500,12500,Mumbai,UPI,2026-08-07,7
274,9782,Xalak Guha,Book,Books,5,500,2500,Delhi,Net Banking,2026-01-29,5
275,5772,Gautam Brar,Phone,Electronics,2,25000,50000,Chennai,UPI,2026-06-07,5
276,7825,Nachiket Patla,Phone,Electronics,5,25000,125000,Bengaluru,UPI,2025-11-30,5
277,9618,Finn Bhatti,Chair,Furniture,1,4000,4000,Delhi,Cash on Delivery,2026-03-02,7
278,7116,Ishwar Chaudhry,Headphones,Electronics,4,3000,12000,Pune,UPI,2026-06-12,3
279,4950,Aayush Warrior,T-Shirt,Fashion,3,800,2400,Mumbai,Net Banking,2026-07-16,6
280,1726,Sanaya Kalita,T-Shirt,Fashion,2,800,1600,Ahmedabad,Net Banking,2025-11-13,3
281,8612,Chaaya Agate,T-Shirt,Fashion,2,800,1600,Kolkata,Credit Card,2026-02-14,7
282,1605,Yatin Gaba,Phone,Electronics,4,25000,100000,Pune,Credit Card,2026-01-31,1
283,6170,Agastya Sachar,T-Shirt,Fashion,1,800,800,Pune,Net Banking,2026-04-08,4
284,8756,Yadavi Iyengar,Bottle,Home,5,600,3000,Pune,UPI,2026-05-02,7
285,6848,Theodore Yadav,Shoes,Fashion,3,2500,7500,Delhi,Debit Card,2026-01-26,3
286,8159,Darsh Grover,Phone,Electronics,3,25000,75000,Chennai,Cash on Delivery,2025-10-04,4
287,9129,Tanay Modi,Phone,Electronics,2,25000,50000,Kolkata,Debit Card,2026-02-20,7
288,7955,Falguni Chatterjee,Headphones,Electronics,1,3000,3000,Mumbai,Cash on Delivery,2025-12-10,5
289,9937,Tanvi Vaidya,Bottle,Home,2,600,1200,Pune,Debit Card,2026-01-23,1
290,6021,Omya Tiwari,Laptop,Electronics,3,65000,195000,Kolkata,Net Banking,2026-07-02,6
291,6759,Brinda Murty,Headphones,Electronics,4,3000,12000,Kolkata,UPI,2026-06-29,6
292,8126,Yashawini Butala,Watch,Accessories,3,5000,15000,Pune,UPI,2025-10-04,1
293,6952,Lajita Sengupta,Shoes,Fashion,4,2500,10000,Bengaluru,UPI,2025-09-06,2
294,1570,Warda Mohanty,T-Shirt,Fashion,4,800,3200,Bengaluru,UPI,2026-04-03,2
295,6933,Daksha Rattan,T-Shirt,Fashion,3,800,2400,Chennai,Net Banking,2026-05-04,1
296,7077,Harrison Mukhopadhyay,Shoes,Fashion,4,2500,10000,Ahmedabad,Cash on Delivery,2025-08-25,7
297,9674,Yashica Iyer,Laptop,Electronics,2,65000,130000,Ahmedabad,Cash on Delivery,2026-02-05,3
298,2858,Falak Baral,Shoes,Fashion,2,2500,5000,Delhi,Credit Card,2026-05-11,4
299,2929,Yug Chopra,Headphones,Electronics,5,3000,15000,Pune,Debit Card,2026-04-30,6
300,5678,Urmi Sha,Headphones,Electronics,5,3000,15000,Kolkata,Credit Card,2026-01-02,1
301,8406,Raghav Jain,Phone,Electronics,1,25000,25000,Bengaluru,Cash on Delivery,2026-05-27,1
302,6692,Indali Natt,T-Shirt,Fashion,3,800,2400,Mumbai,Net Banking,2026-01-21,5
303,3580,Vidhi Rama,Phone,Electronics,3,25000,75000,Bengaluru,Debit Card,2026-03-07,5
304,3275,Abha Dash,Phone,Electronics,2,25000,50000,Hyderabad,Cash on Delivery,2026-06-16,1
305,7044,Geetika Kothari,Phone,Electronics,5,25000,125000,Kolkata,Net Banking,2026-04-24,2
306,2077,Rachita Sankar,Shoes,Fashion,1,2500,2500,Pune,Cash on Delivery,2026-01-20,6
307,7730,Ekiya Ganesan,Shoes,Fashion,5,2500,12500,Chennai,Net Banking,2026-01-20,1
308,2215,Nitara Bhargava,Phone,Electronics,3,25000,75000,Kolkata,Cash on Delivery,2026-08-02,6
309,3981,Upma Pall,Headphones,Electronics,2,3000,6000,Bengaluru,Cash on Delivery,2026-05-13,5
310,3034,Utkarsh Purohit,Book,Books,1,500,500,Bengaluru,Debit Card,2026-07-06,2
311,6669,Guneet Som,Phone,Electronics,2,25000,50000,Pune,UPI,2025-12-07,3
312,5496,Nikita Mangal,Phone,Electronics,5,25000,125000,Bengaluru,Debit Card,2026-03-16,5
313,3762,Falguni Naidu,Headphones,Electronics,5,3000,15000,Bengaluru,Credit Card,2026-01-08,6
314,6531,Gaurika Jhaveri,Shoes,Fashion,5,2500,12500,Delhi,UPI,2026-01-18,1
315,5336,Devika Gola,Laptop,Electronics,5,65000,325000,Hyderabad,Net Banking,2026-05-19,4
316,9159,Shivansh Korpal,Shoes,Fashion,1,2500,2500,Pune,Debit Card,2026-03-10,4
317,5873,Bhavna Varma,Phone,Electronics,4,25000,100000,Kolkata,UPI,2025-11-08,6
318,7809,Nathan Hegde,Laptop,Electronics,4,65000,260000,Kolkata,Cash on Delivery,2025-12-11,2
319,6121,Ethan Wali,Phone,Electronics,2,25000,50000,Ahmedabad,Debit Card,2026-07-13,4
320,9437,Chameli Jayaraman,Phone,Electronics,3,25000,75000,Mumbai,Debit Card,2026-04-03,2
321,8366,Amrita Gade,Headphones,Electronics,3,3000,9000,Hyderabad,Credit Card,2026-03-17,1
322,7850,Nikita Soni,Laptop,Electronics,4,65000,260000,Hyderabad,Credit Card,2025-12-07,7
323,6123,Kevin Master,Phone,Electronics,5,25000,125000,Hyderabad,Credit Card,2026-03-07,4
324,9171,Maanav Minhas,Bottle,Home,4,600,2400,Pune,Cash on Delivery,2026-01-21,1
325,9281,Vamakshi Chacko,Laptop,Electronics,4,65000,260000,Kolkata,Credit Card,2025-10-13,2
326,1828,Tanvi Chawla,Headphones,Electronics,1,3000,3000,Pune,Cash on Delivery,2025-12-10,5
327,5681,Manan Agarwal,Watch,Accessories,4,5000,20000,Delhi,UPI,2026-05-16,4
328,6992,Gagan Dash,Phone,Electronics,3,25000,75000,Chennai,Debit Card,2026-01-03,1
329,4189,Sanya Bhatia,Headphones,Electronics,5,3000,15000,Ahmedabad,Net Banking,2026-07-31,3
330,8378,Zinal Venkatesh,Laptop,Electronics,5,65000,325000,Pune,Net Banking,2026-01-22,6
331,2584,Nirja Lad,Shoes,Fashion,2,2500,5000,Chennai,Debit Card,2026-01-17,7
332,6990,Jeet Yogi,Bottle,Home,5,600,3000,Bengaluru,Credit Card,2026-03-13,5
333,1659,Ati Deo,Headphones,Electronics,5,3000,15000,Delhi,UPI,2026-06-13,2
334,9508,Ayaan Warrior,Shoes,Fashion,4,2500,10000,Kolkata,Credit Card,2026-05-28,5
335,6373,Divya Varughese,Watch,Accessories,2,5000,10000,Ahmedabad,Credit Card,2025-11-24,4
336,6511,Anirudh Gala,Bottle,Home,3,600,1800,Kolkata,Net Banking,2026-02-25,3
337,7035,Aditya Ganguly,Headphones,Electronics,1,3000,3000,Ahmedabad,UPI,2026-01-17,4
338,8775,Qarin Chanda,Headphones,Electronics,1,3000,3000,Pune,Net Banking,2026-05-09,5
339,8871,Mahika Nayar,Phone,Electronics,1,25000,25000,Bengaluru,Net Banking,2026-02-11,6
340,3421,Benjamin Verma,Shoes,Fashion,4,2500,10000,Hyderabad,UPI,2025-10-16,5
341,4125,Upma Sem,Desk,Furniture,1,7000,7000,Delhi,Cash on Delivery,2025-09-23,3
342,4340,Tanveer Lal,Headphones,Electronics,4,3000,12000,Chennai,Net Banking,2025-11-17,7
343,2020,Amaira Prabhu,Shoes,Fashion,4,2500,10000,Bengaluru,Net Banking,2026-06-12,2
344,9609,Darsh Grewal,Headphones,Electronics,4,3000,12000,Chennai,Debit Card,2026-05-19,2
345,6608,Manan Naik,Headphones,Electronics,5,3000,15000,Ahmedabad,Debit Card,2026-06-09,5
346,5571,Amara Prashad,Headphones,Electronics,2,3000,6000,Pune,Credit Card,2025-10-02,3
347,9011,Urishilla Srinivasan,T-Shirt,Fashion,2,800,1600,Ahmedabad,Cash on Delivery,2025-12-13,3
348,5715,Isha Deshmukh,Headphones,Electronics,3,3000,9000,Mumbai,Net Banking,2026-05-25,6
349,6654,Pallavi Nadkarni,Headphones,Electronics,4,3000,12000,Bengaluru,Debit Card,2026-07-29,1
350,6674,Urishilla Nazareth,Phone,Electronics,1,25000,25000,Kolkata,Debit Card,2026-06-25,6
351,9824,Chanchal Cherian,Headphones,Electronics,2,3000,6000,Pune,Net Banking,2025-08-12,6
352,4920,Nisha Aggarwal,Phone,Electronics,1,25000,25000,Hyderabad,UPI,2025-08-08,6
353,4814,Omisha Mandal,Book,Books,2,500,1000,Delhi,UPI,2026-03-17,4
354,2647,Owen Ganguly,Phone,Electronics,4,25000,100000,Bengaluru,UPI,2026-02-07,5
355,7666,Oliver Choudhry,Chair,Furniture,2,4000,8000,Kolkata,Cash on Delivery,2025-09-14,6
356,6262,Joshua Nagarajan,Phone,Electronics,3,25000,75000,Pune,UPI,2025-11-28,7
357,4804,Bhavna Vyas,Laptop,Electronics,5,65000,325000,Delhi,Credit Card,2025-11-10,4
358,1595,Turvi Hegde,Watch,Accessories,2,5000,10000,Chennai,Cash on Delivery,2026-01-02,2
359,1613,Hema Arya,Desk,Furniture,3,7000,21000,Delhi,Debit Card,2026-01-31,5
360,5662,Janya Rana,Shoes,Fashion,3,2500,7500,Kolkata,Net Banking,2025-11-10,5
361,9261,Kabir Upadhyay,Headphones,Electronics,2,3000,6000,Kolkata,Debit Card,2025-08-10,2
362,3662,Raagini Sura,T-Shirt,Fashion,3,800,2400,Kolkata,Debit Card,2026-04-05,6
363,5833,Ekiya Dixit,Phone,Electronics,3,25000,75000,Hyderabad,Credit Card,2025-11-09,5
364,8007,Ekta Batta,Watch,Accessories,4,5000,20000,Ahmedabad,UPI,2025-11-27,4
365,3303,Jagdish Bera,Shoes,Fashion,2,2500,5000,Kolkata,Debit Card,2026-05-12,2
366,4858,Qushi Gola,Laptop,Electronics,4,65000,260000,Kolkata,Debit Card,2026-03-12,3
367,1187,Sai Venkataraman,Phone,Electronics,5,25000,125000,Pune,Debit Card,2026-04-05,6
368,8625,Laksh Konda,Phone,Electronics,1,25000,25000,Pune,Credit Card,2026-03-26,4
369,2923,Hardik Shankar,Shoes,Fashion,3,2500,7500,Pune,Debit Card,2026-05-20,5
370,8834,Tanvi Majumdar,Phone,Electronics,2,25000,50000,Bengaluru,Cash on Delivery,2025-09-25,6
371,7813,Banjeet Dugar,Bottle,Home,3,600,1800,Kolkata,Net Banking,2026-03-06,7
372,5054,Daksh Dhillon,Shoes,Fashion,2,2500,5000,Mumbai,Net Banking,2025-12-01,4
373,2279,Chameli Parikh,Headphones,Electronics,3,3000,9000,Mumbai,UPI,2026-06-18,7
374,4312,Samar Thakur,Headphones,Electronics,5,3000,15000,Bengaluru,Credit Card,2025-08-27,3
375,2904,Yashoda Ahluwalia,Watch,Accessories,4,5000,20000,Hyderabad,Net Banking,2025-11-05,4
376,8298,Ekiya Shroff,Laptop,Electronics,5,65000,325000,Delhi,Cash on Delivery,2025-11-29,2
377,1945,Chandran Varkey,Headphones,Electronics,4,3000,12000,Kolkata,Debit Card,2026-05-29,6
378,1049,Xavier Bath,Laptop,Electronics,3,65000,195000,Hyderabad,Net Banking,2025-10-15,1
379,2044,Neelima Pandit,Laptop,Electronics,3,65000,195000,Delhi,UPI,2026-03-05,4
380,3948,Liam Borde,Laptop,Electronics,4,65000,260000,Bengaluru,Cash on Delivery,2025-10-10,3
381,8348,Kevin Narula,Bottle,Home,4,600,2400,Chennai,Cash on Delivery,2026-06-26,1
382,3178,Waida Mani,Shoes,Fashion,5,2500,12500,Ahmedabad,UPI,2026-07-03,2
383,9664,Adweta Pal,Bottle,Home,4,600,2400,Bengaluru,Credit Card,2026-07-10,7
384,5888,Avni Ratta,Laptop,Electronics,1,65000,65000,Kolkata,Net Banking,2025-12-15,4
385,5055,Bhavini Mistry,Headphones,Electronics,2,3000,6000,Kolkata,Debit Card,2026-01-13,2
386,1527,Samaksh Narayanan,Phone,Electronics,1,25000,25000,Chennai,Net Banking,2026-04-23,7
387,4943,Adweta Tailor,Desk,Furniture,1,7000,7000,Hyderabad,UPI,2025-10-17,1
388,1797,Jackson Sankaran,Headphones,Electronics,4,3000,12000,Hyderabad,UPI,2025-11-30,4
389,4559,Kavya Chandra,Headphones,Electronics,5,3000,15000,Delhi,Credit Card,2026-06-03,5
390,6224,Charvi Chaudhari,Bottle,Home,2,600,1200,Ahmedabad,Credit Card,2025-08-23,3
391,4621,David Rajan,Watch,Accessories,5,5000,25000,Chennai,Debit Card,2026-03-16,3
392,3869,Geetika Chawla,Laptop,Electronics,5,65000,325000,Chennai,Net Banking,2026-02-28,4
393,7244,Baghyawati Yohannan,Laptop,Electronics,3,65000,195000,Ahmedabad,Cash on Delivery,2025-08-25,4
394,4012,Leena Kalla,Phone,Electronics,4,25000,100000,Kolkata,Credit Card,2025-12-31,7
395,8586,Dayamai Murthy,Phone,Electronics,2,25000,50000,Delhi,Net Banking,2026-07-19,4
396,9683,Rajeshri Iyer,Chair,Furniture,5,4000,20000,Bengaluru,Cash on Delivery,2025-11-18,2
397,2295,Quincy Dora,Phone,Electronics,3,25000,75000,Kolkata,Debit Card,2026-01-30,1
398,1844,Hitesh Misra,Headphones,Electronics,2,3000,6000,Pune,Cash on Delivery,2025-10-29,6
399,2192,Laban Bhatt,Shoes,Fashion,1,2500,2500,Hyderabad,Net Banking,2026-04-09,6
400,8854,Wahab Bala,Shoes,Fashion,2,2500,5000,Hyderabad,Debit Card,2025-11-12,3
401,4470,Falguni Upadhyay,Chair,Furniture,1,4000,4000,Hyderabad,UPI,2026-05-23,6
402,4974,Gaurangi Char,Bottle,Home,4,600,2400,Hyderabad,Cash on Delivery,2026-04-08,2
403,7236,Kevin Kohli,Headphones,Electronics,3,3000,9000,Kolkata,Net Banking,2025-09-01,6
404,6892,Chakradev Subramanian,Phone,Electronics,3,25000,75000,Kolkata,Cash on Delivery,2026-02-09,1
405,6246,Gaurangi Narain,T-Shirt,Fashion,4,800,3200,Hyderabad,Debit Card,2026-06-01,3
406,4625,Azad Nagi,Headphones,Electronics,5,3000,15000,Bengaluru,UPI,2025-09-24,3
407,7841,Avni Bhavsar,Headphones,Electronics,5,3000,15000,Pune,Credit Card,2025-11-27,2
408,5026,Qushi Krishnamurthy,Phone,Electronics,4,25000,100000,Kolkata,Net Banking,2025-09-17,6
409,5216,Pooja Dugar,Desk,Furniture,3,7000,21000,Kolkata,Cash on Delivery,2026-01-04,4
410,3773,Keya Puri,Phone,Electronics,3,25000,75000,Bengaluru,Net Banking,2026-01-10,4
411,1962,Oliver Karpe,Phone,Electronics,5,25000,125000,Delhi,UPI,2026-01-18,7
412,7756,Mahika Dugar,Shoes,Fashion,1,2500,2500,Bengaluru,Credit Card,2026-02-14,1
413,4583,Siya Magar,Shoes,Fashion,1,2500,2500,Kolkata,Debit Card,2026-06-03,1
414,8916,Panini Handa,Shoes,Fashion,5,2500,12500,Kolkata,UPI,2025-11-02,1
415,1194,Saanvi Bahri,Headphones,Electronics,4,3000,12000,Delhi,Net Banking,2026-04-02,6
416,1280,Tanveer Batta,Phone,Electronics,3,25000,75000,Chennai,Credit Card,2026-02-08,1
417,3439,Hredhaan Balan,Book,Books,5,500,2500,Hyderabad,Credit Card,2025-08-29,5
418,5379,Jacob Anand,Headphones,Electronics,3,3000,9000,Chennai,UPI,2026-01-03,3
419,4984,Gavin Ramakrishnan,Chair,Furniture,4,4000,16000,Hyderabad,Debit Card,2025-11-03,6
420,1519,Timothy Narayan,T-Shirt,Fashion,1,800,800,Mumbai,Cash on Delivery,2026-04-30,4
421,1919,Jalsa Nagy,Phone,Electronics,4,25000,100000,Delhi,Credit Card,2026-07-12,1
422,6427,Robert Mall,Headphones,Electronics,4,3000,12000,Mumbai,Net Banking,2026-02-27,1
423,8790,Qasim Kala,Phone,Electronics,5,25000,125000,Pune,UPI,2026-07-25,1
424,9897,Panini Vaidya,Shoes,Fashion,3,2500,7500,Delhi,Credit Card,2026-03-25,7
425,3362,Pahal Yadav,Phone,Electronics,2,25000,50000,Chennai,UPI,2025-09-25,3
426,7375,Krishna Bhandari,Phone,Electronics,2,25000,50000,Ahmedabad,Cash on Delivery,2026-06-13,7
427,9204,Logan Kamdar,Shoes,Fashion,1,2500,2500,Ahmedabad,UPI,2026-02-11,1
428,6580,Krishna Shankar,Headphones,Electronics,1,3000,3000,Chennai,Debit Card,2025-12-13,1
429,9038,Nachiket Dass,Shoes,Fashion,4,2500,10000,Hyderabad,Debit Card,2025-10-19,5
430,4043,Finn Hegde,Desk,Furniture,4,7000,28000,Chennai,UPI,2026-01-19,7
431,2204,Wahab Vala,Shoes,Fashion,2,2500,5000,Mumbai,Debit Card,2026-03-23,2
432,7383,Vansha Dutt,Phone,Electronics,2,25000,50000,Ahmedabad,Debit Card,2025-08-16,1
433,8286,Harrison Issac,Laptop,Electronics,3,65000,195000,Ahmedabad,Debit Card,2025-11-18,1
434,8061,Kashish Bhargava,Phone,Electronics,2,25000,50000,Kolkata,Net Banking,2025-11-02,5
435,1430,Wriddhish Madan,Headphones,Electronics,1,3000,3000,Mumbai,Debit Card,2025-08-31,5
436,6315,Vaishnavi Rattan,Laptop,Electronics,5,65000,325000,Chennai,UPI,2025-11-12,3
437,4977,Dominic Bahri,Headphones,Electronics,1,3000,3000,Bengaluru,Cash on Delivery,2025-09-03,2
438,5397,Lavanya Tak,Phone,Electronics,3,25000,75000,Kolkata,Credit Card,2025-11-07,1
439,7899,Chavvi Goda,Phone,Electronics,3,25000,75000,Pune,Cash on Delivery,2025-10-06,7
440,5040,Lila Das,Laptop,Electronics,3,65000,195000,Kolkata,Net Banking,2026-04-14,5
441,3219,Ishaan Mahajan,Phone,Electronics,1,25000,25000,Pune,UPI,2026-04-08,4
442,7224,Ranbir Bandi,Phone,Electronics,5,25000,125000,Ahmedabad,Cash on Delivery,2026-01-07,3
443,3230,Harshil Narayanan,Headphones,Electronics,5,3000,15000,Pune,Debit Card,2025-08-18,5
444,8848,Priya Choudhry,Desk,Furniture,2,7000,14000,Ahmedabad,Credit Card,2026-06-28,4
445,9044,Akshay Jha,Chair,Furniture,3,4000,12000,Hyderabad,Debit Card,2026-08-07,4
446,6980,Triveni Jain,Phone,Electronics,4,25000,100000,Mumbai,Net Banking,2026-05-10,2
447,3947,Damini Sem,Headphones,Electronics,5,3000,15000,Delhi,Cash on Delivery,2025-12-02,6
448,2133,Saumya Parekh,Phone,Electronics,3,25000,75000,Chennai,Cash on Delivery,2025-11-06,2
449,5139,Dayita Vora,Shoes,Fashion,2,2500,5000,Bengaluru,Cash on Delivery,2025-10-29,7
450,8851,Osha Walla,Phone,Electronics,4,25000,100000,Chennai,Net Banking,2025-08-20,5
451,9907,Kiaan Mital,Book,Books,4,500,2000,Delhi,Debit Card,2026-03-21,6
452,2392,Fitan Kakar,Watch,Accessories,5,5000,25000,Mumbai,Credit Card,2025-11-11,6
453,1725,Wahab Chakrabarti,Shoes,Fashion,2,2500,5000,Chennai,Debit Card,2026-05-04,7
454,2615,Hema Date,Headphones,Electronics,1,3000,3000,Pune,Credit Card,2025-12-02,5
455,4621,Naksh Andra,Shoes,Fashion,5,2500,12500,Kolkata,Debit Card,2026-02-13,4
456,9199,Hemal Pandey,Headphones,Electronics,5,3000,15000,Bengaluru,Debit Card,2025-10-21,1
457,7815,Brinda Manne,Headphones,Electronics,3,3000,9000,Mumbai,UPI,2026-04-12,7
458,6707,Geetika Kaur,Desk,Furniture,2,7000,14000,Pune,Debit Card,2025-10-19,4
459,8912,Aadi Garde,T-Shirt,Fashion,5,800,4000,Ahmedabad,Cash on Delivery,2026-02-17,1
460,6225,Aarav Pai,Headphones,Electronics,4,3000,12000,Mumbai,Debit Card,2025-10-18,1
461,1370,Ekapad Bains,T-Shirt,Fashion,1,800,800,Ahmedabad,UPI,2026-05-03,6
462,9454,Aashi Goyal,T-Shirt,Fashion,2,800,1600,Bengaluru,Net Banking,2025-10-16,2
463,8570,Ekalinga Trivedi,Phone,Electronics,4,25000,100000,Hyderabad,Cash on Delivery,2026-02-15,6
464,7481,Anusha Khalsa,Phone,Electronics,4,25000,100000,Delhi,Net Banking,2026-05-14,2
465,7370,Damini Madan,Headphones,Electronics,4,3000,12000,Delhi,Credit Card,2025-09-29,2
466,2667,Upadhriti Bassi,Phone,Electronics,1,25000,25000,Bengaluru,Debit Card,2026-03-27,3
467,5298,Suhani Nadkarni,Phone,Electronics,1,25000,25000,Kolkata,Net Banking,2026-03-09,6
468,7431,William Batra,Phone,Electronics,4,25000,100000,Mumbai,Debit Card,2026-02-03,3
469,3826,Tejas Memon,T-Shirt,Fashion,5,800,4000,Pune,Net Banking,2025-09-28,5
470,6131,Chakradev Mohan,Laptop,Electronics,2,65000,130000,Mumbai,Credit Card,2026-07-10,3
471,3316,Jason Issac,Phone,Electronics,3,25000,75000,Chennai,Cash on Delivery,2026-05-04,5
472,7931,Ekapad Chaudhari,Phone,Electronics,4,25000,100000,Bengaluru,Cash on Delivery,2025-11-15,6
473,3733,Abdul Biswas,Headphones,Electronics,2,3000,6000,Kolkata,Debit Card,2025-12-18,2
474,1878,Rehaan Barman,Phone,Electronics,4,25000,100000,Ahmedabad,UPI,2025-09-12,4
475,9281,Isaac Rege,Phone,Electronics,4,25000,100000,Kolkata,Cash on Delivery,2025-09-18,6
476,9006,Dominic Barad,Headphones,Electronics,4,3000,12000,Bengaluru,UPI,2026-06-02,5
477,5785,Frederick Kara,Laptop,Electronics,2,65000,130000,Delhi,Debit Card,2026-06-26,2
478,8492,Farhan Sama,Headphones,Electronics,2,3000,6000,Kolkata,Net Banking,2026-06-07,5
479,5389,Qasim Sathe,Phone,Electronics,1,25000,25000,Ahmedabad,Net Banking,2026-02-08,7
480,9951,Ati Hora,T-Shirt,Fashion,4,800,3200,Hyderabad,Cash on Delivery,2026-04-04,1
481,5877,Harini Shroff,Shoes,Fashion,2,2500,5000,Delhi,Cash on Delivery,2025-10-03,3
482,8193,Anvi Kata,Phone,Electronics,1,25000,25000,Mumbai,Credit Card,2026-07-09,2
483,6744,Nitara Sharaf,T-Shirt,Fashion,5,800,4000,Chennai,Credit Card,2026-06-29,5
484,4390,Shivani Narayanan,Phone,Electronics,2,25000,50000,Delhi,Net Banking,2026-01-12,3
485,9827,Advik Chaudhry,Headphones,Electronics,5,3000,15000,Bengaluru,Debit Card,2025-12-04,6
486,5380,Nidhi Kari,Phone,Electronics,5,25000,125000,Mumbai,Credit Card,2025-12-24,7
487,5543,Fiyaz Dugar,T-Shirt,Fashion,1,800,800,Bengaluru,Credit Card,2025-08-26,2
488,5055,Harinakshi Dugal,Phone,Electronics,3,25000,75000,Chennai,Cash on Delivery,2025-10-19,2
489,7786,Advay Sibal,Headphones,Electronics,3,3000,9000,Chennai,Cash on Delivery,2026-08-04,1
490,7600,Yochana Bhatnagar,Shoes,Fashion,1,2500,2500,Pune,Debit Card,2026-07-16,4
491,1040,Samar Basu,Chair,Furniture,3,4000,12000,Mumbai,Cash on Delivery,2025-12-04,6
492,2037,Matthew Rana,Shoes,Fashion,3,2500,7500,Chennai,Credit Card,2025-09-29,4
493,5399,Udarsh Dewan,T-Shirt,Fashion,4,800,3200,Ahmedabad,Debit Card,2025-11-12,3
494,8951,Saumya Aggarwal,Headphones,Electronics,2,3000,6000,Ahmedabad,UPI,2025-09-08,1
495,1266,Logan Merchant,Laptop,Electronics,4,65000,260000,Mumbai,Credit Card,2026-05-12,4
496,4314,Chandani Maharaj,Headphones,Electronics,4,3000,12000,Bengaluru,Debit Card,2026-01-26,2
497,2529,Eshana Ramesh,Watch,Accessories,3,5000,15000,Ahmedabad,Debit Card,2026-07-21,1
498,1848,Sneha Butala,Phone,Electronics,2,25000,50000,Chennai,Debit Card,2026-06-01,6
499,8032,Zarna Natarajan,Shoes,Fashion,2,2500,5000,Mumbai,UPI,2025-09-19,1
500,3174,Meghana Mand,Phone,Electronics,1,25000,25000,Hyderabad,Net Banking,2026-02-03,6
501,6629,Aryan Dass,Headphones,Electronics,1,3000,3000,Mumbai,Cash on Delivery,2026-03-05,6
502,4751,Urvashi Datta,Phone,Electronics,1,25000,25000,Chennai,UPI,2026-07-09,6
503,6133,Barkha Singh,T-Shirt,Fashion,1,800,800,Ahmedabad,Debit Card,2025-11-27,2
504,3340,Aarav Grewal,Phone,Electronics,2,25000,50000,Mumbai,Net Banking,2025-09-07,5
505,8210,Omaja Savant,Laptop,Electronics,2,65000,130000,Ahmedabad,Credit Card,2025-08-10,6
506,8248,Brijesh Nagar,Shoes,Fashion,4,2500,10000,Hyderabad,UPI,2026-03-22,1
507,7291,Nilima Keer,Phone,Electronics,1,25000,25000,Ahmedabad,Cash on Delivery,2025-12-13,3
508,5537,Hemani Mitra,T-Shirt,Fashion,2,800,1600,Mumbai,Credit Card,2025-09-26,5
509,5668,Fiyaz Ram,Shoes,Fashion,5,2500,12500,Delhi,Debit Card,2026-07-19,2
510,4090,Ekansh Mukhopadhyay,Headphones,Electronics,5,3000,15000,Chennai,Debit Card,2026-07-21,6
511,9108,Indrajit Banik,Laptop,Electronics,2,65000,130000,Chennai,UPI,2025-08-08,2
512,2163,Chatura Krish,Headphones,Electronics,5,3000,15000,Delhi,Debit Card,2025-09-09,3
513,7895,Zaitra Toor,Phone,Electronics,5,25000,125000,Ahmedabad,Net Banking,2025-11-05,6
514,2195,Dalbir Bal,Phone,Electronics,4,25000,100000,Delhi,Net Banking,2026-04-03,1
515,1652,Suhani Khanna,Laptop,Electronics,2,65000,130000,Delhi,Cash on Delivery,2026-06-24,5
516,7806,Advay Bir,Phone,Electronics,5,25000,125000,Chennai,Cash on Delivery,2026-06-13,1
517,3501,Madhav Tripathi,Shoes,Fashion,5,2500,12500,Pune,UPI,2026-03-30,3
518,3545,Gagan Ramachandran,Laptop,Electronics,2,65000,130000,Ahmedabad,Cash on Delivery,2025-10-28,5
519,6081,Amol Doctor,Shoes,Fashion,1,2500,2500,Chennai,Credit Card,2025-12-22,1
520,2900,Gauri Hayer,Phone,Electronics,4,25000,100000,Kolkata,Net Banking,2026-01-13,5
521,2956,Osha Mital,Laptop,Electronics,2,65000,130000,Delhi,Credit Card,2025-12-11,6
522,6680,Balveer Bhatt,Laptop,Electronics,4,65000,260000,Pune,Credit Card,2026-07-23,3
523,2934,Omya Nath,Phone,Electronics,3,25000,75000,Delhi,Debit Card,2025-10-16,7
524,2046,Zinal Chahal,Headphones,Electronics,5,3000,15000,Pune,Net Banking,2025-08-15,6
525,9368,Anmol Bora,Laptop,Electronics,4,65000,260000,Ahmedabad,UPI,2026-03-30,4
526,7024,Pooja Vala,Watch,Accessories,2,5000,10000,Bengaluru,Debit Card,2026-04-07,7
527,2889,Nihal Randhawa,Phone,Electronics,5,25000,125000,Hyderabad,Net Banking,2026-02-23,1
528,5006,Jairaj Roy,Laptop,Electronics,1,65000,65000,Delhi,Cash on Delivery,2026-02-24,3
529,3932,Vedhika Sabharwal,Phone,Electronics,2,25000,50000,Delhi,Net Banking,2026-06-14,7
530,4678,Isaac Ganesh,Book,Books,4,500,2000,Ahmedabad,Credit Card,2025-09-05,4
531,5444,Gaurang Kade,Book,Books,3,500,1500,Mumbai,Net Banking,2026-02-05,3
532,3938,Yadavi Padmanabhan,Phone,Electronics,1,25000,25000,Hyderabad,Net Banking,2025-10-23,1
533,8620,Widisha Deol,Chair,Furniture,1,4000,4000,Pune,Debit Card,2025-12-13,3
534,1130,Aarna Deep,Laptop,Electronics,4,65000,260000,Ahmedabad,Credit Card,2025-10-30,3
535,4974,Lohit Devi,Headphones,Electronics,3,3000,9000,Kolkata,Debit Card,2026-07-20,5
536,9954,Harita Arora,Chair,Furniture,2,4000,8000,Hyderabad,Credit Card,2026-01-06,1
537,4817,Sathvik Lanka,Desk,Furniture,1,7000,7000,Ahmedabad,UPI,2026-01-19,3
538,6038,Sudiksha Varty,Laptop,Electronics,4,65000,260000,Mumbai,Credit Card,2026-03-20,5
539,9061,Naveen Dar,Bottle,Home,4,600,2400,Delhi,Credit Card,2026-03-02,6
540,4792,Oeshi Virk,Phone,Electronics,1,25000,25000,Chennai,Debit Card,2026-07-23,4
541,2565,Indali Chahal,Chair,Furniture,1,4000,4000,Bengaluru,Cash on Delivery,2026-08-06,1
542,8126,Tamanna Bala,Headphones,Electronics,1,3000,3000,Bengaluru,Credit Card,2025-10-07,3
543,7438,Zayan Bandi,Phone,Electronics,3,25000,75000,Ahmedabad,Debit Card,2026-06-28,4
544,4321,Ryan Balan,Phone,Electronics,1,25000,25000,Bengaluru,Net Banking,2025-12-18,1
545,8365,Lakshmi Biswas,Phone,Electronics,2,25000,50000,Kolkata,Debit Card,2026-02-03,4
546,4401,Anthony Krish,Phone,Electronics,3,25000,75000,Kolkata,Debit Card,2025-08-17,4
547,2481,Aachal Chanda,Phone,Electronics,1,25000,25000,Bengaluru,Debit Card,2026-07-02,7
548,1660,Chasmum Mand,Shoes,Fashion,5,2500,12500,Hyderabad,Debit Card,2026-06-15,2
549,6828,Faqid Parekh,Laptop,Electronics,2,65000,130000,Chennai,Net Banking,2025-10-14,1
550,3848,Dayamai Dugal,Shoes,Fashion,3,2500,7500,Delhi,Cash on Delivery,2025-10-11,7
551,5093,Ekantika Solanki,Headphones,Electronics,5,3000,15000,Mumbai,Cash on Delivery,2025-09-19,1
552,2989,Hemani Bal,T-Shirt,Fashion,2,800,1600,Delhi,UPI,2026-02-25,7
553,3141,Ekansh Sen,T-Shirt,Fashion,2,800,1600,Hyderabad,Cash on Delivery,2026-07-11,3
554,5240,Rajata Dhar,Shoes,Fashion,1,2500,2500,Mumbai,UPI,2026-06-24,1
555,3110,Gabriel Manda,Phone,Electronics,4,25000,100000,Mumbai,Debit Card,2025-09-07,1
556,1829,Manan Thakur,Laptop,Electronics,4,65000,260000,Bengaluru,Net Banking,2025-12-22,4
557,9128,Theodore Srinivas,T-Shirt,Fashion,4,800,3200,Delhi,Cash on Delivery,2026-06-16,6
558,4517,Devansh Keer,Headphones,Electronics,3,3000,9000,Bengaluru,Debit Card,2026-07-26,3
559,1567,Faris Palla,Headphones,Electronics,2,3000,6000,Hyderabad,Debit Card,2025-11-16,4
560,8848,Vansha Dugar,Headphones,Electronics,5,3000,15000,Delhi,UPI,2026-02-12,3
561,4267,Damini Magar,Phone,Electronics,4,25000,100000,Hyderabad,Net Banking,2026-04-02,7
562,6883,Praneel Mallick,Laptop,Electronics,4,65000,260000,Kolkata,Net Banking,2026-02-22,7
563,9231,Balhaar Nath,Headphones,Electronics,5,3000,15000,Ahmedabad,Cash on Delivery,2025-11-26,3
564,4588,Laban Karpe,Phone,Electronics,3,25000,75000,Delhi,Debit Card,2026-05-28,1
565,9674,Bina Krishnan,T-Shirt,Fashion,4,800,3200,Ahmedabad,Net Banking,2025-10-22,2
566,5060,Harish Chahal,Chair,Furniture,1,4000,4000,Hyderabad,Debit Card,2026-07-04,5
567,4594,Manthan Grewal,T-Shirt,Fashion,1,800,800,Chennai,Debit Card,2025-09-30,7
568,3885,Yahvi Kibe,Bottle,Home,2,600,1200,Hyderabad,Net Banking,2025-10-07,3
569,1462,Dominic Loke,T-Shirt,Fashion,3,800,2400,Ahmedabad,Net Banking,2026-02-21,5
570,9064,Wahab Koshy,Phone,Electronics,2,25000,50000,Pune,Credit Card,2026-07-16,4
571,4811,Yamini Samra,Laptop,Electronics,1,65000,65000,Hyderabad,UPI,2026-01-14,5
572,4300,Janaki Agrawal,Headphones,Electronics,3,3000,9000,Bengaluru,Debit Card,2025-08-21,6
573,1975,Shivansh Garg,Phone,Electronics,3,25000,75000,Delhi,Credit Card,2026-01-03,5
574,2817,Michael Nayar,Shoes,Fashion,2,2500,5000,Ahmedabad,UPI,2026-06-09,3
575,2655,Jeremiah Sangha,Shoes,Fashion,4,2500,10000,Ahmedabad,Debit Card,2026-01-11,3
576,8157,Gaurika Borra,Phone,Electronics,2,25000,50000,Kolkata,Debit Card,2026-05-25,2
577,6846,Saanvi Luthra,Shoes,Fashion,5,2500,12500,Hyderabad,Net Banking,2025-12-31,7
578,5825,Manbir Basak,Phone,Electronics,3,25000,75000,Bengaluru,Credit Card,2026-03-03,6
579,7415,Aditya Dar,Laptop,Electronics,5,65000,325000,Delhi,Credit Card,2026-01-11,5
580,4619,Bimala Deep,Phone,Electronics,5,25000,125000,Mumbai,Cash on Delivery,2026-01-17,2
581,4899,Brinda Lalla,Phone,Electronics,1,25000,25000,Ahmedabad,Debit Card,2026-05-29,2
582,6500,Oeshi Saha,Shoes,Fashion,1,2500,2500,Kolkata,UPI,2026-03-16,3
583,6742,Yashica Brahmbhatt,Phone,Electronics,1,25000,25000,Pune,UPI,2026-03-06,6
584,8179,Samaksh Bhattacharyya,Laptop,Electronics,4,65000,260000,Chennai,Credit Card,2025-08-13,4
585,6754,Vasatika Mittal,Headphones,Electronics,4,3000,12000,Chennai,UPI,2026-07-15,7
586,4695,Radha Brar,Headphones,Electronics,5,3000,15000,Bengaluru,Cash on Delivery,2025-09-11,1
587,5831,Rachita Bhalla,T-Shirt,Fashion,1,800,800,Delhi,Debit Card,2026-04-18,3
588,6600,Riya Gala,Chair,Furniture,1,4000,4000,Bengaluru,Cash on Delivery,2025-09-30,2
589,2525,Jagvi Jayaraman,Shoes,Fashion,5,2500,12500,Ahmedabad,Net Banking,2025-10-09,5
590,8066,Yashoda Chokshi,Watch,Accessories,1,5000,5000,Bengaluru,Net Banking,2026-08-07,4
591,6424,Udarsh Shankar,Phone,Electronics,1,25000,25000,Hyderabad,Credit Card,2026-05-23,4
592,5346,Yashica Dewan,Shoes,Fashion,5,2500,12500,Pune,Debit Card,2025-08-15,2
593,9043,Divya Nazareth,Laptop,Electronics,4,65000,260000,Bengaluru,UPI,2026-05-27,3
594,5825,Yatan Bhatt,Laptop,Electronics,1,65000,65000,Kolkata,Credit Card,2026-05-19,1
595,5781,Odika Mital,Laptop,Electronics,2,65000,130000,Mumbai,Cash on Delivery,2026-06-17,7
596,8715,Yadavi Wali,Phone,Electronics,4,25000,100000,Kolkata,Debit Card,2025-08-18,1
597,4029,Wakeeta Garde,Shoes,Fashion,4,2500,10000,Ahmedabad,Cash on Delivery,2026-07-10,3
598,5313,Vasudha Yogi,Phone,Electronics,1,25000,25000,Kolkata,Cash on Delivery,2025-12-29,3
599,2009,Rehaan Rajan,Phone,Electronics,3,25000,75000,Bengaluru,UPI,2026-03-01,1
600,7782,Wyatt Talwar,Shoes,Fashion,5,2500,12500,Hyderabad,Net Banking,2026-08-03,1
601,7858,Naveen Mallick,T-Shirt,Fashion,5,800,4000,Kolkata,Net Banking,2026-06-01,2
602,7468,Lohit Varughese,Headphones,Electronics,1,3000,3000,Delhi,Net Banking,2026-08-04,5
603,3415,Yachana Prashad,Book,Books,5,500,2500,Mumbai,Cash on Delivery,2026-07-24,2
604,4471,Hemal Ahluwalia,Desk,Furniture,2,7000,14000,Hyderabad,Credit Card,2025-11-12,1
605,4308,Kalpit Rout,Headphones,Electronics,4,3000,12000,Bengaluru,Net Banking,2025-09-29,3
606,2425,Mason Ravi,Phone,Electronics,1,25000,25000,Chennai,Net Banking,2026-05-16,4
607,9514,Ucchal Choudhury,Headphones,Electronics,3,3000,9000,Kolkata,UPI,2025-10-30,7
608,9561,Tamanna Mohan,Shoes,Fashion,5,2500,12500,Chennai,UPI,2025-10-02,4
609,2641,Chandresh Bassi,Phone,Electronics,5,25000,125000,Mumbai,Net Banking,2025-08-23,7
610,9775,Hiral Khanna,Phone,Electronics,3,25000,75000,Ahmedabad,Cash on Delivery,2026-08-02,3
611,8750,Yadavi Sant,Phone,Electronics,4,25000,100000,Delhi,Credit Card,2026-05-24,3
612,7581,Abhiram Bhagat,Headphones,Electronics,5,3000,15000,Delhi,Cash on Delivery,2025-11-05,3
613,8785,Nathaniel Minhas,Shoes,Fashion,1,2500,2500,Pune,Debit Card,2026-02-24,1
614,6094,Advika Gole,Phone,Electronics,3,25000,75000,Pune,Cash on Delivery,2026-07-23,7
615,4734,Aradhana Balay,Shoes,Fashion,1,2500,2500,Bengaluru,Debit Card,2026-07-26,6
616,5414,Hitesh Brar,Headphones,Electronics,3,3000,9000,Chennai,Net Banking,2026-05-22,6
617,4463,Harrison Kapur,Laptop,Electronics,4,65000,260000,Chennai,Cash on Delivery,2026-02-14,7
618,1920,Nandini Acharya,Headphones,Electronics,3,3000,9000,Bengaluru,UPI,2026-01-09,3
619,3222,Hemal Keer,Shoes,Fashion,4,2500,10000,Delhi,Credit Card,2026-06-24,2
620,1944,Dominic Mohanty,Watch,Accessories,2,5000,10000,Hyderabad,UPI,2025-10-19,4
621,4262,Girik Sachdev,Laptop,Electronics,3,65000,195000,Pune,Debit Card,2026-02-10,7
622,3029,Balveer Gala,Headphones,Electronics,4,3000,12000,Delhi,Credit Card,2026-07-19,3
623,3909,Daksh Bhandari,Headphones,Electronics,4,3000,12000,Kolkata,Net Banking,2025-12-07,5
624,5237,Chavvi Bhandari,Phone,Electronics,2,25000,50000,Mumbai,Debit Card,2026-07-16,1
625,4511,Timothy Sahni,Phone,Electronics,2,25000,50000,Hyderabad,Credit Card,2026-01-05,6
626,9409,Mahika Mishra,Phone,Electronics,4,25000,100000,Delhi,UPI,2026-07-25,4
627,1138,Priya Sunder,Book,Books,2,500,1000,Hyderabad,Debit Card,2026-04-12,5
628,5511,Jason Shere,T-Shirt,Fashion,3,800,2400,Chennai,Cash on Delivery,2026-06-27,7
629,4575,Vinaya Grewal,Phone,Electronics,3,25000,75000,Kolkata,Debit Card,2026-05-04,6
630,7506,Gunbir Bhattacharyya,Headphones,Electronics,5,3000,15000,Mumbai,UPI,2026-02-27,5
631,5631,Unni Ghose,Bottle,Home,3,600,1800,Pune,UPI,2026-01-30,4
632,6327,Laksh Viswanathan,Laptop,Electronics,3,65000,195000,Pune,Debit Card,2025-11-08,6
633,4086,Reyansh Agate,Shoes,Fashion,3,2500,7500,Bengaluru,Net Banking,2026-01-11,7
634,7620,Bhavani Nanda,Phone,Electronics,1,25000,25000,Ahmedabad,Credit Card,2025-11-15,6
635,5843,Tanvi Chaudhari,Laptop,Electronics,4,65000,260000,Pune,Cash on Delivery,2025-11-24,4
636,4111,Eshana Grover,Phone,Electronics,1,25000,25000,Ahmedabad,Credit Card,2026-01-29,6
637,6873,Aadi Anand,Headphones,Electronics,4,3000,12000,Pune,Credit Card,2025-10-28,7
638,3967,Yashoda Shere,Shoes,Fashion,5,2500,12500,Pune,UPI,2025-10-28,4
639,3999,Charan Varughese,Phone,Electronics,3,25000,75000,Ahmedabad,UPI,2026-03-29,2
640,7889,Samar Luthra,Phone,Electronics,3,25000,75000,Ahmedabad,Debit Card,2026-06-30,3
641,2929,Rajeshri Sethi,Headphones,Electronics,4,3000,12000,Kolkata,UPI,2025-12-19,7
642,2166,Wishi Madan,Shoes,Fashion,5,2500,12500,Kolkata,Credit Card,2026-02-01,5
643,9680,Hardik Thakur,Phone,Electronics,4,25000,100000,Pune,Cash on Delivery,2026-07-14,1
644,3250,Nidra Oza,Watch,Accessories,2,5000,10000,Hyderabad,Debit Card,2025-08-08,4
645,3346,Qasim Gupta,Bottle,Home,4,600,2400,Ahmedabad,Credit Card,2026-07-19,7
646,3897,Qasim Ganesh,Laptop,Electronics,3,65000,195000,Ahmedabad,UPI,2026-01-09,1
647,3762,Qadim Srinivas,Headphones,Electronics,2,3000,6000,Bengaluru,Cash on Delivery,2026-05-01,7
648,3120,Sai Hayre,T-Shirt,Fashion,1,800,800,Chennai,Cash on Delivery,2026-01-19,4
649,7280,Jagdish Ravi,Headphones,Electronics,4,3000,12000,Delhi,UPI,2026-01-26,5
650,1230,Yadavi Dani,Phone,Electronics,3,25000,75000,Ahmedabad,Net Banking,2026-02-09,2
651,5076,Zaitra Bhatti,Laptop,Electronics,1,65000,65000,Hyderabad,Debit Card,2026-04-07,3
652,9246,Jagat Malhotra,Phone,Electronics,4,25000,100000,Pune,Credit Card,2026-04-05,1
653,5764,Yug Mand,T-Shirt,Fashion,3,800,2400,Kolkata,Net Banking,2026-01-26,5
654,3192,Dhruv Gola,Headphones,Electronics,4,3000,12000,Ahmedabad,Cash on Delivery,2026-03-27,3
655,7609,Charita Loke,T-Shirt,Fashion,2,800,1600,Delhi,Credit Card,2026-07-10,2
656,4460,Matthew Thaman,Shoes,Fashion,2,2500,5000,Delhi,Net Banking,2026-06-26,5
657,1612,Dalbir Kota,Phone,Electronics,3,25000,75000,Chennai,Debit Card,2026-07-06,7
658,1785,Janani Malhotra,Headphones,Electronics,1,3000,3000,Mumbai,UPI,2026-04-05,1
659,8279,Riya Manda,Shoes,Fashion,4,2500,10000,Chennai,UPI,2025-10-18,5
660,4366,Janani Bala,Phone,Electronics,2,25000,50000,Delhi,Debit Card,2026-04-19,4
661,5423,Madhav Goyal,Shoes,Fashion,5,2500,12500,Bengaluru,Cash on Delivery,2026-05-06,7
662,2928,Naksh Bora,Watch,Accessories,5,5000,25000,Pune,UPI,2025-12-09,7
663,4272,Patrick Magar,Phone,Electronics,2,25000,50000,Pune,Net Banking,2026-01-31,2
664,5839,Wazir Sankaran,Phone,Electronics,4,25000,100000,Bengaluru,UPI,2026-06-19,5
665,8875,Harini Kibe,Headphones,Electronics,2,3000,6000,Ahmedabad,Credit Card,2025-08-30,1
666,2809,Gabriel Basu,Laptop,Electronics,1,65000,65000,Kolkata,Credit Card,2026-04-06,1
667,2659,Bahadurjit Gera,T-Shirt,Fashion,1,800,800,Pune,Credit Card,2026-03-25,4
668,5327,Victor Loyal,Bottle,Home,3,600,1800,Kolkata,UPI,2026-06-01,1
669,5760,Isaiah Sarma,T-Shirt,Fashion,1,800,800,Ahmedabad,Debit Card,2025-12-23,4
670,1751,Vedika Padmanabhan,Shoes,Fashion,1,2500,2500,Delhi,Credit Card,2025-09-11,6
671,6857,Odika Bajwa,Shoes,Fashion,3,2500,7500,Kolkata,Net Banking,2025-12-01,3
672,7105,Matthew Char,Watch,Accessories,1,5000,5000,Ahmedabad,Credit Card,2026-03-14,1
673,5453,Vivaan Verma,Headphones,Electronics,4,3000,12000,Chennai,Cash on Delivery,2026-04-06,7
674,2852,Samarth Golla,Headphones,Electronics,2,3000,6000,Bengaluru,UPI,2026-01-19,7
675,8908,Indrajit Borra,Phone,Electronics,4,25000,100000,Kolkata,Credit Card,2026-04-14,5
676,1472,Onkar Parsa,Phone,Electronics,3,25000,75000,Bengaluru,Cash on Delivery,2025-09-07,4
677,8220,Megha Choudhary,Phone,Electronics,4,25000,100000,Delhi,UPI,2026-02-21,3
678,9598,Yatin Chauhan,Shoes,Fashion,1,2500,2500,Hyderabad,Debit Card,2026-07-30,5
679,2560,Vyanjana Bobal,Headphones,Electronics,5,3000,15000,Chennai,Credit Card,2026-07-08,4
680,3435,Ati D’Alia,Phone,Electronics,4,25000,100000,Delhi,UPI,2025-12-29,6
681,8688,Kashish Datta,Desk,Furniture,5,7000,35000,Kolkata,Credit Card,2026-05-08,1
682,4946,Kritika Mann,T-Shirt,Fashion,3,800,2400,Ahmedabad,Debit Card,2025-09-05,1
683,7203,Kabir Sachar,Headphones,Electronics,5,3000,15000,Chennai,Credit Card,2025-11-11,1
684,8341,Kavya Bansal,Headphones,Electronics,5,3000,15000,Mumbai,Cash on Delivery,2026-07-15,4
685,1291,Peter Jaggi,Phone,Electronics,4,25000,100000,Mumbai,Cash on Delivery,2026-06-30,4
686,1002,Praneel Bail,Laptop,Electronics,5,65000,325000,Mumbai,Net Banking,2026-04-29,5
687,4389,Nirja Wason,Shoes,Fashion,5,2500,12500,Kolkata,Debit Card,2026-03-23,3
688,8445,Chandresh Pau,T-Shirt,Fashion,2,800,1600,Ahmedabad,Net Banking,2025-10-04,7
689,6952,Jagrati Kannan,Shoes,Fashion,4,2500,10000,Kolkata,UPI,2026-04-11,1
690,1035,Yuvraj Patel,T-Shirt,Fashion,2,800,1600,Ahmedabad,Debit Card,2026-01-23,7
691,9973,Manan Sankar,Shoes,Fashion,3,2500,7500,Ahmedabad,UPI,2025-09-22,1
692,3301,Amaira Bhasin,Watch,Accessories,4,5000,20000,Chennai,UPI,2025-12-26,3
693,2978,Madhav Zacharia,Shoes,Fashion,2,2500,5000,Chennai,Credit Card,2025-10-23,4
694,6536,Pooja Nanda,T-Shirt,Fashion,2,800,1600,Mumbai,Cash on Delivery,2026-02-18,1
695,3018,Lakshmi Ramesh,Book,Books,5,500,2500,Kolkata,Cash on Delivery,2026-07-31,6
696,3205,Upkaar Upadhyay,Headphones,Electronics,5,3000,15000,Kolkata,UPI,2025-09-26,5
697,8091,Caleb Thaker,Shoes,Fashion,5,2500,12500,Kolkata,Net Banking,2026-07-30,7
698,3845,Utkarsh Narula,Book,Books,2,500,1000,Bengaluru,UPI,2026-05-12,4
699,6273,Vaishnavi Dasgupta,Shoes,Fashion,5,2500,12500,Chennai,Cash on Delivery,2025-10-22,5
700,5482,Laksh Dayal,Book,Books,2,500,1000,Chennai,Debit Card,2025-10-31,3
701,3263,Jack Patla,Headphones,Electronics,2,3000,6000,Chennai,Net Banking,2025-10-29,6
702,5897,Mason Soni,Watch,Accessories,5,5000,25000,Ahmedabad,Net Banking,2025-08-20,6
703,5760,Zansi Dara,Phone,Electronics,2,25000,50000,Ahmedabad,Credit Card,2026-01-09,6
704,9255,Kritika Dave,Shoes,Fashion,2,2500,5000,Ahmedabad,UPI,2026-04-30,7
705,7839,Avni Sandal,Phone,Electronics,4,25000,100000,Pune,Cash on Delivery,2026-06-13,7
706,1414,Sathvik Garg,Laptop,Electronics,1,65000,65000,Chennai,Credit Card,2026-07-10,1
707,5374,Jonathan Shetty,Shoes,Fashion,2,2500,5000,Bengaluru,Debit Card,2025-09-26,6
708,5835,Inaya Dave,Phone,Electronics,1,25000,25000,Hyderabad,Net Banking,2026-01-02,1
709,2679,Sathvik Kapoor,Phone,Electronics,4,25000,100000,Hyderabad,Net Banking,2026-04-14,4
710,1769,Omya Prabhakar,Phone,Electronics,3,25000,75000,Chennai,Cash on Delivery,2025-11-20,4
711,1881,Sudiksha Chaudhary,Chair,Furniture,3,4000,12000,Delhi,Debit Card,2025-10-05,2
712,4695,Pranav Panchal,Shoes,Fashion,4,2500,10000,Ahmedabad,Net Banking,2026-04-30,5
713,4170,Wakeeta Mital,Shoes,Fashion,2,2500,5000,Pune,Cash on Delivery,2025-08-27,2
714,4063,Ekantika Bhalla,Bottle,Home,1,600,600,Bengaluru,Net Banking,2026-05-11,1
715,5572,Ronith Banik,Phone,Electronics,4,25000,100000,Pune,Credit Card,2026-04-27,2
716,1092,Yuvraj Memon,Headphones,Electronics,3,3000,9000,Ahmedabad,Cash on Delivery,2026-04-20,6
717,3518,Upasna Sidhu,Desk,Furniture,1,7000,7000,Ahmedabad,Net Banking,2026-07-10,1
718,5934,Yatin Balay,T-Shirt,Fashion,5,800,4000,Kolkata,Net Banking,2025-10-17,5
719,9608,Wyatt Lata,Phone,Electronics,3,25000,75000,Hyderabad,Credit Card,2025-10-23,5
720,3611,Ayaan Doshi,Laptop,Electronics,5,65000,325000,Chennai,Net Banking,2025-10-11,5
721,4624,Damyanti Tara,Headphones,Electronics,3,3000,9000,Hyderabad,Debit Card,2026-07-14,3
722,9691,Leena Dey,Phone,Electronics,2,25000,50000,Kolkata,Net Banking,2026-02-19,7
723,2879,Waida Mistry,T-Shirt,Fashion,1,800,800,Ahmedabad,Cash on Delivery,2026-02-04,2
724,4994,Vihaan Munshi,Book,Books,5,500,2500,Delhi,Debit Card,2026-02-27,4
725,7322,Abdul Bhat,Book,Books,1,500,500,Pune,Net Banking,2026-04-12,6
726,7143,Ekansh Shanker,Phone,Electronics,5,25000,125000,Kolkata,Cash on Delivery,2025-12-22,1
727,6248,Sara Sethi,Phone,Electronics,2,25000,50000,Mumbai,UPI,2025-12-26,2
728,9736,Gavin Buch,Chair,Furniture,5,4000,20000,Delhi,UPI,2025-11-16,2
729,7950,Leela Bhagat,Shoes,Fashion,2,2500,5000,Mumbai,Credit Card,2025-12-22,5
730,2181,Harsh Bal,T-Shirt,Fashion,4,800,3200,Bengaluru,UPI,2026-03-20,4
731,2433,Tejas Wable,Shoes,Fashion,1,2500,2500,Mumbai,UPI,2026-01-15,2
732,2154,Quincy Sunder,T-Shirt,Fashion,5,800,4000,Hyderabad,Debit Card,2026-03-24,4
733,8094,Arjun Dyal,Phone,Electronics,4,25000,100000,Ahmedabad,UPI,2026-07-13,4
734,1096,Devika Ratta,Shoes,Fashion,5,2500,12500,Mumbai,Net Banking,2025-09-09,1
735,6860,William Baria,Shoes,Fashion,1,2500,2500,Mumbai,Debit Card,2025-09-11,7
736,2417,Anay Mangal,Shoes,Fashion,5,2500,12500,Pune,Cash on Delivery,2026-01-31,4
737,8765,Reva Rajan,Phone,Electronics,1,25000,25000,Bengaluru,Net Banking,2025-08-23,2
738,9941,Jeet Madan,Phone,Electronics,4,25000,100000,Pune,Credit Card,2025-11-17,3
739,1182,Omkaar Bir,Shoes,Fashion,3,2500,7500,Bengaluru,UPI,2025-10-12,1
740,7456,Chaitanya Bhatnagar,Laptop,Electronics,5,65000,325000,Mumbai,Debit Card,2026-05-10,2
741,4469,Zinal Kamdar,Shoes,Fashion,3,2500,7500,Chennai,Net Banking,2025-11-03,2
742,5140,Varsha Sami,Phone,Electronics,2,25000,50000,Hyderabad,UPI,2026-04-10,2
743,1891,Jatin Bassi,Shoes,Fashion,5,2500,12500,Kolkata,Net Banking,2026-07-13,1
744,5107,Shivansh Ben,Phone,Electronics,1,25000,25000,Mumbai,Credit Card,2026-05-04,6
745,6851,Laban Vyas,Headphones,Electronics,3,3000,9000,Bengaluru,Credit Card,2026-04-24,1
746,4170,Wridesh Kamdar,Phone,Electronics,1,25000,25000,Ahmedabad,Cash on Delivery,2025-09-13,4
747,3496,Xiti Wable,Phone,Electronics,3,25000,75000,Ahmedabad,Debit Card,2026-03-20,4
748,5033,Urvi Comar,Phone,Electronics,3,25000,75000,Hyderabad,Cash on Delivery,2025-08-15,3
749,6432,Quincy Maharaj,T-Shirt,Fashion,2,800,1600,Kolkata,Cash on Delivery,2026-07-11,4
750,8978,Bakhshi Sabharwal,Phone,Electronics,3,25000,75000,Mumbai,Credit Card,2025-08-22,6
751,3293,Jeremiah Mutti,Shoes,Fashion,3,2500,7500,Hyderabad,Debit Card,2025-08-30,6
752,2235,Yatan Mani,Watch,Accessories,1,5000,5000,Delhi,Net Banking,2025-09-27,6
753,7637,Owen Dar,Laptop,Electronics,5,65000,325000,Hyderabad,UPI,2025-11-08,5
754,8734,Jatin Sarma,Phone,Electronics,5,25000,125000,Bengaluru,Debit Card,2025-12-31,4
755,5767,Damini Varughese,Phone,Electronics,5,25000,125000,Bengaluru,Cash on Delivery,2025-10-04,5
756,6961,Ekta Venkatesh,Headphones,Electronics,4,3000,12000,Delhi,Credit Card,2026-07-15,7
757,3717,Damini Bhasin,Chair,Furniture,5,4000,20000,Bengaluru,Cash on Delivery,2025-10-27,2
758,3395,Eiravati Madan,Phone,Electronics,5,25000,125000,Kolkata,Debit Card,2026-04-28,1
759,4796,Meera Kulkarni,Phone,Electronics,4,25000,100000,Mumbai,Debit Card,2026-06-21,3
760,9485,Bimala Garg,Phone,Electronics,2,25000,50000,Ahmedabad,Cash on Delivery,2026-05-26,4
761,1653,Sanaya Venkataraman,Book,Books,1,500,500,Ahmedabad,UPI,2026-06-16,6
762,5314,Utkarsh Kade,Chair,Furniture,3,4000,12000,Bengaluru,Cash on Delivery,2025-09-03,6
763,2275,Samuel Sahota,Phone,Electronics,5,25000,125000,Pune,Cash on Delivery,2025-09-24,2
764,6653,Guneet Krishna,Headphones,Electronics,3,3000,9000,Kolkata,Cash on Delivery,2026-07-07,5
765,8207,Girish Sridhar,Laptop,Electronics,2,65000,130000,Bengaluru,Credit Card,2025-10-02,1
766,4465,Daksha Sharaf,Headphones,Electronics,3,3000,9000,Bengaluru,Credit Card,2025-09-26,2
767,4773,Vansha Varughese,Phone,Electronics,1,25000,25000,Chennai,Debit Card,2026-07-22,6
768,8848,Yuvraj Srivastava,Phone,Electronics,4,25000,100000,Hyderabad,Net Banking,2025-10-13,2
769,1367,Ijaya Lal,Shoes,Fashion,4,2500,10000,Hyderabad,UPI,2026-03-06,2
770,3207,Rohan Acharya,Headphones,Electronics,2,3000,6000,Delhi,Net Banking,2025-11-27,2
771,3949,Waida Savant,Laptop,Electronics,3,65000,195000,Chennai,Net Banking,2025-09-30,5
772,2404,Jagrati Ray,Shoes,Fashion,3,2500,7500,Hyderabad,Cash on Delivery,2026-07-24,5
773,3794,Ria Loke,Bottle,Home,4,600,2400,Hyderabad,Cash on Delivery,2026-02-04,5
774,3979,Jeremiah Chokshi,Phone,Electronics,5,25000,125000,Pune,Credit Card,2025-09-14,6
775,2127,Ayushman Jha,Shoes,Fashion,4,2500,10000,Hyderabad,Cash on Delivery,2025-11-02,4
776,4315,Avni Chaudry,Phone,Electronics,1,25000,25000,Chennai,Credit Card,2026-01-18,5
777,1639,Omkaar Chopra,Laptop,Electronics,4,65000,260000,Mumbai,UPI,2026-06-10,4
778,9835,Xiti Walia,Shoes,Fashion,5,2500,12500,Delhi,Cash on Delivery,2025-09-15,5
779,9680,Aarush Deshmukh,Headphones,Electronics,1,3000,3000,Chennai,Credit Card,2026-07-08,7
780,6742,Vasana Balasubramanian,Headphones,Electronics,4,3000,12000,Mumbai,Cash on Delivery,2026-02-10,2
781,2373,Chakrika Thakkar,Phone,Electronics,2,25000,50000,Pune,Net Banking,2026-07-16,5
782,1089,Ekalinga Kapoor,Headphones,Electronics,2,3000,6000,Delhi,Net Banking,2026-04-24,5
783,7144,Radhika Gopal,Phone,Electronics,1,25000,25000,Hyderabad,Debit Card,2026-06-05,4
784,7980,Alexander Parekh,Phone,Electronics,2,25000,50000,Pune,Debit Card,2026-03-14,7
785,6990,Viraj Warrior,Headphones,Electronics,5,3000,15000,Pune,Cash on Delivery,2026-01-07,7
786,8904,Yash Thakur,Phone,Electronics,5,25000,125000,Bengaluru,Debit Card,2025-09-11,5
787,6024,Indira Batra,Headphones,Electronics,3,3000,9000,Ahmedabad,Cash on Delivery,2026-05-30,6
788,4764,Anjali Golla,Phone,Electronics,1,25000,25000,Kolkata,Credit Card,2026-07-03,1
789,6544,Hredhaan Rout,Phone,Electronics,4,25000,100000,Delhi,Credit Card,2025-09-08,4
790,2492,Kai Patla,Chair,Furniture,1,4000,4000,Bengaluru,Cash on Delivery,2025-08-30,5
791,5310,Anvi Sachdeva,Headphones,Electronics,1,3000,3000,Hyderabad,Debit Card,2025-08-10,1
792,7564,Pushti Lalla,Shoes,Fashion,4,2500,10000,Pune,Net Banking,2025-09-19,1
793,9099,Upadhriti Varughese,Desk,Furniture,2,7000,14000,Kolkata,UPI,2025-12-26,2
794,5685,Ekavir Golla,Watch,Accessories,5,5000,25000,Hyderabad,UPI,2025-08-30,7
795,4795,Hredhaan Pandya,Headphones,Electronics,5,3000,15000,Bengaluru,UPI,2026-03-27,3
796,3579,Kalpit Joshi,Phone,Electronics,1,25000,25000,Mumbai,Debit Card,2026-04-08,7
797,7642,Daksha Golla,Phone,Electronics,4,25000,100000,Hyderabad,Net Banking,2026-07-14,1
798,2477,Simon Chakrabarti,Shoes,Fashion,1,2500,2500,Pune,Net Banking,2026-05-19,5
799,4707,Vaishnavi Golla,Phone,Electronics,3,25000,75000,Hyderabad,Cash on Delivery,2025-09-14,4
800,3867,Pushti Kadakia,Headphones,Electronics,3,3000,9000,Chennai,Net Banking,2025-08-24,1
801,5821,Ikshita Khalsa,Headphones,Electronics,5,3000,15000,Ahmedabad,UPI,2025-12-07,7
802,9813,Parth Oommen,Headphones,Electronics,3,3000,9000,Pune,Cash on Delivery,2026-06-07,4
803,6565,Maanav Chaudry,Headphones,Electronics,2,3000,6000,Kolkata,Cash on Delivery,2025-10-14,5
804,2904,Girish Pant,Watch,Accessories,4,5000,20000,Pune,UPI,2025-12-18,4
805,4767,Akshay Mitter,Shoes,Fashion,2,2500,5000,Ahmedabad,Cash on Delivery,2026-06-03,3
806,5314,Raksha Dugar,Headphones,Electronics,1,3000,3000,Hyderabad,Debit Card,2026-07-24,1
807,2245,Qadim Wali,Phone,Electronics,3,25000,75000,Bengaluru,Cash on Delivery,2026-06-11,3
808,5408,Ekaja Thaman,Phone,Electronics,5,25000,125000,Bengaluru,Credit Card,2025-12-04,4
809,4965,Naveen Sachdev,Shoes,Fashion,2,2500,5000,Pune,Credit Card,2026-06-26,2
810,6833,Ekbal Bhakta,Phone,Electronics,2,25000,50000,Bengaluru,UPI,2026-01-12,1
811,1108,Gaurangi Srinivas,Book,Books,4,500,2000,Delhi,Cash on Delivery,2025-12-30,3
812,5501,Naveen Jani,Shoes,Fashion,4,2500,10000,Kolkata,Credit Card,2025-09-20,7
813,7518,Gunbir Shroff,Book,Books,3,500,1500,Hyderabad,Net Banking,2025-11-26,2
814,8836,Siddharth Lad,Laptop,Electronics,4,65000,260000,Delhi,Net Banking,2026-05-23,3
815,8490,Meghana Bir,Phone,Electronics,2,25000,50000,Mumbai,Net Banking,2026-02-25,4
816,1193,Rishi Nair,Phone,Electronics,1,25000,25000,Hyderabad,Cash on Delivery,2025-08-15,5
817,5254,Hredhaan Hayer,Phone,Electronics,3,25000,75000,Bengaluru,Net Banking,2026-04-01,3
818,6621,Triya Kohli,Phone,Electronics,4,25000,100000,Ahmedabad,Credit Card,2026-01-21,4
819,7099,Onveer Andra,Headphones,Electronics,4,3000,12000,Ahmedabad,Cash on Delivery,2026-07-12,3
820,3148,Henry Chacko,Headphones,Electronics,5,3000,15000,Hyderabad,UPI,2026-05-02,6
821,8081,Chakradhar Rajagopalan,Phone,Electronics,2,25000,50000,Chennai,Credit Card,2026-03-11,2
822,8749,Yatan Bir,T-Shirt,Fashion,2,800,1600,Delhi,Credit Card,2025-11-27,4
823,9748,Neha Sehgal,Headphones,Electronics,5,3000,15000,Ahmedabad,Cash on Delivery,2026-07-04,3
824,1781,Faraj Pingle,Phone,Electronics,5,25000,125000,Chennai,UPI,2025-10-14,6
825,5166,Saumya Batra,Phone,Electronics,2,25000,50000,Kolkata,UPI,2026-07-07,4
826,6914,Idika Trivedi,Shoes,Fashion,3,2500,7500,Ahmedabad,Net Banking,2025-09-25,5
827,6638,Tejas Mahajan,Desk,Furniture,3,7000,21000,Delhi,Cash on Delivery,2026-03-23,1
828,4259,Aadi Salvi,Phone,Electronics,5,25000,125000,Bengaluru,Debit Card,2026-01-28,3
829,8987,Tanish Verma,Phone,Electronics,5,25000,125000,Kolkata,UPI,2026-05-13,4
830,3373,Balveer Mitra,Shoes,Fashion,4,2500,10000,Bengaluru,Debit Card,2025-11-12,4
831,7631,Kavya Dara,Shoes,Fashion,5,2500,12500,Mumbai,UPI,2026-07-20,2
832,6191,Forum Ahluwalia,Phone,Electronics,3,25000,75000,Pune,Debit Card,2025-09-11,5
833,8289,Shivansh Datta,Shoes,Fashion,3,2500,7500,Ahmedabad,Net Banking,2025-09-30,5
834,3741,Oeshi Savant,Chair,Furniture,4,4000,16000,Bengaluru,UPI,2026-03-18,2
835,2311,Sai Lalla,Shoes,Fashion,3,2500,7500,Hyderabad,Credit Card,2026-02-15,4
836,8752,Raagini Pingle,Phone,Electronics,1,25000,25000,Delhi,UPI,2025-10-27,7
837,2702,Bhavna Tailor,Phone,Electronics,1,25000,25000,Pune,Net Banking,2025-08-09,2
838,6068,Ekapad Ghosh,Laptop,Electronics,4,65000,260000,Hyderabad,Credit Card,2026-02-25,6
839,3150,Max Bail,Phone,Electronics,2,25000,50000,Bengaluru,UPI,2025-10-21,1
840,8801,Ekaja Ramaswamy,Shoes,Fashion,3,2500,7500,Kolkata,Net Banking,2026-04-11,3
841,9835,Aryan Bhavsar,Headphones,Electronics,2,3000,6000,Bengaluru,Net Banking,2026-07-20,5
842,8126,Lajita Batra,Headphones,Electronics,5,3000,15000,Pune,Debit Card,2026-05-31,4
843,8239,Chandresh Oza,Headphones,Electronics,1,3000,3000,Pune,Debit Card,2026-05-25,4
844,1172,Vasatika Dugar,Phone,Electronics,3,25000,75000,Delhi,Net Banking,2026-07-23,7
845,6634,Andrew Tara,T-Shirt,Fashion,2,800,1600,Pune,Cash on Delivery,2026-02-27,5
846,8816,Nikita Saxena,Laptop,Electronics,4,65000,260000,Pune,UPI,2025-09-06,7
847,4788,Elijah Ahluwalia,Headphones,Electronics,3,3000,9000,Delhi,Net Banking,2025-08-14,3
848,8161,Zinal Murthy,Phone,Electronics,5,25000,125000,Chennai,Credit Card,2026-02-02,2
849,7199,Warjas Dugar,Shoes,Fashion,4,2500,10000,Hyderabad,Debit Card,2026-02-02,1
850,9464,Veda Misra,Headphones,Electronics,2,3000,6000,Pune,Debit Card,2026-04-24,6
851,7765,Pranav Bobal,Shoes,Fashion,3,2500,7500,Hyderabad,UPI,2025-08-21,2
852,8460,Oviya Brahmbhatt,Phone,Electronics,1,25000,25000,Kolkata,Debit Card,2026-06-14,6
853,6253,Yahvi Shan,Shoes,Fashion,2,2500,5000,Delhi,Credit Card,2026-01-25,1
854,4046,Sai Gaba,Chair,Furniture,1,4000,4000,Mumbai,Debit Card,2025-10-23,3
855,1134,Faras Sinha,Phone,Electronics,4,25000,100000,Hyderabad,UPI,2025-12-09,2
856,6601,Vedhika Dar,Laptop,Electronics,2,65000,130000,Chennai,Debit Card,2026-02-24,7
857,8597,Veer Edwin,T-Shirt,Fashion,3,800,2400,Delhi,Debit Card,2025-12-18,1
858,1918,Wridesh Tandon,T-Shirt,Fashion,2,800,1600,Pune,Cash on Delivery,2026-07-14,1
859,4148,Vasudha Garg,Headphones,Electronics,2,3000,6000,Pune,Cash on Delivery,2026-07-09,7
860,7304,Nihal Oommen,Laptop,Electronics,2,65000,130000,Kolkata,Credit Card,2025-09-06,6
861,8550,Chaman Rajan,Bottle,Home,2,600,1200,Mumbai,Net Banking,2026-07-24,6
862,7375,Jatin Kashyap,Bottle,Home,4,600,2400,Pune,Debit Card,2025-12-16,2
863,9534,Reyansh Narang,Shoes,Fashion,1,2500,2500,Mumbai,Debit Card,2025-11-16,4
864,6905,Amrita Minhas,Shoes,Fashion,2,2500,5000,Delhi,Credit Card,2025-11-17,1
865,6316,Andrew Kari,Phone,Electronics,4,25000,100000,Delhi,Credit Card,2025-11-13,7
866,7484,Jhalak Ratti,Phone,Electronics,1,25000,25000,Hyderabad,UPI,2025-11-05,1
867,3539,Udarsh Krish,Headphones,Electronics,4,3000,12000,Ahmedabad,UPI,2026-06-23,2
868,6544,Onveer Chaudhuri,Phone,Electronics,1,25000,25000,Delhi,UPI,2026-01-18,3
869,2759,Nachiket Prashad,Shoes,Fashion,5,2500,12500,Bengaluru,Cash on Delivery,2026-04-16,2
870,6690,Charita Ganguly,Phone,Electronics,5,25000,125000,Kolkata,Credit Card,2025-12-18,1
871,3207,Jack Pau,Shoes,Fashion,3,2500,7500,Pune,UPI,2026-05-29,4
872,5828,Pranav Bail,Shoes,Fashion,5,2500,12500,Kolkata,Credit Card,2025-10-09,5
873,6303,Raghav Chaudhary,Phone,Electronics,3,25000,75000,Kolkata,Debit Card,2025-09-27,7
874,3627,Chatura Kuruvilla,T-Shirt,Fashion,5,800,4000,Mumbai,Net Banking,2026-03-24,2
875,9873,Logan Mody,Headphones,Electronics,3,3000,9000,Ahmedabad,Cash on Delivery,2025-10-02,1
876,7210,Waida Goda,T-Shirt,Fashion,5,800,4000,Bengaluru,UPI,2026-03-27,5
877,4912,Balhaar Sandal,Watch,Accessories,5,5000,25000,Ahmedabad,UPI,2026-06-05,6
878,4110,Kala Soman,Chair,Furniture,4,4000,16000,Kolkata,Net Banking,2025-11-22,2
879,7714,Chaitaly Dey,Shoes,Fashion,3,2500,7500,Ahmedabad,UPI,2026-08-02,1
880,1717,Xavier Devi,Headphones,Electronics,1,3000,3000,Bengaluru,Credit Card,2025-11-06,7
881,8952,Ishanvi Keer,Laptop,Electronics,1,65000,65000,Hyderabad,UPI,2025-12-25,1
882,9026,Yashoda Pillai,Headphones,Electronics,4,3000,12000,Pune,UPI,2026-05-03,3
883,1214,Adya Parmar,Phone,Electronics,1,25000,25000,Hyderabad,Cash on Delivery,2025-10-09,7
884,6913,Chasmum Chad,Laptop,Electronics,1,65000,65000,Chennai,Debit Card,2026-07-18,7
885,5355,Farhan Doctor,Shoes,Fashion,5,2500,12500,Delhi,UPI,2025-10-20,7
886,9511,Victor Varty,Phone,Electronics,2,25000,50000,Mumbai,UPI,2026-07-23,6
887,4104,Ekanta Wali,Phone,Electronics,4,25000,100000,Hyderabad,Net Banking,2025-12-02,6
888,7802,Ladli Devan,Phone,Electronics,2,25000,50000,Mumbai,Net Banking,2026-07-08,3
889,2705,Devika Deo,Shoes,Fashion,4,2500,10000,Bengaluru,Credit Card,2026-01-30,5
890,3591,Dominic Shenoy,Headphones,Electronics,3,3000,9000,Kolkata,Debit Card,2025-11-06,3
891,7090,Garima Nagi,Headphones,Electronics,3,3000,9000,Chennai,Cash on Delivery,2026-03-13,7
892,4943,Jonathan Prabhu,Shoes,Fashion,5,2500,12500,Hyderabad,Cash on Delivery,2026-03-01,7
893,6898,Daksha Bail,Headphones,Electronics,3,3000,9000,Kolkata,Cash on Delivery,2025-10-27,4
894,5660,Hemangini Dhar,Laptop,Electronics,1,65000,65000,Delhi,Net Banking,2025-10-27,2
895,1107,Udarsh Sharma,Bottle,Home,3,600,1800,Pune,Credit Card,2026-02-14,2
896,5521,Advika Bedi,Watch,Accessories,1,5000,5000,Bengaluru,UPI,2025-11-29,1
897,3267,Triya Bal,Headphones,Electronics,2,3000,6000,Pune,Debit Card,2025-11-18,5
898,5920,Luke Vasa,Phone,Electronics,3,25000,75000,Mumbai,Net Banking,2026-06-30,4
899,2264,Henry Ben,Headphones,Electronics,2,3000,6000,Ahmedabad,Cash on Delivery,2026-06-06,2
900,2562,Vanya Sarin,Headphones,Electronics,5,3000,15000,Pune,UPI,2025-09-02,6
901,2285,Janani Raghavan,T-Shirt,Fashion,4,800,3200,Delhi,Debit Card,2026-03-10,3
902,7824,Charan Parmar,Watch,Accessories,4,5000,20000,Mumbai,Credit Card,2026-01-18,6
903,1187,Advik Sarma,Shoes,Fashion,5,2500,12500,Chennai,UPI,2025-09-14,3
904,9846,Gagan Kanda,Headphones,Electronics,3,3000,9000,Bengaluru,Debit Card,2026-04-09,5
905,1827,Rushil Bala,Shoes,Fashion,2,2500,5000,Chennai,Cash on Delivery,2025-08-30,7
906,2475,Shravya Dugar,Headphones,Electronics,5,3000,15000,Hyderabad,Cash on Delivery,2026-05-16,3
907,3165,Unni Banerjee,T-Shirt,Fashion,2,800,1600,Ahmedabad,UPI,2025-09-09,4
908,9980,Diya Khalsa,Headphones,Electronics,1,3000,3000,Chennai,Debit Card,2026-06-19,1
909,3136,Ranveer Chada,Phone,Electronics,4,25000,100000,Bengaluru,Cash on Delivery,2026-03-27,5
910,4212,Lohit Ramachandran,Phone,Electronics,4,25000,100000,Hyderabad,Credit Card,2026-07-05,1
911,6298,Fiyaz Dada,Phone,Electronics,4,25000,100000,Mumbai,UPI,2026-06-24,6
912,6706,Ayaan Mutti,Headphones,Electronics,3,3000,9000,Hyderabad,Debit Card,2026-02-27,3
913,5994,Omkaar Rastogi,Headphones,Electronics,1,3000,3000,Bengaluru,Debit Card,2026-02-11,5
914,3389,Om Oommen,T-Shirt,Fashion,4,800,3200,Kolkata,UPI,2026-04-15,7
915,3555,Dayamai Sharaf,Phone,Electronics,3,25000,75000,Mumbai,UPI,2026-07-08,6
916,3419,Yahvi Ghosh,Laptop,Electronics,5,65000,325000,Pune,UPI,2026-03-01,3
917,5999,Isha Sodhi,Shoes,Fashion,1,2500,2500,Kolkata,Cash on Delivery,2026-03-22,1
918,4471,Anjali Gour,Phone,Electronics,5,25000,125000,Hyderabad,Net Banking,2026-07-21,5
919,8913,Aayush Nagi,T-Shirt,Fashion,5,800,4000,Bengaluru,UPI,2025-11-23,4
920,1712,Oeshi Biswas,Headphones,Electronics,5,3000,15000,Pune,Credit Card,2025-09-12,1
921,5444,Mitesh Bajaj,Phone,Electronics,5,25000,125000,Delhi,Cash on Delivery,2026-06-25,6
922,7367,Nilima Muni,Desk,Furniture,1,7000,7000,Pune,Debit Card,2025-08-19,7
923,7332,Logan Shere,Phone,Electronics,3,25000,75000,Hyderabad,Cash on Delivery,2025-08-26,5
924,6168,Sanya Sundaram,Chair,Furniture,1,4000,4000,Kolkata,Net Banking,2026-07-07,5
925,9202,Darpan Bhandari,Laptop,Electronics,2,65000,130000,Kolkata,Net Banking,2025-08-25,6
926,9673,Lavanya Rattan,Laptop,Electronics,2,65000,130000,Pune,Debit Card,2025-12-10,4
927,1301,Vidhi Mittal,Phone,Electronics,2,25000,50000,Ahmedabad,Debit Card,2026-01-24,3
928,9212,Kamya Karpe,Shoes,Fashion,2,2500,5000,Pune,UPI,2026-07-24,6
929,1482,Wahab Krishnan,Phone,Electronics,4,25000,100000,Pune,Credit Card,2026-07-28,2
930,3248,Victor Modi,Phone,Electronics,4,25000,100000,Mumbai,Cash on Delivery,2025-11-21,5
931,4726,Baghyawati Batra,Chair,Furniture,5,4000,20000,Chennai,Credit Card,2026-03-11,5
932,6395,Urvi Narain,Phone,Electronics,3,25000,75000,Kolkata,Net Banking,2025-08-16,2
933,9869,Anvi Pradhan,Phone,Electronics,2,25000,50000,Hyderabad,Credit Card,2026-05-17,3
934,3215,Tanay Thakkar,Shoes,Fashion,5,2500,12500,Chennai,Credit Card,2025-10-12,6
935,6201,Gaurang Manne,Desk,Furniture,2,7000,14000,Mumbai,Net Banking,2026-01-15,5
936,4016,Diya Chokshi,Desk,Furniture,1,7000,7000,Ahmedabad,Credit Card,2026-07-17,6
937,7783,Arunima Bumb,Laptop,Electronics,3,65000,195000,Chennai,Debit Card,2025-12-19,4
938,3489,Owen Batra,Shoes,Fashion,3,2500,7500,Hyderabad,UPI,2025-10-30,2
939,5372,Meera Bera,Phone,Electronics,5,25000,125000,Hyderabad,Net Banking,2026-04-25,2
940,6886,Ishanvi Venkataraman,Phone,Electronics,1,25000,25000,Mumbai,Cash on Delivery,2025-12-31,2
941,8680,Xalak Apte,Headphones,Electronics,5,3000,15000,Ahmedabad,Credit Card,2025-10-09,7
942,3253,Rudra Dave,Phone,Electronics,4,25000,100000,Bengaluru,Credit Card,2026-07-26,2
943,5421,Pranit Vaidya,Laptop,Electronics,1,65000,65000,Chennai,Credit Card,2025-08-16,6
944,4351,Anamika Dugar,Shoes,Fashion,2,2500,5000,Mumbai,Credit Card,2026-07-08,4
945,6323,Omaja Shanker,Watch,Accessories,4,5000,20000,Kolkata,Credit Card,2025-09-22,4
946,7232,Orinder Peri,Headphones,Electronics,1,3000,3000,Ahmedabad,Cash on Delivery,2026-05-28,5
947,9784,Lakshit Chaudry,Desk,Furniture,5,7000,35000,Delhi,Net Banking,2026-05-25,1
948,5025,Dominic Raj,Headphones,Electronics,1,3000,3000,Chennai,UPI,2026-06-14,5
949,4110,Lekha Chacko,Phone,Electronics,1,25000,25000,Pune,Cash on Delivery,2025-11-12,4
950,8558,Patrick Srinivas,Watch,Accessories,3,5000,15000,Bengaluru,Cash on Delivery,2025-12-03,3
951,9470,Omisha Sarin,Shoes,Fashion,1,2500,2500,Bengaluru,Cash on Delivery,2025-11-19,7
952,9202,Siddharth Sekhon,Shoes,Fashion,1,2500,2500,Mumbai,Credit Card,2025-11-23,7
953,3216,Aarna Murthy,Headphones,Electronics,5,3000,15000,Chennai,Cash on Delivery,2026-07-10,3
954,8433,Laban Ganguly,Headphones,Electronics,2,3000,6000,Hyderabad,Cash on Delivery,2026-06-20,1
955,3024,Indali Hegde,Phone,Electronics,2,25000,50000,Mumbai,UPI,2026-02-13,6
956,2397,Yashvi Wadhwa,Headphones,Electronics,3,3000,9000,Chennai,Net Banking,2026-06-22,5
957,7235,Abhimanyu Gour,Desk,Furniture,4,7000,28000,Delhi,Credit Card,2025-11-07,3
958,3656,Rehaan Goel,Headphones,Electronics,2,3000,6000,Bengaluru,Credit Card,2026-05-22,7
959,6047,Samaksh Badami,Shoes,Fashion,4,2500,10000,Pune,Cash on Delivery,2026-02-06,3
960,3155,Ayaan Sachdev,Shoes,Fashion,1,2500,2500,Hyderabad,UPI,2026-08-06,5
961,8514,Ekaja Pall,T-Shirt,Fashion,1,800,800,Kolkata,Cash on Delivery,2025-08-15,5
962,9084,Yachana Oak,T-Shirt,Fashion,5,800,4000,Hyderabad,Credit Card,2026-07-11,5
963,7719,Aarnav Bora,Shoes,Fashion,4,2500,10000,Kolkata,UPI,2026-06-26,5
964,9967,Nathan Parmar,Shoes,Fashion,2,2500,5000,Pune,Net Banking,2026-07-29,6
965,1801,Vansha Cherian,Headphones,Electronics,2,3000,6000,Bengaluru,Credit Card,2025-10-09,1
966,3381,Ekiya Narayan,Shoes,Fashion,1,2500,2500,Delhi,Net Banking,2025-12-13,7
967,2436,Anika Sama,Shoes,Fashion,3,2500,7500,Delhi,UPI,2025-10-04,4
968,5659,Kashish Dube,Bottle,Home,2,600,1200,Bengaluru,Cash on Delivery,2026-02-26,6
969,2525,Manya Sur,Headphones,Electronics,1,3000,3000,Pune,Debit Card,2026-06-02,3
970,8001,Yatin Kamdar,Watch,Accessories,1,5000,5000,Mumbai,Debit Card,2026-01-28,4
971,6393,Rayaan Pillai,Phone,Electronics,3,25000,75000,Chennai,Net Banking,2025-09-11,2
972,1953,Gaurika Kohli,Shoes,Fashion,5,2500,12500,Mumbai,Net Banking,2025-09-16,6
973,2436,Veda Sharma,Chair,Furniture,5,4000,20000,Kolkata,Net Banking,2025-08-19,7
974,7996,Janaki Hora,Bottle,Home,3,600,1800,Ahmedabad,Debit Card,2026-04-03,5
975,6797,Zansi Tiwari,Headphones,Electronics,5,3000,15000,Bengaluru,Net Banking,2026-02-01,5
976,9069,Samaksh Lata,Headphones,Electronics,4,3000,12000,Bengaluru,Net Banking,2025-08-15,2
977,1025,Udant Anand,Shoes,Fashion,2,2500,5000,Mumbai,UPI,2026-02-12,4
978,4396,Gunbir Nagi,Shoes,Fashion,1,2500,2500,Chennai,Cash on Delivery,2025-09-11,1
979,4478,Bahadurjit Swamy,Phone,Electronics,5,25000,125000,Delhi,Credit Card,2025-12-31,6
980,6042,Vedant Iyengar,Phone,Electronics,1,25000,25000,Pune,Net Banking,2026-03-05,5
981,2865,Gaurang Ahluwalia,Phone,Electronics,1,25000,25000,Ahmedabad,Debit Card,2026-04-09,4
982,1477,Aradhana Bedi,Shoes,Fashion,5,2500,12500,Bengaluru,Credit Card,2025-08-10,3
983,8774,Ronith Tandon,T-Shirt,Fashion,4,800,3200,Delhi,Credit Card,2026-01-17,4
984,9797,Balendra Singhal,Phone,Electronics,4,25000,100000,Ahmedabad,Cash on Delivery,2026-06-13,7
985,9537,Ekalinga Badami,T-Shirt,Fashion,1,800,800,Pune,Net Banking,2026-03-14,6
986,9779,Abha Vasa,Shoes,Fashion,5,2500,12500,Delhi,Credit Card,2026-06-28,5
987,2084,Gagan Dhingra,Shoes,Fashion,3,2500,7500,Bengaluru,Debit Card,2025-12-27,7
988,9753,Ekalinga Shan,Laptop,Electronics,4,65000,260000,Bengaluru,Net Banking,2025-09-10,5
989,2914,Devansh Dhawan,Phone,Electronics,5,25000,125000,Pune,Debit Card,2025-09-22,6
990,2422,Ethan Dora,Laptop,Electronics,4,65000,260000,Kolkata,Credit Card,2026-06-30,3
991,4541,Christopher Aggarwal,Headphones,Electronics,3,3000,9000,Pune,Credit Card,2025-12-04,1
992,4311,Lucky Sunder,Phone,Electronics,1,25000,25000,Mumbai,Cash on Delivery,2026-02-16,5
993,9192,Zayyan Chaudhary,Laptop,Electronics,4,65000,260000,Bengaluru,Credit Card,2026-07-07,3
994,6084,Ekapad Khurana,Book,Books,5,500,2500,Ahmedabad,Credit Card,2025-08-30,7
995,3174,Jonathan Gade,Watch,Accessories,5,5000,25000,Hyderabad,UPI,2026-03-04,4
996,2897,Laban Dutt,Phone,Electronics,5,25000,125000,Delhi,Debit Card,2025-11-20,1
997,2426,Irya Patla,Shoes,Fashion,5,2500,12500,Ahmedabad,Cash on Delivery,2025-09-04,1
998,1368,Ayushman Kalla,Phone,Electronics,3,25000,75000,Pune,Credit Card,2025-10-02,3
999,5532,Chavvi Pillay,Phone,Electronics,3,25000,75000,Ahmedabad,Cash on Delivery,2025-11-17,6
1000,3580,Unnati Maharaj,Phone,Electronics,2,25000,50000,Pune,UPI,2026-01-22,1
1001,9422,Prisha Atwal,Chair,Furniture,5,4000,20000,Mumbai,Credit Card,2025-11-27,5
1002,5440,Adweta Shenoy,Phone,Electronics,3,25000,75000,Bengaluru,Debit Card,2026-04-15,5
1003,6101,Hema Shankar,Phone,Electronics,1,25000,25000,Ahmedabad,Net Banking,2026-05-25,4
1004,8712,Ranveer Taneja,Laptop,Electronics,1,65000,65000,Delhi,UPI,2026-06-30,4
1005,7421,Hritik Garde,Laptop,Electronics,4,65000,260000,Bengaluru,Net Banking,2026-07-13,5
1006,6826,Janaki Bala,Shoes,Fashion,4,2500,10000,Pune,Debit Card,2026-03-16,7
1007,2286,Neha Koshy,Phone,Electronics,5,25000,125000,Kolkata,Net Banking,2026-06-15,2
1008,2593,Vivaan Dora,Laptop,Electronics,4,65000,260000,Kolkata,Debit Card,2026-01-08,6
1009,8709,Jonathan Khare,Shoes,Fashion,4,2500,10000,Hyderabad,Credit Card,2025-08-31,2
1010,5227,Yoshita Kurian,Watch,Accessories,5,5000,25000,Ahmedabad,Cash on Delivery,2026-02-19,2
1011,6320,Janani Sheth,Shoes,Fashion,3,2500,7500,Kolkata,Cash on Delivery,2026-06-18,1
1012,6758,Frado Mahal,Laptop,Electronics,1,65000,65000,Kolkata,Cash on Delivery,2025-11-25,7
1013,3087,Mohammed Maharaj,Phone,Electronics,3,25000,75000,Mumbai,Cash on Delivery,2025-09-03,7
1014,6339,Faris Nayak,Shoes,Fashion,1,2500,2500,Mumbai,Debit Card,2025-08-23,5
1015,7773,Gaurangi Sharma,Headphones,Electronics,5,3000,15000,Hyderabad,Net Banking,2026-05-20,2
1016,7288,Manthan Ramanathan,Headphones,Electronics,4,3000,12000,Mumbai,Debit Card,2026-04-25,2
1017,8063,Alka Dutta,T-Shirt,Fashion,5,800,4000,Chennai,Net Banking,2026-06-13,7
1018,3835,Aarav Chand,Phone,Electronics,2,25000,50000,Mumbai,Net Banking,2026-01-06,7
1019,8584,Chasmum Randhawa,Headphones,Electronics,5,3000,15000,Ahmedabad,Net Banking,2025-12-10,1
1020,6046,Zehaan Date,T-Shirt,Fashion,2,800,1600,Chennai,UPI,2025-10-26,5
1021,7208,Dipta Agarwal,Phone,Electronics,5,25000,125000,Ahmedabad,Cash on Delivery,2026-03-08,6
1022,4565,Bahadurjit Dash,Shoes,Fashion,1,2500,2500,Bengaluru,Net Banking,2026-03-11,7
1023,3403,Zashil Rao,Shoes,Fashion,1,2500,2500,Bengaluru,Cash on Delivery,2026-05-27,5
1024,8326,Maanas Srivastava,Phone,Electronics,5,25000,125000,Hyderabad,Credit Card,2026-03-10,6
1025,5989,Guneet Apte,Watch,Accessories,3,5000,15000,Chennai,Debit Card,2025-09-07,1
1026,9362,Edhitha Kota,Headphones,Electronics,5,3000,15000,Chennai,Credit Card,2026-05-25,7
1027,9992,Krishna Bora,Phone,Electronics,3,25000,75000,Delhi,UPI,2026-01-20,6
1028,2797,Krishna Date,Headphones,Electronics,3,3000,9000,Pune,UPI,2026-07-20,2
1029,7459,Neelima Bhatia,Headphones,Electronics,5,3000,15000,Ahmedabad,Cash on Delivery,2025-09-06,4
1030,4460,Tristan Bobal,Phone,Electronics,5,25000,125000,Bengaluru,Cash on Delivery,2026-03-28,2
1031,6902,Fiyaz Hegde,Phone,Electronics,4,25000,100000,Chennai,Credit Card,2025-12-28,3
1032,3200,Janya Mangat,Bottle,Home,2,600,1200,Delhi,UPI,2026-04-08,6
1033,8155,Rajeshri Jayaraman,Laptop,Electronics,4,65000,260000,Bengaluru,UPI,2025-10-20,2
1034,8471,Anika Kakar,Shoes,Fashion,4,2500,10000,Chennai,Net Banking,2025-08-29,2
1035,8373,Wahab Gara,Headphones,Electronics,4,3000,12000,Chennai,Debit Card,2026-03-02,2
1036,1121,Krisha Khurana,Phone,Electronics,5,25000,125000,Kolkata,Credit Card,2025-09-13,6
1037,9948,Wriddhish Chauhan,Headphones,Electronics,4,3000,12000,Ahmedabad,UPI,2026-07-13,1
1038,2854,Chandani Kumar,Headphones,Electronics,3,3000,9000,Kolkata,UPI,2026-06-05,2
1039,5578,Mekhala Agarwal,Shoes,Fashion,5,2500,12500,Kolkata,Net Banking,2025-12-04,1
1040,2449,Aarna Atwal,Headphones,Electronics,5,3000,15000,Hyderabad,Cash on Delivery,2026-04-14,6
1041,9834,Madhav Khalsa,Shoes,Fashion,1,2500,2500,Pune,Net Banking,2025-11-12,1
1042,1176,Daniel Kibe,Book,Books,5,500,2500,Kolkata,Cash on Delivery,2026-03-08,5
1043,6431,Hiral Oommen,Book,Books,5,500,2500,Chennai,Debit Card,2025-11-01,7
1044,1578,Harinakshi Chawla,Phone,Electronics,2,25000,50000,Pune,Net Banking,2025-11-28,3
1045,3770,Owen Mand,Laptop,Electronics,4,65000,260000,Delhi,Debit Card,2025-12-17,7
1046,5699,Ekavir Shan,Shoes,Fashion,1,2500,2500,Kolkata,UPI,2026-04-05,2
1047,5129,Raagini Bal,Headphones,Electronics,3,3000,9000,Bengaluru,Net Banking,2026-05-21,3
1048,1232,Nachiket Char,Phone,Electronics,3,25000,75000,Mumbai,Net Banking,2026-05-16,2
1049,8317,Matthew Amble,Book,Books,2,500,1000,Ahmedabad,Credit Card,2025-09-12,3
1050,8944,Lekha Sood,T-Shirt,Fashion,2,800,1600,Bengaluru,Net Banking,2025-10-27,7
1051,3376,Nathan Loyal,Laptop,Electronics,1,65000,65000,Bengaluru,Cash on Delivery,2025-08-23,7
1052,4898,Lipika Dar,Bottle,Home,4,600,2400,Kolkata,Credit Card,2025-11-01,2
1053,1890,Jairaj Zacharia,Headphones,Electronics,3,3000,9000,Pune,UPI,2026-02-11,1
1054,8802,Jatin Narasimhan,Phone,Electronics,4,25000,100000,Pune,Cash on Delivery,2025-11-14,6
1055,4828,Ishaan Rajagopalan,Desk,Furniture,5,7000,35000,Chennai,Cash on Delivery,2026-02-21,4
1056,8122,Abhiram Sama,Phone,Electronics,5,25000,125000,Delhi,Debit Card,2026-02-22,7
1057,9687,Vamakshi Pandey,Headphones,Electronics,3,3000,9000,Delhi,UPI,2026-03-05,5
1058,5466,Wishi Cherian,Shoes,Fashion,4,2500,10000,Ahmedabad,Debit Card,2026-02-16,3
1059,7408,Pahal Setty,T-Shirt,Fashion,3,800,2400,Kolkata,Credit Card,2026-02-13,6
1060,9518,Champak Bhatt,Shoes,Fashion,2,2500,5000,Ahmedabad,Credit Card,2025-11-11,3
1061,2113,Maya Sarma,Headphones,Electronics,1,3000,3000,Delhi,Cash on Delivery,2026-04-15,1
1062,6759,Neel Shenoy,Headphones,Electronics,4,3000,12000,Hyderabad,Debit Card,2025-09-02,3
1063,2506,Xavier Karan,Phone,Electronics,1,25000,25000,Delhi,Net Banking,2025-12-15,6
1064,2995,Janaki Ravi,Watch,Accessories,2,5000,10000,Mumbai,UPI,2026-01-15,7
1065,4027,Rachana Kulkarni,Shoes,Fashion,4,2500,10000,Mumbai,Credit Card,2025-09-27,3
1066,8429,Turvi Parekh,Phone,Electronics,1,25000,25000,Pune,Cash on Delivery,2026-01-19,6
1067,5216,Oni Dada,Book,Books,3,500,1500,Bengaluru,UPI,2026-07-27,3
1068,7366,Dipta Singh,T-Shirt,Fashion,4,800,3200,Ahmedabad,UPI,2025-12-04,3
1069,3915,Lucky Kala,Chair,Furniture,3,4000,12000,Kolkata,UPI,2025-09-24,4
1070,7432,Samaksh Bath,Chair,Furniture,2,4000,8000,Bengaluru,Cash on Delivery,2025-10-21,1
1071,4578,Madhav Bajwa,Phone,Electronics,4,25000,100000,Mumbai,Cash on Delivery,2026-07-27,6
1072,2194,Upadhriti Chana,Phone,Electronics,1,25000,25000,Mumbai,Net Banking,2025-12-21,6
1073,1307,Ranbir Pingle,Phone,Electronics,4,25000,100000,Kolkata,Credit Card,2025-11-10,6
1074,7397,Warinder Ratti,Shoes,Fashion,1,2500,2500,Pune,Credit Card,2026-04-18,6
1075,1060,Wridesh Sekhon,Phone,Electronics,4,25000,100000,Kolkata,Cash on Delivery,2026-01-25,4
1076,9849,Imaran Loke,Headphones,Electronics,1,3000,3000,Hyderabad,UPI,2026-08-06,4
1077,2985,Gaurika Deep,Chair,Furniture,4,4000,16000,Ahmedabad,Debit Card,2025-08-30,6
1078,2485,Dalaja Subramanian,Phone,Electronics,1,25000,25000,Ahmedabad,Net Banking,2026-04-14,7
1079,8530,Anusha Shetty,Chair,Furniture,1,4000,4000,Pune,Credit Card,2025-11-01,2
1080,4129,Vedant Ben,Headphones,Electronics,4,3000,12000,Pune,Cash on Delivery,2025-09-29,1
1081,8970,Upma Verma,Shoes,Fashion,3,2500,7500,Mumbai,Cash on Delivery,2025-12-06,6
1082,4163,Urvashi Lall,Phone,Electronics,1,25000,25000,Delhi,Net Banking,2026-02-06,2
1083,9856,Jackson Edwin,Headphones,Electronics,1,3000,3000,Pune,Cash on Delivery,2025-11-29,5
1084,1268,Anjali Agarwal,Chair,Furniture,4,4000,16000,Delhi,Debit Card,2026-02-26,1
1085,7643,Unni Ram,Phone,Electronics,1,25000,25000,Mumbai,Credit Card,2026-05-24,7
1086,8509,Udarsh Bal,Shoes,Fashion,5,2500,12500,Bengaluru,Net Banking,2026-01-18,2
1087,3319,Ronith Bansal,Book,Books,1,500,500,Kolkata,UPI,2025-08-22,4
1088,1750,Harshil Dada,Book,Books,5,500,2500,Hyderabad,Credit Card,2026-02-02,1
1089,6035,Lopa Warrior,Phone,Electronics,1,25000,25000,Mumbai,Cash on Delivery,2025-12-17,5
1090,2047,Vasana Bhardwaj,Phone,Electronics,5,25000,125000,Mumbai,UPI,2025-12-17,4
1091,4613,Indali Tak,Headphones,Electronics,5,3000,15000,Mumbai,Credit Card,2026-04-14,4
1092,6312,Varenya Sibal,Phone,Electronics,4,25000,100000,Mumbai,Net Banking,2026-03-04,5
1093,1746,Onkar Chatterjee,Phone,Electronics,2,25000,50000,Bengaluru,Debit Card,2025-11-24,1
1094,7801,Damyanti Dasgupta,Phone,Electronics,2,25000,50000,Bengaluru,Debit Card,2026-07-11,5
1095,1666,Aarna Mann,Phone,Electronics,2,25000,50000,Bengaluru,UPI,2025-11-01,7
1096,7162,Pallavi Gara,T-Shirt,Fashion,5,800,4000,Bengaluru,UPI,2026-04-12,4
1097,3939,Pranav Kibe,Laptop,Electronics,1,65000,65000,Mumbai,Net Banking,2025-11-17,3
1098,3079,Vincent Ray,Headphones,Electronics,4,3000,12000,Hyderabad,Credit Card,2026-01-02,6
1099,7750,Sara Tank,Phone,Electronics,4,25000,100000,Hyderabad,Credit Card,2026-05-08,5
1100,3949,Nihal Kohli,Shoes,Fashion,5,2500,12500,Kolkata,Net Banking,2025-09-13,1
1101,6699,Timothy Mahal,Shoes,Fashion,3,2500,7500,Chennai,UPI,2026-01-24,5
1102,9686,Yashodhara Nigam,Phone,Electronics,1,25000,25000,Mumbai,Net Banking,2026-04-15,3
1103,9315,Rachit Kota,Watch,Accessories,5,5000,25000,Hyderabad,Cash on Delivery,2026-05-18,7
1104,5528,Oliver Pandit,Shoes,Fashion,2,2500,5000,Delhi,Credit Card,2026-01-19,1
1105,9151,Hredhaan Kala,T-Shirt,Fashion,4,800,3200,Bengaluru,Credit Card,2026-05-10,6
1106,6966,Madhavi Pandya,Book,Books,1,500,500,Pune,Credit Card,2026-01-12,4
1107,8424,David Dugar,Phone,Electronics,5,25000,125000,Delhi,UPI,2026-02-19,6
1108,3881,Triya Karpe,Laptop,Electronics,5,65000,325000,Bengaluru,UPI,2026-06-18,4
1109,4855,Deepa Wable,Headphones,Electronics,1,3000,3000,Kolkata,Net Banking,2026-02-05,5
1110,6336,Siddharth Master,Phone,Electronics,2,25000,50000,Hyderabad,UPI,2025-12-16,3
1111,7759,Rachana Dugar,Phone,Electronics,2,25000,50000,Hyderabad,Cash on Delivery,2026-04-29,2
1112,8936,Aditya Rau,Laptop,Electronics,5,65000,325000,Delhi,Cash on Delivery,2025-08-11,2
1113,8454,Harshil Chander,Phone,Electronics,5,25000,125000,Bengaluru,Cash on Delivery,2026-01-12,3
1114,6875,Aadhya Srinivas,Phone,Electronics,2,25000,50000,Pune,Credit Card,2026-05-24,3
1115,1977,Adya Dar,Phone,Electronics,5,25000,125000,Pune,Credit Card,2026-03-24,1
1116,7852,Nitesh Solanki,Watch,Accessories,4,5000,20000,Bengaluru,Debit Card,2026-05-13,2
1117,3568,Indira Barad,Watch,Accessories,5,5000,25000,Bengaluru,Net Banking,2025-10-30,5
1118,7745,Xiti Kapoor,Watch,Accessories,1,5000,5000,Kolkata,Credit Card,2025-10-10,5
1119,5573,Chanchal Desai,Headphones,Electronics,4,3000,12000,Delhi,Cash on Delivery,2025-11-25,6
1120,6362,Vasatika Saran,Watch,Accessories,2,5000,10000,Chennai,Net Banking,2026-01-14,2
1121,3440,Tristan Bhattacharyya,Watch,Accessories,5,5000,25000,Delhi,Cash on Delivery,2026-06-04,1
1122,9261,Radha Goyal,Laptop,Electronics,4,65000,260000,Delhi,Cash on Delivery,2025-10-19,5
1123,8412,Wyatt Chadha,Phone,Electronics,1,25000,25000,Kolkata,Credit Card,2026-05-30,1
1124,7662,Jairaj Suresh,Headphones,Electronics,1,3000,3000,Hyderabad,Credit Card,2025-09-27,3
1125,1260,Anika Ratti,Phone,Electronics,1,25000,25000,Kolkata,Debit Card,2026-07-13,2
1126,1399,Champak Nigam,Shoes,Fashion,5,2500,12500,Kolkata,Cash on Delivery,2025-12-02,7
1127,4030,Jagrati Sant,Phone,Electronics,4,25000,100000,Ahmedabad,Cash on Delivery,2026-07-22,6
1128,7305,Mohammed Rau,Shoes,Fashion,1,2500,2500,Ahmedabad,Net Banking,2025-09-20,1
1129,9887,Sanaya Murthy,Phone,Electronics,3,25000,75000,Hyderabad,UPI,2026-02-13,5
1130,9433,Tanay Acharya,Watch,Accessories,1,5000,5000,Ahmedabad,UPI,2026-04-24,1
1131,1669,Vaishnavi Ben,Phone,Electronics,4,25000,100000,Ahmedabad,Debit Card,2026-02-19,2
1132,4354,Vihaan Raja,Shoes,Fashion,1,2500,2500,Bengaluru,Debit Card,2025-09-27,2
1133,4437,Azad Choudhury,Headphones,Electronics,4,3000,12000,Hyderabad,Debit Card,2025-08-30,3
1134,7929,Suhani Kar,Watch,Accessories,5,5000,25000,Pune,UPI,2026-02-13,1
1135,8966,Praneel Kuruvilla,Phone,Electronics,4,25000,100000,Mumbai,Cash on Delivery,2026-05-07,6
1136,5788,Chanakya Sha,Headphones,Electronics,5,3000,15000,Kolkata,Net Banking,2025-10-28,3
1137,4085,Meera More,T-Shirt,Fashion,1,800,800,Kolkata,UPI,2025-09-13,1
1138,5724,Dev Mutti,Phone,Electronics,2,25000,50000,Mumbai,UPI,2025-10-03,2
1139,9131,Praneel Mishra,Phone,Electronics,2,25000,50000,Bengaluru,Credit Card,2026-05-02,5
1140,5803,Unni Singh,Chair,Furniture,1,4000,4000,Chennai,Net Banking,2025-11-27,2
1141,8272,Veda Parikh,Headphones,Electronics,4,3000,12000,Delhi,Debit Card,2025-09-19,2
1142,9513,Edhitha Mangal,Laptop,Electronics,2,65000,130000,Ahmedabad,Cash on Delivery,2025-10-07,5
1143,8965,Siya Raja,Phone,Electronics,3,25000,75000,Kolkata,Cash on Delivery,2026-03-21,3
1144,3813,Gunbir Pradhan,Headphones,Electronics,3,3000,9000,Pune,Credit Card,2025-10-01,4
1145,1775,Meera Saha,Phone,Electronics,3,25000,75000,Bengaluru,Debit Card,2025-12-08,3
1146,3634,Ladli Tak,Headphones,Electronics,2,3000,6000,Pune,Credit Card,2026-01-31,2
1147,3641,Yashoda Srinivas,T-Shirt,Fashion,2,800,1600,Hyderabad,UPI,2025-10-04,1
1148,3072,Falan Hora,Bottle,Home,5,600,3000,Kolkata,Debit Card,2026-01-09,3
1149,1568,Ranbir Raj,Phone,Electronics,5,25000,125000,Ahmedabad,Debit Card,2026-01-02,2
1150,3663,Leela Johal,Phone,Electronics,5,25000,125000,Pune,UPI,2025-10-13,1
1151,3381,Jeevika Kalita,Headphones,Electronics,4,3000,12000,Kolkata,Debit Card,2025-11-16,2
1152,9313,Widisha Dave,Laptop,Electronics,5,65000,325000,Ahmedabad,Debit Card,2026-04-15,4
1153,3409,Hritik Om,Watch,Accessories,5,5000,25000,Kolkata,Debit Card,2025-10-31,6
1154,1656,William Sarraf,Phone,Electronics,4,25000,100000,Bengaluru,Net Banking,2025-12-21,1
1155,4610,Yatan Mann,Phone,Electronics,4,25000,100000,Kolkata,Debit Card,2025-09-29,1
1156,4197,Libni Nori,Phone,Electronics,5,25000,125000,Hyderabad,Debit Card,2025-08-10,2
1157,8298,Raghav Doctor,Laptop,Electronics,5,65000,325000,Mumbai,Net Banking,2026-06-10,4
1158,9381,Liam Pillai,Phone,Electronics,3,25000,75000,Delhi,Debit Card,2025-10-22,4
1159,7056,Madhavi Prashad,Phone,Electronics,4,25000,100000,Chennai,Debit Card,2025-09-20,1
1160,6047,Hemangini Jain,Phone,Electronics,3,25000,75000,Kolkata,Net Banking,2026-02-01,1
1161,7809,Alka Nori,Phone,Electronics,4,25000,100000,Kolkata,Debit Card,2025-08-30,2
1162,7786,Odika Master,T-Shirt,Fashion,4,800,3200,Bengaluru,Net Banking,2026-03-24,5
1163,5968,Yashawini Radhakrishnan,Laptop,Electronics,2,65000,130000,Kolkata,Net Banking,2025-10-17,3
1164,7156,Yoshita Zachariah,Laptop,Electronics,5,65000,325000,Mumbai,UPI,2026-06-22,4
1165,7791,Vasatika Chaudry,Shoes,Fashion,3,2500,7500,Bengaluru,Net Banking,2025-09-02,4
1166,4264,Orinder Pai,Shoes,Fashion,2,2500,5000,Bengaluru,Cash on Delivery,2026-08-06,3
1167,5947,Indrajit Pai,Headphones,Electronics,1,3000,3000,Pune,Cash on Delivery,2025-10-21,5
1168,1439,Udarsh Borde,Shoes,Fashion,2,2500,5000,Delhi,Credit Card,2025-09-10,3
1169,3034,Brinda Sathe,Phone,Electronics,4,25000,100000,Pune,Cash on Delivery,2026-02-21,2
1170,1466,Faqid Oommen,Headphones,Electronics,2,3000,6000,Mumbai,Debit Card,2026-05-25,4
1171,6927,Pallavi Ratti,Bottle,Home,1,600,600,Kolkata,Net Banking,2026-01-28,4
1172,2959,Veer Dugar,Watch,Accessories,4,5000,20000,Ahmedabad,Net Banking,2026-04-02,6
1173,3668,Ucchal Kata,Headphones,Electronics,3,3000,9000,Delhi,Credit Card,2026-02-27,3
1174,6855,Gauri Joshi,Headphones,Electronics,2,3000,6000,Bengaluru,UPI,2026-07-14,3
1175,1798,Aadi Rastogi,Phone,Electronics,3,25000,75000,Pune,Debit Card,2026-04-14,5
1176,9419,Aryan Borah,Shoes,Fashion,1,2500,2500,Hyderabad,Credit Card,2026-04-26,7
1177,9908,Tanish Tata,Laptop,Electronics,2,65000,130000,Ahmedabad,Debit Card,2026-07-11,7
1178,5447,Lavanya Vora,T-Shirt,Fashion,3,800,2400,Ahmedabad,UPI,2026-03-14,5
1179,1211,Wazir Sethi,Headphones,Electronics,2,3000,6000,Bengaluru,Net Banking,2026-05-21,3
1180,7750,Farhan Saran,Phone,Electronics,4,25000,100000,Ahmedabad,Credit Card,2026-02-05,1
1181,4622,Dipta Soman,Phone,Electronics,5,25000,125000,Hyderabad,Net Banking,2026-03-15,5
1182,9717,Aarnav Ganguly,Shoes,Fashion,5,2500,12500,Mumbai,Cash on Delivery,2026-07-31,4
1183,3150,Edhitha Chatterjee,Book,Books,1,500,500,Delhi,Cash on Delivery,2026-08-05,3
1184,3277,Ayaan Rastogi,Phone,Electronics,3,25000,75000,Kolkata,Net Banking,2025-08-23,5
1185,3821,Jack Manda,T-Shirt,Fashion,3,800,2400,Pune,UPI,2025-11-14,6
1186,3108,Nitesh Seshadri,T-Shirt,Fashion,2,800,1600,Bengaluru,Credit Card,2025-10-19,3
1187,2287,Caleb Sura,Phone,Electronics,2,25000,50000,Chennai,UPI,2025-12-07,1
1188,8065,Kala Kumer,Laptop,Electronics,4,65000,260000,Delhi,Credit Card,2026-06-11,1
1189,1971,Neel Dara,Laptop,Electronics,5,65000,325000,Kolkata,UPI,2026-07-22,3
1190,1168,Dayita Sharma,Laptop,Electronics,3,65000,195000,Mumbai,UPI,2026-06-15,5
1191,4027,Urvashi Goel,Phone,Electronics,2,25000,50000,Ahmedabad,UPI,2025-10-21,1
1192,6698,Chaman Bajaj,Phone,Electronics,3,25000,75000,Ahmedabad,Credit Card,2026-06-18,7
1193,4962,Adya Kapoor,Headphones,Electronics,5,3000,15000,Mumbai,UPI,2025-12-16,7
1194,9664,Umang Rastogi,Headphones,Electronics,1,3000,3000,Hyderabad,Credit Card,2026-04-11,3
1195,1070,Kashish Saini,Phone,Electronics,5,25000,125000,Mumbai,Credit Card,2026-03-25,5
1196,7004,Saanvi Chopra,Watch,Accessories,4,5000,20000,Bengaluru,Cash on Delivery,2026-06-28,6
1197,6813,Charvi Chaudhary,Chair,Furniture,2,4000,8000,Chennai,Cash on Delivery,2026-01-26,2
1198,2848,Thomas Agate,Headphones,Electronics,4,3000,12000,Ahmedabad,UPI,2026-08-02,4
1199,9123,Andrew Srivastava,Phone,Electronics,2,25000,50000,Ahmedabad,Debit Card,2025-11-11,5
1200,6375,Lopa Gopal,Shoes,Fashion,1,2500,2500,Kolkata,UPI,2026-07-04,4
1201,6111,Aarini Loke,Phone,Electronics,5,25000,125000,Kolkata,Credit Card,2026-07-05,5
1202,4093,Eta De,Headphones,Electronics,4,3000,12000,Mumbai,Cash on Delivery,2026-04-27,6
1203,9055,Ronith Deo,Phone,Electronics,1,25000,25000,Mumbai,Cash on Delivery,2026-06-30,4
1204,2953,Ayush Natt,Headphones,Electronics,1,3000,3000,Bengaluru,Cash on Delivery,2025-08-23,4
1205,3764,Jatin Chander,Shoes,Fashion,1,2500,2500,Mumbai,Debit Card,2026-07-15,2
1206,7623,Waida Solanki,Phone,Electronics,5,25000,125000,Mumbai,Credit Card,2025-09-15,7
1207,5563,Ekantika Shere,Headphones,Electronics,4,3000,12000,Pune,Cash on Delivery,2026-02-05,3
1208,7626,Dalbir Padmanabhan,Headphones,Electronics,5,3000,15000,Kolkata,Net Banking,2026-03-08,3
1209,2770,Harish Nagarajan,Phone,Electronics,4,25000,100000,Mumbai,Debit Card,2025-10-13,4
1210,1486,Luke Contractor,Headphones,Electronics,2,3000,6000,Mumbai,UPI,2026-05-05,7
1211,3934,Rachit Tiwari,Laptop,Electronics,1,65000,65000,Chennai,Net Banking,2025-09-10,6
1212,2578,Chakradev Tailor,Phone,Electronics,3,25000,75000,Mumbai,Net Banking,2025-11-20,7
1213,4308,Dhriti Datta,Headphones,Electronics,4,3000,12000,Pune,Cash on Delivery,2026-04-25,4
1214,6629,Anusha Dora,Headphones,Electronics,5,3000,15000,Delhi,UPI,2026-04-23,4
1215,7285,Xavier Padmanabhan,Watch,Accessories,1,5000,5000,Kolkata,Debit Card,2026-03-29,7
1216,1589,Hritik Aggarwal,Phone,Electronics,4,25000,100000,Delhi,Credit Card,2025-09-21,5
1217,3689,Robert Sood,Shoes,Fashion,3,2500,7500,Kolkata,Cash on Delivery,2026-07-24,2
1218,8986,Maanav Varkey,Phone,Electronics,4,25000,100000,Mumbai,Net Banking,2026-07-13,6
1219,9837,Chakradhar Chhabra,Headphones,Electronics,5,3000,15000,Kolkata,Cash on Delivery,2026-01-14,5
1220,1913,Nimrat Kuruvilla,Watch,Accessories,5,5000,25000,Chennai,Debit Card,2025-12-08,4
1221,6779,Maanav Walla,Headphones,Electronics,4,3000,12000,Pune,Debit Card,2026-05-25,1
1222,3100,Oscar Sharaf,Laptop,Electronics,1,65000,65000,Ahmedabad,Debit Card,2025-08-22,7
1223,6591,Manbir Gola,Shoes,Fashion,1,2500,2500,Chennai,UPI,2026-06-28,4
1224,7749,Oni Tiwari,Phone,Electronics,3,25000,75000,Ahmedabad,UPI,2026-01-01,6
1225,6113,Shivani Vig,Phone,Electronics,2,25000,50000,Mumbai,UPI,2025-09-30,7
1226,3781,Onveer Gala,Phone,Electronics,3,25000,75000,Delhi,Net Banking,2026-01-20,3
1227,9433,Abhiram Goel,Laptop,Electronics,4,65000,260000,Chennai,Debit Card,2026-04-21,1
1228,1364,Niharika Thaker,Shoes,Fashion,5,2500,12500,Ahmedabad,Cash on Delivery,2026-07-26,5
1229,2601,Aashi Bandi,Phone,Electronics,5,25000,125000,Kolkata,UPI,2026-05-02,6
1230,9138,Tejas Babu,Shoes,Fashion,3,2500,7500,Ahmedabad,Credit Card,2026-04-03,5
1231,4305,Bishakha Ramanathan,Phone,Electronics,4,25000,100000,Kolkata,UPI,2025-08-17,7
1232,5708,Brinda Ranganathan,Watch,Accessories,2,5000,10000,Pune,UPI,2025-11-15,3
1233,4700,Viraj Bala,Bottle,Home,4,600,2400,Mumbai,Net Banking,2026-05-27,1
1234,2102,Riya Rastogi,Headphones,Electronics,3,3000,9000,Kolkata,Cash on Delivery,2025-09-11,2
1235,5945,Xiti Dhaliwal,Phone,Electronics,1,25000,25000,Pune,Cash on Delivery,2026-03-26,6
1236,7788,Nakul Chhabra,Headphones,Electronics,2,3000,6000,Chennai,Debit Card,2026-03-08,5
1237,3958,Sara Sarraf,Headphones,Electronics,5,3000,15000,Delhi,Net Banking,2026-05-21,7
1238,4489,Nilima Warrior,Phone,Electronics,4,25000,100000,Kolkata,Debit Card,2025-10-12,6
1239,8106,Utkarsh Dugar,Headphones,Electronics,5,3000,15000,Delhi,Net Banking,2026-06-27,2
1240,4938,Qadim Srivastava,Phone,Electronics,2,25000,50000,Bengaluru,Debit Card,2026-08-07,7
1241,2055,Balvan Patel,Headphones,Electronics,3,3000,9000,Hyderabad,Cash on Delivery,2026-04-24,3
1242,5201,Yochana Kari,T-Shirt,Fashion,2,800,1600,Hyderabad,Cash on Delivery,2026-02-02,2
1243,1453,Benjamin Khare,Phone,Electronics,2,25000,50000,Hyderabad,Debit Card,2025-08-29,4
1244,7914,Sanya Garde,Headphones,Electronics,4,3000,12000,Delhi,Credit Card,2025-12-11,2
1245,5233,Chandresh Agrawal,Phone,Electronics,1,25000,25000,Pune,Net Banking,2026-02-18,2
1246,8960,Tripti Seshadri,Shoes,Fashion,1,2500,2500,Delhi,UPI,2025-10-11,7
1247,5882,Arya Nazareth,Watch,Accessories,3,5000,15000,Mumbai,Cash on Delivery,2026-07-30,3
1248,7502,Parth Bali,Shoes,Fashion,1,2500,2500,Bengaluru,Credit Card,2025-12-28,1
1249,2976,Farhan Mallick,Headphones,Electronics,5,3000,15000,Pune,Cash on Delivery,2026-02-02,1
1250,6134,Watika Zachariah,Phone,Electronics,1,25000,25000,Ahmedabad,Net Banking,2026-07-20,6
1251,7928,Pratyush Nayar,Phone,Electronics,2,25000,50000,Hyderabad,Credit Card,2026-05-29,1
1252,8200,Aarini Tella,Phone,Electronics,3,25000,75000,Chennai,Debit Card,2026-01-06,7
1253,9740,Unni Sharaf,Headphones,Electronics,4,3000,12000,Ahmedabad,UPI,2025-12-03,3
1254,5036,Bhavna Sangha,Headphones,Electronics,4,3000,12000,Pune,Credit Card,2026-03-27,3
1255,6049,Urvi Bobal,Headphones,Electronics,3,3000,9000,Delhi,Net Banking,2026-01-09,1
1256,4926,Amruta Krishnamurthy,T-Shirt,Fashion,1,800,800,Pune,Net Banking,2026-02-22,4
1257,2999,Pahal Karpe,Phone,Electronics,3,25000,75000,Hyderabad,Cash on Delivery,2026-01-31,4
1258,5186,Jason Yadav,Laptop,Electronics,4,65000,260000,Pune,UPI,2025-11-30,7
1259,4446,Nidhi Dyal,T-Shirt,Fashion,3,800,2400,Bengaluru,Cash on Delivery,2025-09-05,6
1260,1555,Ijaya Gole,Phone,Electronics,4,25000,100000,Pune,UPI,2026-02-17,7
1261,8718,Christopher Gola,T-Shirt,Fashion,4,800,3200,Chennai,Debit Card,2026-07-26,6
1262,3627,Gunbir Bumb,Headphones,Electronics,1,3000,3000,Pune,Net Banking,2025-09-24,1
1263,9973,Kritika Gopal,Phone,Electronics,5,25000,125000,Ahmedabad,Cash on Delivery,2026-05-26,6
1264,4010,Kabir Subramanian,Laptop,Electronics,1,65000,65000,Kolkata,Credit Card,2025-09-26,1
1265,6140,Unnati Sarna,Headphones,Electronics,3,3000,9000,Mumbai,UPI,2025-11-06,2
1266,7722,Ekiya Chaudhary,Phone,Electronics,2,25000,50000,Ahmedabad,Cash on Delivery,2026-01-02,4
1267,5270,Maanas Sagar,Watch,Accessories,2,5000,10000,Bengaluru,Net Banking,2026-05-22,7
1268,4254,Harshil Palla,Phone,Electronics,3,25000,75000,Mumbai,Cash on Delivery,2026-04-14,3
1269,4677,Raagini Virk,Phone,Electronics,4,25000,100000,Delhi,UPI,2025-09-27,5
1270,2457,Rachit Chakrabarti,Shoes,Fashion,2,2500,5000,Kolkata,Credit Card,2026-01-28,3
1271,1815,Charita Shukla,Shoes,Fashion,2,2500,5000,Chennai,Net Banking,2026-07-11,4
1272,2459,Shivansh Badami,Shoes,Fashion,2,2500,5000,Ahmedabad,Credit Card,2026-07-13,5
1273,8129,Nidra Dhingra,Phone,Electronics,5,25000,125000,Kolkata,Cash on Delivery,2026-03-16,1
1274,4121,Dalbir Basu,Phone,Electronics,2,25000,50000,Pune,Debit Card,2025-10-18,6
1275,8066,Onveer Hora,Headphones,Electronics,2,3000,6000,Hyderabad,Net Banking,2026-03-17,2
1276,4102,Krish Halder,Bottle,Home,3,600,1800,Chennai,Credit Card,2026-02-05,4
1277,5754,Bina Natt,T-Shirt,Fashion,1,800,800,Pune,Credit Card,2026-07-15,5
1278,7056,Qadim Madan,Headphones,Electronics,2,3000,6000,Kolkata,UPI,2025-10-06,1
1279,7513,Daniel Vasa,Headphones,Electronics,3,3000,9000,Hyderabad,Cash on Delivery,2026-04-21,6
1280,5198,Yashoda Srivastava,Headphones,Electronics,5,3000,15000,Mumbai,UPI,2026-02-24,5
1281,4847,Divya Viswanathan,Laptop,Electronics,3,65000,195000,Kolkata,Debit Card,2026-01-08,5
1282,1745,Tara Deo,Desk,Furniture,5,7000,35000,Delhi,Debit Card,2025-12-06,5
1283,7466,Harsh Sant,Shoes,Fashion,3,2500,7500,Ahmedabad,Credit Card,2026-01-05,5
1284,5264,Eiravati Bhatti,Laptop,Electronics,2,65000,130000,Bengaluru,Net Banking,2025-09-12,4
1285,3161,Yuvraj Sood,Desk,Furniture,4,7000,28000,Mumbai,Debit Card,2026-01-06,6
1286,5266,Eesha Puri,Headphones,Electronics,2,3000,6000,Mumbai,Debit Card,2026-01-23,1
1287,5603,Yahvi Kaur,Chair,Furniture,4,4000,16000,Ahmedabad,Cash on Delivery,2026-04-14,3
1288,5321,Brinda Chacko,Book,Books,3,500,1500,Ahmedabad,Cash on Delivery,2026-07-10,2
1289,3478,Upma Bava,Phone,Electronics,4,25000,100000,Kolkata,UPI,2025-12-23,2
1290,4000,Atharv Dixit,Phone,Electronics,2,25000,50000,Delhi,Cash on Delivery,2026-03-30,3
1291,8150,Leena Keer,Phone,Electronics,4,25000,100000,Mumbai,Cash on Delivery,2026-07-21,1
1292,8949,Hritik Shroff,Headphones,Electronics,5,3000,15000,Kolkata,Cash on Delivery,2026-01-25,1
1293,3025,Nimrat Cherian,T-Shirt,Fashion,2,800,1600,Ahmedabad,UPI,2025-12-24,2
1294,3757,Balvan Pandit,Watch,Accessories,2,5000,10000,Pune,Net Banking,2026-04-28,6
1295,1067,Gopal Kaul,Headphones,Electronics,5,3000,15000,Bengaluru,Cash on Delivery,2026-07-14,1
1296,2545,Jyoti Sama,Phone,Electronics,4,25000,100000,Ahmedabad,UPI,2025-09-23,3
1297,7458,Praneel Palla,Shoes,Fashion,1,2500,2500,Ahmedabad,Net Banking,2025-09-14,1
1298,1473,David Parikh,T-Shirt,Fashion,2,800,1600,Mumbai,Cash on Delivery,2026-07-05,7
1299,8439,Krish Mand,Shoes,Fashion,4,2500,10000,Pune,Net Banking,2026-07-26,6
1300,8423,Theodore Chaudhry,Laptop,Electronics,1,65000,65000,Ahmedabad,Net Banking,2026-01-29,2
1301,5635,Vaishnavi Jani,Phone,Electronics,1,25000,25000,Ahmedabad,UPI,2026-03-16,6
1302,7248,Tanvi Behl,Laptop,Electronics,5,65000,325000,Mumbai,Cash on Delivery,2026-05-01,3
1303,2461,Kavya Suresh,Phone,Electronics,4,25000,100000,Delhi,Credit Card,2026-03-02,2
1304,5668,Bhavika Dixit,Phone,Electronics,4,25000,100000,Bengaluru,UPI,2026-01-17,3
1305,6080,Yadavi Kohli,Headphones,Electronics,4,3000,12000,Bengaluru,Debit Card,2025-08-14,6
1306,9399,Akshay Johal,Laptop,Electronics,3,65000,195000,Hyderabad,Cash on Delivery,2026-06-15,4
1307,5398,Wahab Barad,Watch,Accessories,4,5000,20000,Chennai,UPI,2025-09-21,7
1308,4053,Divya Walia,Headphones,Electronics,3,3000,9000,Chennai,Cash on Delivery,2026-06-26,1
1309,8594,Geetika Bora,Laptop,Electronics,3,65000,195000,Hyderabad,Credit Card,2025-08-08,4
1310,2375,Jairaj Dhawan,Headphones,Electronics,5,3000,15000,Pune,Cash on Delivery,2025-09-05,4
1311,5921,Varenya Cherian,Laptop,Electronics,4,65000,260000,Bengaluru,Credit Card,2025-10-07,6
1312,9570,Ria Sen,Book,Books,2,500,1000,Chennai,Debit Card,2026-01-28,5
1313,1738,Mugdha Andra,Laptop,Electronics,1,65000,65000,Mumbai,Net Banking,2025-12-12,4
1314,5151,Ubika Tella,Headphones,Electronics,4,3000,12000,Ahmedabad,Debit Card,2025-12-05,5
1315,1266,Pranit Seshadri,Laptop,Electronics,5,65000,325000,Mumbai,Cash on Delivery,2026-03-25,2
1316,1741,Robert Dutt,T-Shirt,Fashion,4,800,3200,Mumbai,Cash on Delivery,2026-07-12,6
1317,8454,Yagnesh Balan,Phone,Electronics,5,25000,125000,Kolkata,Net Banking,2025-10-21,7
1318,4458,Hritik Upadhyay,Phone,Electronics,2,25000,50000,Bengaluru,UPI,2026-01-14,6
1319,2742,Gagan Butala,Bottle,Home,3,600,1800,Chennai,Net Banking,2026-05-14,1
1320,1217,Tarak Koshy,Laptop,Electronics,1,65000,65000,Bengaluru,Cash on Delivery,2025-09-03,4
1321,8974,Lucky Kumar,Shoes,Fashion,5,2500,12500,Pune,Net Banking,2025-08-19,7
1322,7471,Baljiwan Gola,Chair,Furniture,3,4000,12000,Pune,UPI,2026-06-01,2
1323,2833,Vihaan Sharaf,Phone,Electronics,2,25000,50000,Delhi,Credit Card,2026-04-26,7
1324,3378,Azad Desai,Laptop,Electronics,4,65000,260000,Hyderabad,Cash on Delivery,2026-02-14,7
1325,4127,Oni Thaker,Shoes,Fashion,5,2500,12500,Mumbai,Debit Card,2026-02-14,7
1326,7912,Odika Datta,Headphones,Electronics,4,3000,12000,Delhi,UPI,2025-12-22,2
1327,8947,Hemang Dayal,Book,Books,4,500,2000,Kolkata,UPI,2025-08-27,7
1328,4298,Gaurang Narain,Headphones,Electronics,2,3000,6000,Pune,Net Banking,2026-06-28,7
1329,6469,Owen Nazareth,T-Shirt,Fashion,1,800,800,Delhi,UPI,2026-01-13,6
1330,7810,Avi Buch,T-Shirt,Fashion,4,800,3200,Kolkata,Net Banking,2025-09-14,5
1331,1606,Luke Patla,Shoes,Fashion,3,2500,7500,Kolkata,Cash on Delivery,2026-05-25,4
1332,8993,Udarsh Bhalla,Headphones,Electronics,5,3000,15000,Hyderabad,UPI,2025-11-24,5
1333,6174,Chameli Bhatt,Laptop,Electronics,5,65000,325000,Mumbai,Debit Card,2026-01-30,6
1334,2915,Pavani Pingle,Headphones,Electronics,4,3000,12000,Kolkata,Net Banking,2025-09-15,6
1335,1340,Zaitra Gera,Phone,Electronics,4,25000,100000,Bengaluru,Debit Card,2026-05-18,6
1336,8178,Owen Wable,Phone,Electronics,3,25000,75000,Hyderabad,Net Banking,2026-01-19,2
1337,8675,Yutika Solanki,Headphones,Electronics,3,3000,9000,Bengaluru,Debit Card,2026-03-05,6
1338,6902,Victor Chhabra,Shoes,Fashion,4,2500,10000,Kolkata,Credit Card,2026-06-29,5
1339,8911,Leena Barad,Phone,Electronics,1,25000,25000,Bengaluru,Credit Card,2026-02-10,2
1340,2653,Vincent Bhatnagar,Phone,Electronics,4,25000,100000,Chennai,Cash on Delivery,2025-09-10,3
1341,1770,Lajita Krishnamurthy,Phone,Electronics,5,25000,125000,Delhi,Debit Card,2025-08-22,3
1342,3862,Tanveer Arya,Phone,Electronics,2,25000,50000,Delhi,UPI,2025-08-15,3
1343,4714,Jeremiah Kar,Headphones,Electronics,5,3000,15000,Mumbai,Net Banking,2026-06-11,2
1344,6820,Gautami Bajaj,Headphones,Electronics,3,3000,9000,Delhi,Net Banking,2025-11-03,3
1345,2706,Karan Ganesan,Watch,Accessories,5,5000,25000,Delhi,Cash on Delivery,2026-03-28,7
1346,2734,Ekanta Patla,Headphones,Electronics,1,3000,3000,Mumbai,Net Banking,2026-04-24,1
1347,2934,Rajata Palan,Headphones,Electronics,2,3000,6000,Hyderabad,Debit Card,2025-11-27,2
1348,9288,Libni Chadha,Shoes,Fashion,4,2500,10000,Kolkata,UPI,2025-09-02,2
1349,3257,Ekta Edwin,Shoes,Fashion,3,2500,7500,Mumbai,Credit Card,2026-02-24,4
1350,5019,Tanmayi Dyal,Chair,Furniture,1,4000,4000,Kolkata,Debit Card,2026-05-10,3
1351,5358,Gaurav Tandon,Headphones,Electronics,1,3000,3000,Ahmedabad,Cash on Delivery,2025-11-13,3
1352,3483,Gopal Mane,Shoes,Fashion,2,2500,5000,Chennai,Credit Card,2025-11-07,2
1353,7706,Jatin Karpe,T-Shirt,Fashion,4,800,3200,Kolkata,Net Banking,2026-05-27,7
1354,8251,Kala Dixit,Shoes,Fashion,1,2500,2500,Bengaluru,UPI,2026-01-11,6
1355,2389,Warjas Issac,T-Shirt,Fashion,1,800,800,Ahmedabad,Debit Card,2026-02-01,4
1356,8111,Kamala Bassi,Bottle,Home,2,600,1200,Delhi,Cash on Delivery,2026-02-10,7
1357,1947,Sachi Sachdev,Laptop,Electronics,2,65000,130000,Pune,Cash on Delivery,2026-03-11,4
1358,5986,Udarsh Kulkarni,Watch,Accessories,5,5000,25000,Ahmedabad,Debit Card,2025-11-20,1
1359,3406,Sanaya Sathe,T-Shirt,Fashion,5,800,4000,Chennai,Cash on Delivery,2026-04-23,6
1360,8244,Urishilla Memon,Phone,Electronics,5,25000,125000,Ahmedabad,Cash on Delivery,2026-03-09,7
1361,2380,Rajeshri Pingle,Phone,Electronics,3,25000,75000,Delhi,Net Banking,2025-11-05,3
1362,9527,Ati Deo,Phone,Electronics,2,25000,50000,Pune,Credit Card,2026-01-30,1
1363,9541,Jeremiah Manne,Headphones,Electronics,3,3000,9000,Ahmedabad,Credit Card,2025-12-12,1
1364,5238,Meera Bora,Laptop,Electronics,5,65000,325000,Hyderabad,Debit Card,2025-12-25,6
1365,2809,Dominic Tandon,Headphones,Electronics,5,3000,15000,Delhi,Debit Card,2026-04-05,3
1366,3028,Girik Dada,Shoes,Fashion,3,2500,7500,Delhi,UPI,2025-10-25,4
1367,8424,Ladli Vohra,Phone,Electronics,1,25000,25000,Ahmedabad,Credit Card,2026-03-25,7
1368,9737,Sneha Rout,Shoes,Fashion,5,2500,12500,Hyderabad,Debit Card,2026-07-23,3
1369,3293,Barkha Barad,Phone,Electronics,5,25000,125000,Chennai,Net Banking,2025-09-01,6
1370,9461,Maanav Deshmukh,Phone,Electronics,3,25000,75000,Hyderabad,Debit Card,2026-04-15,4
1371,7751,Dayamai Krishna,Laptop,Electronics,4,65000,260000,Mumbai,UPI,2026-05-14,1
1372,8802,Vivaan Muni,Headphones,Electronics,2,3000,6000,Hyderabad,Cash on Delivery,2026-05-18,1
1373,7598,Jagdish Balan,Phone,Electronics,5,25000,125000,Chennai,Debit Card,2025-10-04,5
1374,8210,Ishanvi Hari,Headphones,Electronics,4,3000,12000,Kolkata,Cash on Delivery,2025-09-25,7
1375,3082,Adweta Keer,Phone,Electronics,5,25000,125000,Kolkata,Cash on Delivery,2026-01-11,2
1376,9669,Azad Chander,Chair,Furniture,5,4000,20000,Mumbai,Credit Card,2025-09-09,4
1377,7051,Kritika Agate,Headphones,Electronics,2,3000,6000,Mumbai,Net Banking,2026-07-28,7
1378,7055,Prisha Nath,Headphones,Electronics,1,3000,3000,Pune,UPI,2025-12-30,5
1379,5995,Kamya Roy,Phone,Electronics,3,25000,75000,Ahmedabad,Debit Card,2026-04-15,3
1380,3328,Sai Hans,Headphones,Electronics,2,3000,6000,Chennai,UPI,2025-11-25,3
1381,3999,Maya Prasad,Watch,Accessories,2,5000,10000,Kolkata,UPI,2026-04-13,1
1382,1732,Saanvi Wason,Headphones,Electronics,1,3000,3000,Chennai,Cash on Delivery,2025-09-30,5
1383,6534,Azaan Borra,Phone,Electronics,4,25000,100000,Chennai,Cash on Delivery,2025-08-28,7
1384,3175,Amara Khare,Shoes,Fashion,5,2500,12500,Bengaluru,Net Banking,2026-04-22,6
1385,8357,Darpan Bal,Headphones,Electronics,4,3000,12000,Bengaluru,Debit Card,2025-11-07,1
1386,7711,Aarini Kade,T-Shirt,Fashion,5,800,4000,Chennai,Credit Card,2026-05-08,4
1387,8259,Yatin Mander,Phone,Electronics,1,25000,25000,Pune,UPI,2026-02-08,7
1388,6060,Joshua Dani,Phone,Electronics,1,25000,25000,Mumbai,Net Banking,2026-03-08,1
1389,9877,Saanvi Kulkarni,Phone,Electronics,5,25000,125000,Delhi,Net Banking,2026-01-27,5
1390,9235,Mohammed Om,Phone,Electronics,4,25000,100000,Delhi,UPI,2025-12-01,6
1391,1310,Varenya Trivedi,Desk,Furniture,2,7000,14000,Pune,Credit Card,2026-04-28,2
1392,8278,Orinder Mandal,T-Shirt,Fashion,5,800,4000,Mumbai,Net Banking,2026-04-08,5
1393,1737,Chakradev Ramesh,Phone,Electronics,5,25000,125000,Kolkata,UPI,2026-01-02,3
1394,1394,Vaishnavi Char,Headphones,Electronics,4,3000,12000,Ahmedabad,Cash on Delivery,2026-01-13,3
1395,9876,Yoshita Sabharwal,Laptop,Electronics,1,65000,65000,Bengaluru,Debit Card,2026-07-28,2
1396,3526,Alka Sastry,Phone,Electronics,1,25000,25000,Pune,Cash on Delivery,2026-07-05,6
1397,6329,Libni Tara,Phone,Electronics,5,25000,125000,Bengaluru,UPI,2025-11-27,6
1398,2617,Panini Choudhry,Laptop,Electronics,4,65000,260000,Ahmedabad,Credit Card,2026-03-17,4
1399,7152,Udarsh Barad,Watch,Accessories,3,5000,15000,Mumbai,UPI,2025-12-02,2
1400,4874,Frado Kibe,Phone,Electronics,5,25000,125000,Kolkata,Net Banking,2025-09-04,7
1401,5412,Rajata Srinivas,Headphones,Electronics,1,3000,3000,Delhi,Debit Card,2025-11-11,4
1402,8932,Gautam Bhatia,Headphones,Electronics,1,3000,3000,Delhi,Cash on Delivery,2026-05-07,6
1403,5409,Warda Sachar,Phone,Electronics,1,25000,25000,Mumbai,Credit Card,2025-08-26,7
1404,5990,Saanvi Rajan,Headphones,Electronics,2,3000,6000,Chennai,Cash on Delivery,2026-05-07,1
1405,4333,Anvi Bandi,T-Shirt,Fashion,5,800,4000,Bengaluru,Debit Card,2026-04-16,5
1406,9806,Waida Sundaram,Bottle,Home,2,600,1200,Chennai,Net Banking,2026-04-06,4
1407,5739,Samarth Ramakrishnan,Laptop,Electronics,4,65000,260000,Bengaluru,UPI,2025-11-10,1
1408,5477,Maya Krishnamurthy,Desk,Furniture,4,7000,28000,Pune,Cash on Delivery,2025-10-08,3
1409,9361,Janya Ghosh,T-Shirt,Fashion,2,800,1600,Pune,UPI,2026-03-02,2
1410,2145,Tejas Rajan,Shoes,Fashion,5,2500,12500,Pune,UPI,2026-06-08,4
1411,5578,Faris Rastogi,Shoes,Fashion,2,2500,5000,Chennai,Credit Card,2025-10-30,5
1412,6613,Nicholas Ahuja,Headphones,Electronics,3,3000,9000,Pune,Cash on Delivery,2026-06-08,3
1413,6597,Balvan Kar,Phone,Electronics,3,25000,75000,Hyderabad,Cash on Delivery,2026-07-23,5
1414,1033,Vasana Agrawal,Phone,Electronics,2,25000,50000,Kolkata,UPI,2026-05-03,1
1415,9011,Anay Chander,Shoes,Fashion,4,2500,10000,Chennai,Net Banking,2025-12-26,1
1416,9825,Chatresh Bakshi,T-Shirt,Fashion,1,800,800,Delhi,Cash on Delivery,2025-12-01,6
1417,6864,Nimrat Palla,Phone,Electronics,4,25000,100000,Chennai,Credit Card,2025-10-29,7
1418,3044,Wriddhish Purohit,T-Shirt,Fashion,1,800,800,Kolkata,Debit Card,2026-03-29,2
1419,1324,Frado Bhatia,Headphones,Electronics,2,3000,6000,Pune,Debit Card,2026-07-01,2
1420,5967,Advay Ramakrishnan,Laptop,Electronics,5,65000,325000,Hyderabad,Credit Card,2025-08-19,4
1421,5599,Kashvi Goda,Chair,Furniture,1,4000,4000,Kolkata,Net Banking,2025-08-13,2
1422,2817,Wakeeta Datta,Laptop,Electronics,4,65000,260000,Pune,Net Banking,2026-01-02,5
1423,4174,Hemani Mannan,Headphones,Electronics,5,3000,15000,Bengaluru,UPI,2025-08-21,5
1424,3087,Victor Baral,Phone,Electronics,1,25000,25000,Pune,Net Banking,2025-09-25,7
1425,5494,Kamya Bhattacharyya,Phone,Electronics,5,25000,125000,Hyderabad,UPI,2025-11-08,6
1426,5143,Chandran Patla,Shoes,Fashion,5,2500,12500,Kolkata,UPI,2026-05-06,4
1427,6292,Aditya Purohit,Shoes,Fashion,1,2500,2500,Chennai,Cash on Delivery,2025-09-28,3
1428,8644,Oviya Mohan,Phone,Electronics,5,25000,125000,Kolkata,Debit Card,2026-06-02,5
1429,1769,Maya Nigam,T-Shirt,Fashion,2,800,1600,Pune,Cash on Delivery,2026-01-25,5
1430,7420,Ojasvi Bandi,Headphones,Electronics,1,3000,3000,Hyderabad,Debit Card,2025-12-19,1
1431,4696,Sanaya Ahluwalia,Watch,Accessories,1,5000,5000,Chennai,UPI,2025-11-09,2
1432,6092,George Lanka,Phone,Electronics,3,25000,75000,Mumbai,UPI,2025-11-30,1
1433,6477,Omya Zachariah,Headphones,Electronics,1,3000,3000,Pune,Credit Card,2026-01-14,1
1434,1891,Tanmayi Murty,Headphones,Electronics,3,3000,9000,Ahmedabad,Net Banking,2025-11-23,7
1435,8184,Keya Mane,Phone,Electronics,1,25000,25000,Mumbai,Cash on Delivery,2025-08-30,5
1436,1546,Harsh Rajagopalan,Phone,Electronics,1,25000,25000,Chennai,Debit Card,2026-05-08,7
1437,2015,Chandresh Chandra,Shoes,Fashion,2,2500,5000,Kolkata,UPI,2026-01-10,3
1438,2077,Om Zachariah,Shoes,Fashion,4,2500,10000,Mumbai,UPI,2026-03-08,5
1439,7581,Oscar Kuruvilla,Laptop,Electronics,4,65000,260000,Mumbai,Net Banking,2026-07-23,7
1440,1173,Vansha Batra,Headphones,Electronics,5,3000,15000,Kolkata,Cash on Delivery,2025-08-21,4
1441,2659,Baljiwan Tara,T-Shirt,Fashion,5,800,4000,Ahmedabad,UPI,2025-09-08,4
1442,4153,Bimala Kari,Headphones,Electronics,5,3000,15000,Mumbai,UPI,2026-08-07,1
1443,4172,Fariq Bajwa,Headphones,Electronics,1,3000,3000,Bengaluru,Net Banking,2025-11-16,3
1444,8284,Yagnesh Ganesan,Phone,Electronics,4,25000,100000,Bengaluru,Credit Card,2026-08-06,2
1445,3091,Lekha Mukherjee,T-Shirt,Fashion,1,800,800,Pune,Net Banking,2025-08-28,4
1446,6098,Kai Sarma,Headphones,Electronics,3,3000,9000,Bengaluru,Credit Card,2026-05-06,4
1447,5768,Charan Kadakia,Phone,Electronics,3,25000,75000,Ahmedabad,UPI,2026-02-13,5
1448,1939,Chasmum Saha,Headphones,Electronics,2,3000,6000,Hyderabad,Net Banking,2026-07-22,7
1449,7915,Sanya Andra,T-Shirt,Fashion,1,800,800,Ahmedabad,Credit Card,2026-04-17,2
1450,2120,Mohammed Thaman,Shoes,Fashion,2,2500,5000,Ahmedabad,Credit Card,2026-05-08,6
1451,6425,Jagvi Sankar,Headphones,Electronics,4,3000,12000,Ahmedabad,Net Banking,2025-10-03,3
1452,2717,Yadavi Pathak,Headphones,Electronics,2,3000,6000,Kolkata,UPI,2025-08-10,4
1453,4654,Vritti Chadha,Phone,Electronics,1,25000,25000,Hyderabad,Cash on Delivery,2026-05-17,5
1454,6431,Nandini Edwin,Phone,Electronics,4,25000,100000,Chennai,Credit Card,2025-08-12,4
1455,6944,Harinakshi Dhaliwal,Phone,Electronics,1,25000,25000,Delhi,UPI,2025-09-08,3
1456,3333,Mahika Banik,Laptop,Electronics,1,65000,65000,Pune,Cash on Delivery,2026-06-19,2
1457,1719,Bina Khatri,Shoes,Fashion,3,2500,7500,Delhi,Credit Card,2026-03-12,2
1458,5292,Liam Dewan,Phone,Electronics,2,25000,50000,Bengaluru,Debit Card,2026-01-10,7
1459,4211,Faraj Chahal,Headphones,Electronics,2,3000,6000,Delhi,Credit Card,2026-03-17,7
1460,1343,Janaki Dugar,Phone,Electronics,1,25000,25000,Bengaluru,Cash on Delivery,2026-03-25,6
1461,6544,Baljiwan Ahuja,T-Shirt,Fashion,1,800,800,Hyderabad,Debit Card,2026-07-28,4
1462,3807,Hiral Ben,Phone,Electronics,3,25000,75000,Chennai,UPI,2025-12-20,1
1463,4107,Charan Desai,Phone,Electronics,2,25000,50000,Hyderabad,Net Banking,2025-11-16,4
1464,8037,Pahal Thaker,Shoes,Fashion,3,2500,7500,Hyderabad,UPI,2026-02-17,7
1465,9773,Pahal Sandal,Shoes,Fashion,2,2500,5000,Pune,Credit Card,2025-08-08,3
1466,3071,Utkarsh Gara,Phone,Electronics,3,25000,75000,Kolkata,Credit Card,2025-10-07,6
1467,2062,Aarush Rai,Laptop,Electronics,4,65000,260000,Bengaluru,Net Banking,2025-10-28,4
1468,7131,Suhani Kala,T-Shirt,Fashion,5,800,4000,Kolkata,Net Banking,2025-12-04,4
1469,9609,Atharv Memon,Phone,Electronics,3,25000,75000,Kolkata,Cash on Delivery,2026-04-12,4
1470,1599,Saanvi Hegde,Phone,Electronics,4,25000,100000,Hyderabad,Credit Card,2026-06-04,2
1471,7486,Udant Konda,Headphones,Electronics,2,3000,6000,Hyderabad,Debit Card,2025-12-15,4
1472,3575,Rachita Rana,Watch,Accessories,5,5000,25000,Ahmedabad,Debit Card,2026-08-05,5
1473,5834,Rushil Tara,Laptop,Electronics,1,65000,65000,Kolkata,Net Banking,2026-04-23,3
1474,8622,Panini Bajwa,Phone,Electronics,1,25000,25000,Ahmedabad,Cash on Delivery,2025-11-02,4
1475,7021,Hardik Mandal,Headphones,Electronics,4,3000,12000,Kolkata,Debit Card,2025-08-10,3
1476,8236,Jonathan Raghavan,Phone,Electronics,2,25000,50000,Hyderabad,Debit Card,2026-07-20,6
1477,5825,Kritika Bawa,Laptop,Electronics,1,65000,65000,Mumbai,Debit Card,2025-12-27,2
1478,6902,Omya Koshy,Laptop,Electronics,1,65000,65000,Delhi,Net Banking,2025-08-21,2
1479,5096,Aahana Konda,Phone,Electronics,3,25000,75000,Pune,Debit Card,2026-06-02,2
1480,9898,Ranveer Gill,Shoes,Fashion,2,2500,5000,Pune,UPI,2025-10-27,7
1481,7616,Zarna Gokhale,Phone,Electronics,3,25000,75000,Chennai,Net Banking,2025-11-15,7
1482,9399,Parth Dhaliwal,Shoes,Fashion,4,2500,10000,Bengaluru,Cash on Delivery,2025-11-02,2
1483,8773,Lila Batta,Phone,Electronics,2,25000,50000,Hyderabad,Net Banking,2026-03-24,5
1484,8559,Megha Raval,T-Shirt,Fashion,4,800,3200,Ahmedabad,UPI,2026-06-25,3
1485,7843,Avi Bail,T-Shirt,Fashion,4,800,3200,Hyderabad,Cash on Delivery,2025-08-08,4
1486,7139,Shivansh Devan,Watch,Accessories,1,5000,5000,Bengaluru,Net Banking,2026-07-16,7
1487,9188,Ira Batta,Phone,Electronics,1,25000,25000,Ahmedabad,Debit Card,2025-12-10,2
1488,9808,Balveer Vaidya,Headphones,Electronics,4,3000,12000,Pune,Debit Card,2026-01-10,5
1489,3279,Azaan Bansal,Laptop,Electronics,1,65000,65000,Bengaluru,Debit Card,2026-06-21,5
1490,7404,Jairaj Dhar,Shoes,Fashion,5,2500,12500,Chennai,Credit Card,2025-10-17,4
1491,4085,Ayushman Talwar,Laptop,Electronics,4,65000,260000,Kolkata,UPI,2026-07-09,3
1492,5991,Leena Gera,Headphones,Electronics,4,3000,12000,Mumbai,Credit Card,2026-07-22,1
1493,1525,Aarav Mital,Shoes,Fashion,2,2500,5000,Kolkata,UPI,2025-12-15,2
1494,5650,Hemang Saxena,Phone,Electronics,4,25000,100000,Hyderabad,Credit Card,2025-12-29,3
1495,8449,Agastya Majumdar,Shoes,Fashion,1,2500,2500,Delhi,Debit Card,2026-06-01,5
1496,7731,Vedant Handa,Laptop,Electronics,3,65000,195000,Chennai,Credit Card,2026-03-29,1
1497,8835,Chaitaly Dube,Phone,Electronics,4,25000,100000,Mumbai,Cash on Delivery,2026-01-18,7
1498,6075,Banjeet Gala,Phone,Electronics,2,25000,50000,Chennai,Cash on Delivery,2025-12-10,2
1499,4325,Dayita Oza,Shoes,Fashion,3,2500,7500,Kolkata,Debit Card,2026-04-22,2
1500,8302,Pratyush Muni,Laptop,Electronics,2,65000,130000,Mumbai,Cash on Delivery,2025-11-23,5
1501,6388,Avni Hegde,T-Shirt,Fashion,5,800,4000,Kolkata,Cash on Delivery,2025-09-13,4
1502,5717,Manya Dar,Headphones,Electronics,1,3000,3000,Kolkata,Debit Card,2026-07-08,6
1503,7407,Zashil Sachar,T-Shirt,Fashion,3,800,2400,Bengaluru,Cash on Delivery,2026-06-06,2
1504,8079,Bhavya Chana,Phone,Electronics,5,25000,125000,Kolkata,Cash on Delivery,2025-12-19,6
1505,2565,Eesha Varkey,Phone,Electronics,5,25000,125000,Chennai,UPI,2025-10-30,2
1506,5485,Varenya Basak,Watch,Accessories,2,5000,10000,Pune,UPI,2025-10-19,6
1507,9085,Anay Balasubramanian,Shoes,Fashion,2,2500,5000,Chennai,Net Banking,2026-08-07,1
1508,2723,Reyansh Mangat,Bottle,Home,1,600,600,Ahmedabad,Cash on Delivery,2026-04-01,4
1509,9291,Janya Kant,Phone,Electronics,2,25000,50000,Delhi,Cash on Delivery,2026-06-20,1
1510,7244,Ekantika Tandon,Laptop,Electronics,4,65000,260000,Ahmedabad,Cash on Delivery,2026-06-16,7
1511,1175,Upadhriti Guha,Phone,Electronics,1,25000,25000,Pune,UPI,2026-04-14,6
1512,8606,Kiaan Shere,Book,Books,3,500,1500,Kolkata,Cash on Delivery,2026-05-23,1
1513,8171,Suhani Chaudhary,Laptop,Electronics,2,65000,130000,Bengaluru,Cash on Delivery,2025-12-02,7
1514,3794,Tanveer Shanker,Phone,Electronics,2,25000,50000,Delhi,Net Banking,2025-09-01,1
1515,9759,Forum Chawla,Phone,Electronics,1,25000,25000,Chennai,Credit Card,2025-09-02,1
1516,5476,Devika Baral,Shoes,Fashion,1,2500,2500,Bengaluru,Cash on Delivery,2026-01-24,3
1517,9721,Yachana Biswas,Phone,Electronics,1,25000,25000,Hyderabad,Cash on Delivery,2025-11-18,6
1518,2684,Samaksh Kala,Laptop,Electronics,5,65000,325000,Chennai,Debit Card,2026-03-05,4
1519,1797,Jatin More,Laptop,Electronics,1,65000,65000,Chennai,Credit Card,2026-02-13,2
1520,4276,Chanchal Hari,Phone,Electronics,2,25000,50000,Mumbai,UPI,2025-09-04,4
1521,6523,Lopa Kannan,Laptop,Electronics,1,65000,65000,Hyderabad,UPI,2026-04-30,2
1522,3750,Amaira Balay,Chair,Furniture,1,4000,4000,Bengaluru,UPI,2026-04-29,4
1523,6286,Pahal Sama,Headphones,Electronics,3,3000,9000,Hyderabad,Net Banking,2026-04-18,2
1524,8010,Aarav Swaminathan,Desk,Furniture,4,7000,28000,Mumbai,Credit Card,2025-10-22,2
1525,3844,Mekhala Dhaliwal,Phone,Electronics,3,25000,75000,Delhi,Cash on Delivery,2026-05-27,6
1526,4485,Sachi Loyal,Phone,Electronics,4,25000,100000,Kolkata,Credit Card,2026-07-21,1
1527,7045,Shivansh Sahni,Shoes,Fashion,3,2500,7500,Delhi,UPI,2026-07-05,2
1528,9185,Watika Dara,Headphones,Electronics,5,3000,15000,Mumbai,Net Banking,2026-05-14,7
1529,3809,Chaaya Wable,Bottle,Home,5,600,3000,Pune,UPI,2026-03-02,5
1530,3177,Suhani Kalita,Phone,Electronics,4,25000,100000,Ahmedabad,Credit Card,2026-07-29,6
1531,8899,Lopa Ganesh,T-Shirt,Fashion,3,800,2400,Mumbai,Debit Card,2026-07-01,1
1532,8354,Damini Roy,Shoes,Fashion,5,2500,12500,Chennai,Net Banking,2026-07-03,6
1533,1217,Kevin Krishnamurthy,Shoes,Fashion,5,2500,12500,Hyderabad,UPI,2025-11-28,5
1534,6060,Adweta Sha,T-Shirt,Fashion,1,800,800,Hyderabad,Cash on Delivery,2025-08-18,7
1535,1981,Agastya Narasimhan,Phone,Electronics,1,25000,25000,Bengaluru,Debit Card,2025-11-14,4
1536,7156,Chakradhar Hari,Phone,Electronics,2,25000,50000,Hyderabad,UPI,2025-08-26,2
1537,8270,Yahvi Dua,Book,Books,5,500,2500,Ahmedabad,Credit Card,2026-04-04,3
1538,9533,Alexander Dixit,Phone,Electronics,1,25000,25000,Chennai,Debit Card,2026-03-24,7
1539,6615,Abhimanyu Korpal,Laptop,Electronics,3,65000,195000,Hyderabad,Credit Card,2025-09-24,5
1540,4644,Max Suri,Laptop,Electronics,2,65000,130000,Chennai,Net Banking,2026-04-28,3
1541,2058,Bina Prabhu,Phone,Electronics,1,25000,25000,Kolkata,UPI,2025-10-24,2
1542,4345,Samarth Merchant,Laptop,Electronics,2,65000,130000,Bengaluru,UPI,2025-12-11,2
1543,4871,Damini Bora,Headphones,Electronics,2,3000,6000,Mumbai,Cash on Delivery,2025-12-27,6
1544,4236,Isaiah Pandit,Headphones,Electronics,2,3000,6000,Hyderabad,Cash on Delivery,2025-11-19,2
1545,5675,Alka Mammen,Shoes,Fashion,3,2500,7500,Kolkata,Credit Card,2025-08-10,3
1546,2310,Azad Narang,Watch,Accessories,4,5000,20000,Ahmedabad,Cash on Delivery,2026-03-15,4
1547,7925,Ekaja Chatterjee,Phone,Electronics,4,25000,100000,Chennai,Credit Card,2026-04-02,7
1548,1324,Samuel Ghosh,Chair,Furniture,4,4000,16000,Chennai,Cash on Delivery,2025-09-13,7
1549,9801,Yashvi Edwin,Laptop,Electronics,3,65000,195000,Bengaluru,Net Banking,2026-06-18,6
1550,8596,Chaitaly Rattan,Phone,Electronics,4,25000,100000,Pune,Cash on Delivery,2026-07-28,3
1551,8878,Joshua Nath,Phone,Electronics,5,25000,125000,Mumbai,Debit Card,2026-06-14,2
1552,3535,Wazir Dixit,Shoes,Fashion,2,2500,5000,Hyderabad,UPI,2025-09-14,1
1553,9051,Anika Kapur,Watch,Accessories,3,5000,15000,Chennai,Cash on Delivery,2026-04-22,4
1554,7292,Yashodhara Sarma,Chair,Furniture,3,4000,12000,Kolkata,Debit Card,2026-04-26,6
1555,7697,Anika Raghavan,Bottle,Home,1,600,600,Delhi,UPI,2025-09-13,4
1556,4182,Zilmil Datta,Desk,Furniture,2,7000,14000,Chennai,Debit Card,2025-10-08,7
1557,9349,Dhruv Golla,Book,Books,3,500,1500,Kolkata,Debit Card,2025-10-10,6
1558,7947,Qushi Tiwari,Laptop,Electronics,4,65000,260000,Hyderabad,Credit Card,2026-06-10,4
1559,1462,Reva Loke,Laptop,Electronics,3,65000,195000,Bengaluru,Debit Card,2026-06-23,5
1560,5166,Sara Sen,Headphones,Electronics,2,3000,6000,Hyderabad,Net Banking,2025-12-28,5
1561,1202,Ekapad Bajwa,Chair,Furniture,2,4000,8000,Mumbai,UPI,2025-10-03,6
1562,7515,Hiral Sant,Shoes,Fashion,4,2500,10000,Mumbai,Net Banking,2026-07-25,2
1563,7993,Bishakha Raman,Watch,Accessories,2,5000,10000,Pune,Debit Card,2026-06-16,5
1564,6045,Sneha Som,Chair,Furniture,4,4000,16000,Chennai,UPI,2026-01-26,1
1565,3338,Nihal Baria,Shoes,Fashion,3,2500,7500,Pune,Credit Card,2026-01-11,6
1566,1105,Hritik Sampath,Phone,Electronics,3,25000,75000,Bengaluru,Cash on Delivery,2025-12-28,1
1567,9600,Isaac Sani,Laptop,Electronics,4,65000,260000,Chennai,Debit Card,2026-01-07,6
1568,7138,Ekani Puri,Headphones,Electronics,2,3000,6000,Bengaluru,Credit Card,2026-01-03,2
1569,2806,Balhaar Pal,Headphones,Electronics,5,3000,15000,Kolkata,Net Banking,2026-06-22,7
1570,1966,Shravya Sahni,Phone,Electronics,2,25000,50000,Bengaluru,Credit Card,2026-06-24,3
1571,8220,Oliver Magar,Bottle,Home,4,600,2400,Mumbai,Credit Card,2025-10-25,1
1572,3042,Hardik Khare,Phone,Electronics,4,25000,100000,Pune,UPI,2026-05-30,3
1573,8829,Liam Nagarajan,Laptop,Electronics,2,65000,130000,Kolkata,UPI,2026-05-21,1
1574,1685,Triya Amble,Laptop,Electronics,1,65000,65000,Mumbai,Credit Card,2026-08-01,5
1575,9520,Vivaan Srivastava,T-Shirt,Fashion,4,800,3200,Pune,Cash on Delivery,2026-03-31,4
1576,8036,Waida Subramanian,T-Shirt,Fashion,5,800,4000,Ahmedabad,Debit Card,2025-12-12,6
1577,4925,Chameli Shere,Watch,Accessories,3,5000,15000,Ahmedabad,Cash on Delivery,2025-10-29,4
1578,6410,Krish Nigam,Shoes,Fashion,3,2500,7500,Mumbai,UPI,2026-06-07,4
1579,3275,Ekapad Banik,Watch,Accessories,4,5000,20000,Delhi,Net Banking,2025-08-12,1
1580,5072,Neel D’Alia,Watch,Accessories,3,5000,15000,Ahmedabad,Cash on Delivery,2026-01-04,5
1581,9436,Balvan Majumdar,Shoes,Fashion,4,2500,10000,Chennai,Credit Card,2026-06-04,1
1582,1272,Mekhala Golla,Bottle,Home,3,600,1800,Ahmedabad,UPI,2026-07-14,7
1583,4826,Balvan Devan,Shoes,Fashion,4,2500,10000,Kolkata,Cash on Delivery,2026-06-03,6
1584,6707,Ekantika Rastogi,Shoes,Fashion,1,2500,2500,Chennai,Cash on Delivery,2025-10-06,6
1585,7305,Urvi Kamdar,Watch,Accessories,1,5000,5000,Pune,Net Banking,2026-01-11,2
1586,9267,Nathan Mandal,Shoes,Fashion,5,2500,12500,Delhi,Credit Card,2025-12-14,4
1587,9990,Isaiah Bains,T-Shirt,Fashion,3,800,2400,Kolkata,Credit Card,2026-01-17,4
1588,9858,Barkha Parmar,Chair,Furniture,4,4000,16000,Hyderabad,Credit Card,2026-07-18,2
1589,2728,Ryan Mohanty,Phone,Electronics,1,25000,25000,Chennai,UPI,2025-08-14,2
1590,7283,Dayamai Raj,Book,Books,3,500,1500,Pune,Credit Card,2026-03-12,6
1591,3016,Jatin Bala,Phone,Electronics,4,25000,100000,Bengaluru,Net Banking,2025-12-06,6
1592,6452,Warjas Zachariah,Shoes,Fashion,1,2500,2500,Hyderabad,Net Banking,2025-11-21,7
1593,6623,Pranit Bir,Book,Books,1,500,500,Chennai,Cash on Delivery,2026-06-15,6
1594,8159,Pavani Deol,Shoes,Fashion,5,2500,12500,Hyderabad,Credit Card,2026-08-02,3
1595,2824,Maanas Palan,Phone,Electronics,1,25000,25000,Mumbai,Debit Card,2025-08-29,6
1596,2902,Sanaya Merchant,Headphones,Electronics,2,3000,6000,Ahmedabad,Credit Card,2026-02-21,7
1597,1027,Samarth Bera,Phone,Electronics,4,25000,100000,Pune,UPI,2025-08-13,5
1598,7941,Vritti Thakkar,Headphones,Electronics,4,3000,12000,Ahmedabad,Debit Card,2026-03-09,7
1599,9515,Krisha Gala,Shoes,Fashion,2,2500,5000,Hyderabad,UPI,2025-08-24,4
1600,6176,Yutika Dhar,Laptop,Electronics,4,65000,260000,Bengaluru,Debit Card,2026-01-29,7
1601,3415,Tarak Wali,Phone,Electronics,4,25000,100000,Pune,Credit Card,2025-12-26,6
1602,6245,Shivani Samra,Shoes,Fashion,1,2500,2500,Pune,Net Banking,2026-01-03,6
1603,8836,Rehaan Bandi,Phone,Electronics,5,25000,125000,Hyderabad,Cash on Delivery,2025-09-05,3
1604,1963,Ucchal Virk,Shoes,Fashion,4,2500,10000,Ahmedabad,Credit Card,2026-03-10,7
1605,1861,Qarin Batra,Shoes,Fashion,2,2500,5000,Bengaluru,Cash on Delivery,2026-07-18,6
1606,1353,Aadi Mallick,Phone,Electronics,2,25000,50000,Chennai,Debit Card,2026-04-27,4
1607,7412,Indira Mitter,Shoes,Fashion,3,2500,7500,Chennai,UPI,2026-06-05,5
1608,4196,Sai Mandal,Shoes,Fashion,3,2500,7500,Chennai,UPI,2026-06-28,2
1609,1886,Yatin Ray,Phone,Electronics,5,25000,125000,Pune,Cash on Delivery,2026-03-29,6
1610,8239,Neha Master,Phone,Electronics,2,25000,50000,Kolkata,Debit Card,2026-05-21,2
1611,1149,Ranveer Shukla,Phone,Electronics,2,25000,50000,Ahmedabad,Net Banking,2025-12-20,1
1612,7169,Sarthak Dara,Shoes,Fashion,2,2500,5000,Chennai,Credit Card,2026-03-12,1
1613,3943,Radha Trivedi,Laptop,Electronics,4,65000,260000,Delhi,UPI,2026-01-19,5
1614,8107,Ishanvi Choudhury,Shoes,Fashion,5,2500,12500,Bengaluru,Cash on Delivery,2026-06-01,2
1615,7498,Jagrati Tiwari,Laptop,Electronics,2,65000,130000,Kolkata,Debit Card,2025-08-14,6
1616,7150,Pallavi Nanda,Headphones,Electronics,2,3000,6000,Mumbai,Cash on Delivery,2026-02-01,7
1617,5509,Krisha Dey,T-Shirt,Fashion,4,800,3200,Kolkata,Debit Card,2026-01-12,1
1618,2999,Elijah Mahal,Phone,Electronics,1,25000,25000,Kolkata,Net Banking,2026-02-14,2
1619,8856,Deepa Dube,Laptop,Electronics,5,65000,325000,Pune,UPI,2026-06-18,7
1620,8932,Waida Bhardwaj,Headphones,Electronics,4,3000,12000,Chennai,Debit Card,2026-07-17,5
1621,2040,Umang Mital,Phone,Electronics,3,25000,75000,Bengaluru,Cash on Delivery,2025-10-22,7
1622,9788,Aachal Hari,Shoes,Fashion,4,2500,10000,Kolkata,UPI,2025-08-24,5
1623,3033,Ubika Tella,T-Shirt,Fashion,5,800,4000,Hyderabad,UPI,2026-05-07,2
1624,1087,Wyatt Mangal,Watch,Accessories,2,5000,10000,Kolkata,Debit Card,2026-03-04,1
1625,4378,Parth Rai,Laptop,Electronics,5,65000,325000,Bengaluru,UPI,2025-09-05,5
1626,2386,Yug Sahni,Phone,Electronics,1,25000,25000,Mumbai,Net Banking,2026-07-11,3
1627,3811,Akshay Sami,Phone,Electronics,5,25000,125000,Chennai,UPI,2026-01-23,2
1628,5807,Yauvani Radhakrishnan,Phone,Electronics,5,25000,125000,Kolkata,Credit Card,2026-03-27,5
1629,9563,Turvi Nagar,Headphones,Electronics,3,3000,9000,Ahmedabad,Net Banking,2026-01-17,5
1630,1732,Balhaar Bajaj,Headphones,Electronics,1,3000,3000,Hyderabad,UPI,2025-09-19,2
1631,3198,Arunima Raman,Phone,Electronics,2,25000,50000,Hyderabad,Net Banking,2026-03-11,3
1632,7914,Watika Bhakta,Phone,Electronics,5,25000,125000,Mumbai,Net Banking,2025-10-26,3
1633,7554,Sanya Sangha,Phone,Electronics,2,25000,50000,Kolkata,UPI,2026-05-07,3
1634,9780,Lekha Garg,Shoes,Fashion,2,2500,5000,Hyderabad,UPI,2026-03-11,6
1635,7097,Triya Basak,Shoes,Fashion,2,2500,5000,Bengaluru,Cash on Delivery,2025-11-10,7
1636,7208,Qadim Buch,Phone,Electronics,4,25000,100000,Delhi,Net Banking,2026-01-23,2
1637,9707,Om Goda,Laptop,Electronics,1,65000,65000,Mumbai,Net Banking,2026-03-01,4
1638,6944,Mitali Wali,Laptop,Electronics,1,65000,65000,Ahmedabad,Debit Card,2026-02-05,2
1639,5483,Rohan Singhal,Watch,Accessories,2,5000,10000,Delhi,UPI,2025-10-27,4
1640,7203,Nicholas Basu,Chair,Furniture,2,4000,8000,Mumbai,UPI,2025-09-05,2
1641,9021,Pahal Viswanathan,Headphones,Electronics,3,3000,9000,Mumbai,Net Banking,2025-08-15,3
1642,5440,Ati Chacko,Shoes,Fashion,3,2500,7500,Mumbai,UPI,2026-07-06,2
1643,3960,Champak Sarin,Phone,Electronics,4,25000,100000,Ahmedabad,Net Banking,2026-01-14,5
1644,8812,Ubika Bumb,Headphones,Electronics,4,3000,12000,Bengaluru,Debit Card,2026-04-12,1
1645,3070,Unni Radhakrishnan,Shoes,Fashion,2,2500,5000,Bengaluru,Cash on Delivery,2026-01-12,5
1646,7064,Chanchal Korpal,Shoes,Fashion,1,2500,2500,Hyderabad,Net Banking,2026-04-14,4
1647,8191,Hredhaan Choudhury,Shoes,Fashion,2,2500,5000,Ahmedabad,Cash on Delivery,2025-12-29,5
1648,9529,Avi Sastry,Phone,Electronics,4,25000,100000,Hyderabad,Debit Card,2026-03-13,6
1649,7660,Qushi Hora,Watch,Accessories,3,5000,15000,Ahmedabad,UPI,2026-02-21,6
1650,2534,Shivani Lall,Laptop,Electronics,2,65000,130000,Bengaluru,Net Banking,2025-12-09,1
1651,9074,Advay Sinha,Laptop,Electronics,3,65000,195000,Delhi,Cash on Delivery,2026-05-14,6
1652,8858,Inaya Choudhury,Headphones,Electronics,2,3000,6000,Kolkata,Net Banking,2025-12-06,6
1653,3042,Rohan Char,Bottle,Home,5,600,3000,Chennai,UPI,2025-10-04,5
1654,7962,Faqid Kulkarni,Phone,Electronics,1,25000,25000,Ahmedabad,Credit Card,2026-04-28,6
1655,1693,Nikita Behl,Shoes,Fashion,5,2500,12500,Kolkata,Credit Card,2026-07-03,6
1656,4687,Samuel Chadha,Desk,Furniture,5,7000,35000,Bengaluru,UPI,2026-04-22,3
1657,6788,Ucchal Mangat,T-Shirt,Fashion,5,800,4000,Delhi,Cash on Delivery,2026-03-24,4
1658,2855,Ekalinga Chowdhury,Phone,Electronics,3,25000,75000,Ahmedabad,Credit Card,2025-11-11,7
1659,5752,Aarush Thaker,Headphones,Electronics,1,3000,3000,Pune,Cash on Delivery,2026-01-05,3
1660,7449,Unnati Narayanan,Phone,Electronics,1,25000,25000,Hyderabad,Debit Card,2025-10-15,6
1661,8586,Qadim Sibal,Headphones,Electronics,1,3000,3000,Kolkata,UPI,2025-10-23,3
1662,6382,Shravya Palla,Laptop,Electronics,4,65000,260000,Pune,Debit Card,2025-12-30,1
1663,7587,Hardik Gola,Laptop,Electronics,2,65000,130000,Ahmedabad,UPI,2025-08-25,1
1664,2388,Gaurangi Loyal,Headphones,Electronics,2,3000,6000,Bengaluru,Cash on Delivery,2025-12-30,1
1665,3549,Waida Sampath,Book,Books,1,500,500,Pune,Credit Card,2026-07-11,4
1666,6971,Omaja Bath,Phone,Electronics,3,25000,75000,Chennai,Credit Card,2026-06-02,5
1667,8185,Yashica Sinha,T-Shirt,Fashion,1,800,800,Kolkata,Credit Card,2026-04-13,2
1668,1095,Reyansh Gill,Phone,Electronics,4,25000,100000,Ahmedabad,Credit Card,2026-03-03,1
1669,3190,Falguni Buch,Phone,Electronics,1,25000,25000,Chennai,Cash on Delivery,2025-12-06,6
1670,3626,Zinal Modi,Phone,Electronics,1,25000,25000,Hyderabad,Cash on Delivery,2025-08-13,6
1671,7899,Vanya Batra,Bottle,Home,1,600,600,Kolkata,Net Banking,2026-06-12,4
1672,6322,Anamika Yadav,T-Shirt,Fashion,2,800,1600,Chennai,Net Banking,2026-04-26,6
1673,3153,Ekantika Manne,Book,Books,4,500,2000,Mumbai,UPI,2025-10-17,7
1674,6638,Upma Maharaj,Laptop,Electronics,2,65000,130000,Delhi,Credit Card,2025-09-29,1
1675,8039,Samaksh Majumdar,Shoes,Fashion,3,2500,7500,Delhi,Cash on Delivery,2025-09-08,4
1676,2353,Jyoti Bassi,Phone,Electronics,4,25000,100000,Chennai,Credit Card,2026-04-06,5
1677,4061,Vrinda Mani,Phone,Electronics,5,25000,125000,Hyderabad,Debit Card,2026-04-01,7
1678,5052,Qarin Pal,Phone,Electronics,3,25000,75000,Chennai,Credit Card,2026-06-07,4
1679,9230,Michael Mangat,Shoes,Fashion,1,2500,2500,Bengaluru,Credit Card,2026-04-03,7
1680,4758,Yashoda Joshi,Headphones,Electronics,2,3000,6000,Mumbai,Credit Card,2026-03-18,4
1681,3395,Akshay Lanka,Laptop,Electronics,2,65000,130000,Chennai,UPI,2026-04-24,5
1682,7231,Meghana Sodhi,Phone,Electronics,1,25000,25000,Chennai,Net Banking,2026-03-20,3
1683,4633,Nitara Bose,Shoes,Fashion,2,2500,5000,Ahmedabad,Cash on Delivery,2026-03-15,4
1684,1846,Ranbir Chand,Laptop,Electronics,4,65000,260000,Pune,UPI,2026-07-29,3
1685,7849,Chakradev Lata,Phone,Electronics,3,25000,75000,Hyderabad,Debit Card,2026-06-30,1
1686,1854,Avi De,Phone,Electronics,1,25000,25000,Ahmedabad,Credit Card,2026-01-04,3
1687,2650,Anita Chaudhuri,Headphones,Electronics,5,3000,15000,Chennai,Credit Card,2026-04-06,3
1688,6476,Pranit Dugar,Desk,Furniture,3,7000,21000,Pune,UPI,2026-04-04,1
1689,3134,Chanchal Sunder,Shoes,Fashion,5,2500,12500,Ahmedabad,Debit Card,2026-08-04,6
1690,9664,Victor Kota,T-Shirt,Fashion,5,800,4000,Ahmedabad,Credit Card,2026-07-10,6
1691,7292,Warda Agate,Phone,Electronics,5,25000,125000,Mumbai,UPI,2025-10-15,2
1692,2971,Nathaniel Divan,Shoes,Fashion,5,2500,12500,Delhi,Net Banking,2026-05-21,6
1693,8303,Farhan Ravi,T-Shirt,Fashion,2,800,1600,Mumbai,UPI,2026-05-05,5
1694,8769,Charvi Barman,Shoes,Fashion,3,2500,7500,Hyderabad,Net Banking,2025-09-08,6
1695,4140,Gopal Chauhan,Phone,Electronics,2,25000,50000,Chennai,Net Banking,2026-01-25,6
1696,6690,Geetika Johal,Phone,Electronics,5,25000,125000,Ahmedabad,Cash on Delivery,2025-12-10,6
1697,2109,Jai Ben,Shoes,Fashion,4,2500,10000,Kolkata,Cash on Delivery,2025-09-18,5
1698,1358,Avi Garde,Desk,Furniture,5,7000,35000,Bengaluru,Net Banking,2026-02-25,3
1699,5745,Veda Mitter,Shoes,Fashion,2,2500,5000,Delhi,Net Banking,2025-08-17,1
1700,7512,Chatura Vasa,T-Shirt,Fashion,2,800,1600,Kolkata,Net Banking,2026-02-21,7
1701,3711,Fariq Mahajan,Headphones,Electronics,1,3000,3000,Kolkata,Net Banking,2026-05-10,4
1702,7567,Nakul Vasa,Headphones,Electronics,4,3000,12000,Pune,Credit Card,2026-01-17,2
1703,4568,Eta Saran,Laptop,Electronics,5,65000,325000,Delhi,Net Banking,2025-09-12,4
1704,5240,Parth Mody,Headphones,Electronics,5,3000,15000,Pune,Credit Card,2026-08-02,3
1705,2951,Frado Majumdar,Shoes,Fashion,5,2500,12500,Bengaluru,Credit Card,2026-03-24,1
1706,1640,Amrita Jain,Headphones,Electronics,3,3000,9000,Bengaluru,Debit Card,2026-01-29,2
1707,5079,Jhalak Dugar,Phone,Electronics,1,25000,25000,Hyderabad,Net Banking,2026-03-10,1
1708,7047,Joshua Thakur,Laptop,Electronics,3,65000,195000,Ahmedabad,UPI,2026-04-12,6
1709,3189,Ekiya Bhatt,Watch,Accessories,3,5000,15000,Chennai,Net Banking,2025-10-04,3
1710,1170,Triya Sahni,Phone,Electronics,1,25000,25000,Ahmedabad,Credit Card,2026-03-24,6
1711,5194,Jeet Mandal,Chair,Furniture,2,4000,8000,Delhi,Net Banking,2026-04-03,6
1712,2743,Mekhala Sunder,Chair,Furniture,5,4000,20000,Chennai,Debit Card,2026-04-04,7
1713,4377,Darsh Jayaraman,Shoes,Fashion,5,2500,12500,Kolkata,Credit Card,2026-01-24,3
1714,7479,Karan Bhasin,Phone,Electronics,5,25000,125000,Bengaluru,Cash on Delivery,2026-01-28,2
1715,7039,Bahadurjit Batra,Shoes,Fashion,4,2500,10000,Bengaluru,Cash on Delivery,2025-08-29,1
1716,4031,Atharv Bera,Headphones,Electronics,4,3000,12000,Bengaluru,Credit Card,2025-10-02,5
1717,5621,Rachana Chanda,Headphones,Electronics,2,3000,6000,Delhi,Debit Card,2025-09-06,2
1718,4077,Lohit Saran,Watch,Accessories,4,5000,20000,Mumbai,Credit Card,2025-09-02,1
1719,7594,Balveer Chauhan,Headphones,Electronics,4,3000,12000,Mumbai,Net Banking,2025-11-27,2
1720,2633,Tara Kalla,Shoes,Fashion,1,2500,2500,Chennai,Cash on Delivery,2026-06-07,1
1721,1716,Charita Rout,Phone,Electronics,1,25000,25000,Bengaluru,Credit Card,2025-10-19,7
1722,1221,Sara Virk,Laptop,Electronics,2,65000,130000,Delhi,UPI,2026-06-02,5
1723,2392,Dalbir Ahluwalia,Shoes,Fashion,3,2500,7500,Hyderabad,Credit Card,2026-03-10,4
1724,3672,Samaksh Oza,T-Shirt,Fashion,4,800,3200,Pune,Debit Card,2025-09-04,4
1725,9905,Sara Khatri,Phone,Electronics,1,25000,25000,Pune,Net Banking,2025-10-30,1
1726,2684,Amol Hayre,Laptop,Electronics,1,65000,65000,Pune,UPI,2026-01-16,5
1727,3323,Bahadurjit Ahluwalia,Watch,Accessories,4,5000,20000,Delhi,Credit Card,2026-01-03,1
1728,3414,Wyatt Kashyap,Phone,Electronics,4,25000,100000,Ahmedabad,Debit Card,2026-03-21,2
1729,2841,Rushil Dhaliwal,Book,Books,4,500,2000,Kolkata,Credit Card,2026-06-27,1
1730,6854,Darsh Kanda,Phone,Electronics,3,25000,75000,Mumbai,Net Banking,2026-05-31,3
1731,1710,Qadim Dua,Phone,Electronics,1,25000,25000,Bengaluru,Credit Card,2026-05-14,4
1732,3971,Gunbir Subramanian,Headphones,Electronics,5,3000,15000,Chennai,Credit Card,2025-12-07,6
1733,5702,Krisha Kala,Shoes,Fashion,5,2500,12500,Ahmedabad,UPI,2025-10-09,3
1734,5348,Amruta Modi,Book,Books,3,500,1500,Mumbai,UPI,2026-06-19,7
1735,3401,Logan Bhatt,Desk,Furniture,2,7000,14000,Ahmedabad,Credit Card,2026-05-14,4
1736,2102,Oviya Bhat,Headphones,Electronics,4,3000,12000,Mumbai,Net Banking,2025-08-12,4
1737,3370,Theodore Chauhan,Chair,Furniture,3,4000,12000,Mumbai,Debit Card,2026-03-28,2
1738,6777,Ryan Ramakrishnan,Phone,Electronics,4,25000,100000,Ahmedabad,Cash on Delivery,2026-03-25,4
1739,6463,David Dyal,Headphones,Electronics,4,3000,12000,Bengaluru,Credit Card,2025-11-06,4
1740,9826,Jeet Dani,Headphones,Electronics,4,3000,12000,Kolkata,Net Banking,2025-11-04,5
1741,2369,Samar Nanda,T-Shirt,Fashion,4,800,3200,Chennai,Net Banking,2026-01-25,5
1742,2429,Anita Krishnan,T-Shirt,Fashion,2,800,1600,Hyderabad,Debit Card,2025-08-10,1
1743,6937,Aradhana Chandra,Phone,Electronics,1,25000,25000,Kolkata,Credit Card,2026-02-16,1
1744,6912,Amruta Sengupta,Laptop,Electronics,3,65000,195000,Bengaluru,Debit Card,2025-11-14,4
1745,7898,Azad Randhawa,Phone,Electronics,5,25000,125000,Hyderabad,Credit Card,2026-05-13,7
1746,2920,Manya Bhat,Phone,Electronics,2,25000,50000,Bengaluru,Cash on Delivery,2026-07-03,6
1747,7089,Daksh Prabhakar,Laptop,Electronics,4,65000,260000,Delhi,UPI,2025-09-20,6
1748,3591,Charita Bava,Headphones,Electronics,4,3000,12000,Delhi,Credit Card,2025-11-01,3
1749,2262,Logan Yogi,Phone,Electronics,2,25000,50000,Delhi,Net Banking,2026-01-17,7
1750,3988,Zarna Kumer,T-Shirt,Fashion,2,800,1600,Kolkata,Credit Card,2025-12-01,6
1751,8703,Gavin Lal,Headphones,Electronics,3,3000,9000,Chennai,Debit Card,2026-02-11,4
1752,5698,Unni Kashyap,T-Shirt,Fashion,1,800,800,Mumbai,Credit Card,2026-04-16,1
1753,3843,Aayush Rastogi,Watch,Accessories,1,5000,5000,Bengaluru,UPI,2025-11-17,4
1754,5227,Arjun Hari,T-Shirt,Fashion,4,800,3200,Pune,Credit Card,2026-06-12,4
1755,2506,Luke Kata,Desk,Furniture,3,7000,21000,Chennai,Credit Card,2025-08-20,6
1756,1917,Maanav Bajwa,Phone,Electronics,5,25000,125000,Hyderabad,Cash on Delivery,2026-04-17,2
1757,2264,Baljiwan Dar,T-Shirt,Fashion,5,800,4000,Kolkata,Cash on Delivery,2026-08-03,3
1758,7233,Dev Keer,Shoes,Fashion,4,2500,10000,Bengaluru,UPI,2025-08-19,7
1759,4190,Vinaya Devan,Phone,Electronics,4,25000,100000,Pune,UPI,2026-02-24,1
1760,6496,Udant Brahmbhatt,Laptop,Electronics,5,65000,325000,Delhi,Credit Card,2026-05-18,3
1761,2070,Dipta Pai,Phone,Electronics,1,25000,25000,Hyderabad,Net Banking,2026-02-25,1
1762,4075,Ishita Lanka,T-Shirt,Fashion,3,800,2400,Hyderabad,UPI,2026-05-11,2
1763,1735,Veer Kar,Phone,Electronics,5,25000,125000,Kolkata,UPI,2026-07-14,1
1764,1138,Sathvik Chander,Phone,Electronics,3,25000,75000,Ahmedabad,Debit Card,2026-05-27,4
1765,7400,Naksh Menon,Headphones,Electronics,3,3000,9000,Ahmedabad,Credit Card,2025-10-14,6
1766,7672,Fariq Ram,Shoes,Fashion,3,2500,7500,Mumbai,Net Banking,2026-06-10,7
1767,7260,Aachal Varughese,T-Shirt,Fashion,1,800,800,Kolkata,Net Banking,2025-10-30,7
1768,3641,Caleb Varkey,Watch,Accessories,3,5000,15000,Bengaluru,Cash on Delivery,2025-10-09,1
1769,4794,Geetika Tiwari,Watch,Accessories,1,5000,5000,Hyderabad,Credit Card,2025-10-23,7
1770,9459,Dipta Doshi,Shoes,Fashion,5,2500,12500,Ahmedabad,Cash on Delivery,2026-03-14,7
1771,6903,Joshua Muni,Phone,Electronics,3,25000,75000,Chennai,UPI,2026-04-25,6
1772,4917,Viraj Nanda,T-Shirt,Fashion,4,800,3200,Hyderabad,Net Banking,2026-05-09,5
1773,9151,Bhavika Peri,Laptop,Electronics,2,65000,130000,Mumbai,UPI,2026-04-18,2
1774,9964,Daksh Shere,T-Shirt,Fashion,3,800,2400,Mumbai,Cash on Delivery,2025-11-26,1
1775,5843,Aishani Palla,Headphones,Electronics,2,3000,6000,Bengaluru,UPI,2025-10-24,3
1776,2461,Anay Saini,Headphones,Electronics,3,3000,9000,Mumbai,Credit Card,2026-04-06,6
1777,8753,Waida Choudhury,T-Shirt,Fashion,3,800,2400,Pune,Cash on Delivery,2025-10-30,6
1778,8999,Ijaya Chanda,Book,Books,1,500,500,Delhi,Debit Card,2026-06-01,7
1779,3113,Nidhi Kapur,Phone,Electronics,4,25000,100000,Kolkata,Debit Card,2026-06-14,5
1780,7122,Kamya Sarkar,T-Shirt,Fashion,3,800,2400,Mumbai,Cash on Delivery,2026-01-02,5
1781,1934,Mason Rau,Headphones,Electronics,1,3000,3000,Hyderabad,Net Banking,2025-10-13,1
1782,5762,Gautami Mangat,Phone,Electronics,1,25000,25000,Chennai,Credit Card,2026-06-25,5
1783,4654,Mohini Garde,Phone,Electronics,1,25000,25000,Chennai,Cash on Delivery,2026-05-16,6
1784,8675,Aadhya Ramesh,Laptop,Electronics,4,65000,260000,Kolkata,UPI,2026-06-16,1
1785,7503,Anya Luthra,Phone,Electronics,1,25000,25000,Chennai,Credit Card,2025-10-29,4
1786,6610,Riya Subramaniam,Phone,Electronics,3,25000,75000,Kolkata,Credit Card,2025-11-17,6
1787,5560,Bhavna Ramaswamy,Shoes,Fashion,1,2500,2500,Kolkata,UPI,2025-09-12,5
1788,3384,Atharv Seshadri,Phone,Electronics,4,25000,100000,Hyderabad,Debit Card,2026-04-01,5
1789,7230,Samaksh Setty,Laptop,Electronics,5,65000,325000,Delhi,Debit Card,2025-10-11,7
1790,4496,Sai Sarkar,Headphones,Electronics,4,3000,12000,Delhi,Credit Card,2026-01-03,7
1791,5421,Lila Sheth,Laptop,Electronics,4,65000,260000,Pune,Credit Card,2026-01-17,1
1792,7636,Falak Kalla,Phone,Electronics,3,25000,75000,Mumbai,Debit Card,2026-04-29,7
1793,9597,Elijah Kaul,Shoes,Fashion,4,2500,10000,Hyderabad,Debit Card,2025-08-20,2
1794,8021,Diya Mistry,T-Shirt,Fashion,1,800,800,Ahmedabad,Debit Card,2026-05-06,2
1795,8890,Ayushman Iyer,Phone,Electronics,4,25000,100000,Kolkata,Net Banking,2026-02-25,6
1796,6811,Jalsa Ghosh,T-Shirt,Fashion,4,800,3200,Chennai,UPI,2026-04-07,5
1797,4253,Ria Doctor,T-Shirt,Fashion,5,800,4000,Mumbai,Net Banking,2026-07-21,5
1798,1232,Manthan Bora,Phone,Electronics,3,25000,75000,Bengaluru,Cash on Delivery,2025-12-10,2
1799,2861,Nitara Tailor,Headphones,Electronics,3,3000,9000,Chennai,Debit Card,2025-08-14,5
1800,3059,Maanav Barman,Shoes,Fashion,4,2500,10000,Kolkata,Net Banking,2026-03-15,1
1801,7884,Fariq Mittal,Laptop,Electronics,2,65000,130000,Bengaluru,Net Banking,2026-04-20,4
1802,4131,Krishna Pillay,Phone,Electronics,2,25000,50000,Delhi,Debit Card,2026-06-24,7
1803,6029,Manbir Prabhakar,Phone,Electronics,3,25000,75000,Mumbai,Cash on Delivery,2025-10-12,6
1804,7723,Nicholas Banik,Bottle,Home,4,600,2400,Ahmedabad,Debit Card,2025-09-05,7
1805,6502,Chakradhar Kala,Headphones,Electronics,5,3000,15000,Mumbai,Credit Card,2025-11-20,4
1806,3664,Sara Narula,Headphones,Electronics,2,3000,6000,Chennai,Cash on Delivery,2026-01-21,3
1807,5640,Vihaan Bera,T-Shirt,Fashion,4,800,3200,Mumbai,UPI,2026-04-14,7
1808,1269,Bhavna Puri,T-Shirt,Fashion,1,800,800,Chennai,UPI,2026-04-01,4
1809,9924,Lavanya Prasad,Shoes,Fashion,5,2500,12500,Mumbai,Cash on Delivery,2025-10-26,5
1810,5749,Atharv Narula,Headphones,Electronics,1,3000,3000,Chennai,Credit Card,2026-06-04,2
1811,7243,Akshay Yogi,T-Shirt,Fashion,5,800,4000,Mumbai,Credit Card,2026-01-07,7
1812,6744,Kalpit Ratti,Headphones,Electronics,1,3000,3000,Kolkata,Cash on Delivery,2026-04-11,7
1813,1124,Mugdha Sathe,Shoes,Fashion,4,2500,10000,Ahmedabad,Credit Card,2025-09-12,5
1814,6036,Mohammed Buch,Phone,Electronics,3,25000,75000,Chennai,Credit Card,2025-08-17,1
1815,1535,Yatin Kapur,Book,Books,4,500,2000,Delhi,UPI,2026-02-26,2
1816,6201,Mahika Chadha,T-Shirt,Fashion,5,800,4000,Ahmedabad,Credit Card,2026-05-23,5
1817,7412,Siya Jain,Bottle,Home,2,600,1200,Hyderabad,Net Banking,2025-11-17,6
1818,8030,Baghyawati Bala,Phone,Electronics,1,25000,25000,Bengaluru,Cash on Delivery,2026-06-03,6
1819,9475,Azad Choudhary,Phone,Electronics,3,25000,75000,Bengaluru,Cash on Delivery,2026-06-26,2
1820,9261,Joshua Choudhury,Laptop,Electronics,2,65000,130000,Mumbai,Net Banking,2026-02-27,7
1821,3605,Manya Karpe,Phone,Electronics,3,25000,75000,Ahmedabad,Credit Card,2026-05-26,1
1822,1189,Gavin Dara,Laptop,Electronics,4,65000,260000,Bengaluru,UPI,2025-11-28,5
1823,7265,Nathan Dutt,Shoes,Fashion,1,2500,2500,Delhi,Credit Card,2025-12-13,4
1824,4056,Anika Koshy,Shoes,Fashion,3,2500,7500,Hyderabad,Credit Card,2025-12-20,3
1825,7194,Bhanumati Pandit,Phone,Electronics,2,25000,50000,Pune,UPI,2025-11-11,3
1826,1379,Waida Vora,Laptop,Electronics,2,65000,130000,Mumbai,UPI,2026-06-30,4
1827,2754,Fariq Sabharwal,Book,Books,1,500,500,Bengaluru,Debit Card,2025-12-24,3
1828,2267,Rachit Rege,Watch,Accessories,1,5000,5000,Kolkata,Debit Card,2026-01-21,7
1829,9045,Kritika Lanka,Phone,Electronics,1,25000,25000,Delhi,Cash on Delivery,2026-01-16,1
1830,4445,Jagat Pathak,Headphones,Electronics,1,3000,3000,Chennai,Cash on Delivery,2026-01-13,3
1831,3639,Tanveer Brar,Shoes,Fashion,4,2500,10000,Bengaluru,Debit Card,2026-06-06,1
1832,1515,Yamini Dada,Book,Books,5,500,2500,Mumbai,Debit Card,2026-06-04,3
1833,9953,Arin Kadakia,Headphones,Electronics,5,3000,15000,Delhi,Credit Card,2025-12-14,5
1834,4159,Saumya Parmar,Shoes,Fashion,1,2500,2500,Delhi,Net Banking,2026-07-27,1
1835,4543,Ira Purohit,Headphones,Electronics,2,3000,6000,Ahmedabad,UPI,2026-05-14,2
1836,4600,Anthony Bhatti,Laptop,Electronics,2,65000,130000,Mumbai,Credit Card,2025-12-13,3
1837,2506,Frederick Balan,Phone,Electronics,2,25000,50000,Ahmedabad,Net Banking,2026-07-09,6
1838,8144,Vaishnavi Wali,Phone,Electronics,4,25000,100000,Chennai,Credit Card,2025-12-02,3
1839,7436,Suhani Samra,Phone,Electronics,3,25000,75000,Mumbai,Net Banking,2025-09-18,7
1840,3714,Chandran Lad,T-Shirt,Fashion,3,800,2400,Hyderabad,Cash on Delivery,2026-04-06,4
1841,5451,Anya Dhaliwal,Watch,Accessories,4,5000,20000,Ahmedabad,Net Banking,2025-09-10,1
1842,4272,Jagat Karnik,Shoes,Fashion,4,2500,10000,Ahmedabad,Debit Card,2026-06-23,6
1843,3740,Sneha Chhabra,T-Shirt,Fashion,4,800,3200,Delhi,Net Banking,2026-03-10,3
1844,9691,Gaurav Garde,Headphones,Electronics,3,3000,9000,Ahmedabad,Cash on Delivery,2025-08-09,1
1845,8035,Abha Ratti,Phone,Electronics,3,25000,75000,Bengaluru,Debit Card,2026-02-06,2
1846,7094,Mahika Kant,Laptop,Electronics,3,65000,195000,Bengaluru,Debit Card,2026-07-24,1
1847,6388,Harita Sarraf,Laptop,Electronics,1,65000,65000,Hyderabad,Cash on Delivery,2026-02-13,5
1848,2085,Odika Garg,T-Shirt,Fashion,2,800,1600,Chennai,Debit Card,2026-01-01,5
1849,2686,Ishani Sethi,Phone,Electronics,2,25000,50000,Pune,Net Banking,2026-03-21,7
1850,7909,Xavier Atwal,Watch,Accessories,1,5000,5000,Chennai,Debit Card,2025-12-09,7
1851,1813,Gunbir Wali,Phone,Electronics,2,25000,50000,Kolkata,Cash on Delivery,2026-02-21,1
1852,2953,Mahika Balakrishnan,Bottle,Home,4,600,2400,Mumbai,Cash on Delivery,2026-06-27,2
1853,7272,Reva Doctor,Shoes,Fashion,5,2500,12500,Hyderabad,Net Banking,2025-10-04,1
1854,1076,Lavanya Bhattacharyya,Phone,Electronics,5,25000,125000,Kolkata,Debit Card,2026-05-27,2
1855,1606,Chakradhar Kumer,T-Shirt,Fashion,4,800,3200,Delhi,Debit Card,2025-10-27,6
1856,2558,Ishita Dara,Laptop,Electronics,4,65000,260000,Chennai,Debit Card,2026-05-11,3
1857,7559,Ganga Comar,Phone,Electronics,3,25000,75000,Mumbai,Net Banking,2025-12-30,7
1858,1771,Dayamai Amble,Phone,Electronics,5,25000,125000,Chennai,Debit Card,2026-06-20,6
1859,2989,Omisha Suresh,Bottle,Home,4,600,2400,Ahmedabad,Net Banking,2026-04-23,1
1860,1170,Raagini Khare,Laptop,Electronics,1,65000,65000,Bengaluru,UPI,2025-11-15,3
1861,4708,Aishani Bhatia,Watch,Accessories,4,5000,20000,Bengaluru,UPI,2025-11-05,2
1862,9807,Jalsa Sunder,Shoes,Fashion,3,2500,7500,Delhi,UPI,2026-01-20,3
1863,2815,Nisha Chand,Watch,Accessories,1,5000,5000,Delhi,Debit Card,2026-06-24,1
1864,7218,Urishilla Doshi,Phone,Electronics,5,25000,125000,Pune,Credit Card,2026-02-07,2
1865,3069,Saksham Bedi,Headphones,Electronics,1,3000,3000,Ahmedabad,Credit Card,2025-12-20,7
1866,8320,Xavier Salvi,Headphones,Electronics,4,3000,12000,Mumbai,Net Banking,2026-02-15,5
1867,9029,Kavya Mahajan,Phone,Electronics,4,25000,100000,Pune,Debit Card,2025-12-02,7
1868,2504,Fariq Sule,Shoes,Fashion,2,2500,5000,Pune,Debit Card,2025-09-21,6
1869,4971,Damyanti Bera,Laptop,Electronics,5,65000,325000,Hyderabad,UPI,2025-08-14,1
1870,4481,Aadhya Goswami,Chair,Furniture,1,4000,4000,Delhi,Credit Card,2026-07-22,4
1871,8989,Ekavir Batta,T-Shirt,Fashion,2,800,1600,Mumbai,Debit Card,2026-04-11,2
1872,9420,Vincent Sundaram,T-Shirt,Fashion,5,800,4000,Ahmedabad,Debit Card,2025-10-14,6
1873,9265,Gaurika Pandya,Headphones,Electronics,2,3000,6000,Mumbai,Credit Card,2025-10-29,2
1874,8412,Aarini Keer,Book,Books,4,500,2000,Hyderabad,Cash on Delivery,2026-02-20,2
1875,3690,Wazir Chandra,Laptop,Electronics,4,65000,260000,Pune,Net Banking,2026-03-04,6
1876,2755,Aarush Dhar,Phone,Electronics,4,25000,100000,Mumbai,Credit Card,2026-06-16,1
1877,5370,Yatan Rao,Watch,Accessories,2,5000,10000,Delhi,Cash on Delivery,2026-05-20,6
1878,5351,Isaac Tailor,Headphones,Electronics,3,3000,9000,Mumbai,Net Banking,2026-03-24,1
1879,3467,Arin Mital,Phone,Electronics,2,25000,50000,Chennai,Net Banking,2025-12-10,4
1880,8230,Waida Behl,Headphones,Electronics,1,3000,3000,Pune,Debit Card,2026-05-22,1
1881,7923,Lila Devi,Laptop,Electronics,4,65000,260000,Hyderabad,Debit Card,2026-01-21,2
1882,5520,Nathaniel Karan,Headphones,Electronics,5,3000,15000,Kolkata,Net Banking,2026-07-18,4
1883,5078,Eiravati Chacko,Phone,Electronics,1,25000,25000,Mumbai,Credit Card,2026-05-20,1
1884,5361,Yashasvi Sami,Laptop,Electronics,1,65000,65000,Hyderabad,UPI,2025-08-29,5
1885,7628,Praneel Sridhar,Phone,Electronics,2,25000,50000,Chennai,Cash on Delivery,2025-09-06,1
1886,9112,Manbir Zachariah,Phone,Electronics,3,25000,75000,Hyderabad,Credit Card,2026-03-13,7
1887,5718,Michael Mahajan,Phone,Electronics,3,25000,75000,Delhi,UPI,2026-07-30,2
1888,8811,Yashawini Joshi,Headphones,Electronics,5,3000,15000,Pune,Credit Card,2026-03-25,2
1889,3730,Darika Balasubramanian,Phone,Electronics,1,25000,25000,Bengaluru,Debit Card,2025-08-27,4
1890,8775,Falan Kashyap,Phone,Electronics,1,25000,25000,Chennai,Debit Card,2025-09-01,1
1891,2261,Widisha Buch,Phone,Electronics,3,25000,75000,Bengaluru,UPI,2025-08-17,5
1892,1016,Isaiah Batta,Phone,Electronics,4,25000,100000,Kolkata,Credit Card,2026-04-20,4
1893,5762,Maanas Vasa,Phone,Electronics,1,25000,25000,Hyderabad,Net Banking,2025-08-27,5
1894,2538,Yashica Merchant,Phone,Electronics,2,25000,50000,Mumbai,Debit Card,2025-08-31,7
1895,9039,Megha Sampath,Shoes,Fashion,4,2500,10000,Ahmedabad,Net Banking,2025-08-27,3
1896,6968,Vaishnavi Gole,Shoes,Fashion,3,2500,7500,Kolkata,UPI,2025-09-21,7
1897,9484,Samarth Biswas,Phone,Electronics,3,25000,75000,Kolkata,UPI,2026-06-30,3
1898,3423,Osha Ramakrishnan,Shoes,Fashion,1,2500,2500,Chennai,Credit Card,2026-01-16,6
1899,9156,Aarna Iyer,Bottle,Home,3,600,1800,Delhi,Credit Card,2025-08-28,5
1900,6888,Bishakha Dua,Shoes,Fashion,4,2500,10000,Hyderabad,UPI,2026-06-11,2
1901,2768,Ganga Bala,Book,Books,4,500,2000,Pune,Net Banking,2025-11-06,4
1902,3866,Anjali Korpal,Bottle,Home,5,600,3000,Pune,Debit Card,2025-08-21,3
1903,5526,Aishani Acharya,Phone,Electronics,4,25000,100000,Pune,Credit Card,2025-11-23,1
1904,3014,Dayamai Morar,Headphones,Electronics,3,3000,9000,Chennai,Cash on Delivery,2026-06-28,5
1905,5725,Chanakya Pandit,Chair,Furniture,3,4000,12000,Mumbai,UPI,2026-06-17,4
1906,8640,Faqid Pandya,Book,Books,2,500,1000,Bengaluru,Net Banking,2026-02-26,3
1907,5974,Sai Kapadia,Shoes,Fashion,2,2500,5000,Kolkata,Debit Card,2026-07-12,1
1908,8436,Hardik Andra,T-Shirt,Fashion,1,800,800,Delhi,Credit Card,2025-10-09,3
1909,1871,Charles Dutta,T-Shirt,Fashion,1,800,800,Kolkata,Debit Card,2026-02-05,1
1910,1817,Isha Gour,Headphones,Electronics,1,3000,3000,Pune,Credit Card,2026-05-03,3
1911,3540,Suhani Acharya,Watch,Accessories,5,5000,25000,Mumbai,Debit Card,2026-04-19,2
1912,8078,Vedika Virk,Bottle,Home,2,600,1200,Mumbai,Debit Card,2026-01-02,2
1913,5075,Pranav Panchal,Laptop,Electronics,3,65000,195000,Chennai,Cash on Delivery,2026-05-25,4
1914,5280,Indira Garde,Chair,Furniture,1,4000,4000,Pune,Net Banking,2025-12-25,3
1915,6283,Lohit Khosla,Phone,Electronics,4,25000,100000,Bengaluru,Credit Card,2026-07-21,3
1916,4268,Guneet Bhattacharyya,Phone,Electronics,5,25000,125000,Pune,Debit Card,2026-06-17,1
1917,9942,Arin Tank,Phone,Electronics,4,25000,100000,Bengaluru,Cash on Delivery,2026-07-25,7
1918,2573,Girindra Som,Watch,Accessories,4,5000,20000,Bengaluru,Net Banking,2026-08-06,4
1919,6858,Maanas Chopra,Shoes,Fashion,5,2500,12500,Kolkata,Debit Card,2025-10-14,4
1920,8557,Idika Lanka,Headphones,Electronics,4,3000,12000,Delhi,Net Banking,2025-11-05,1
1921,2448,Aadhya Ramanathan,Chair,Furniture,4,4000,16000,Bengaluru,Net Banking,2026-07-29,3
1922,9391,Yashica Bir,T-Shirt,Fashion,5,800,4000,Ahmedabad,Credit Card,2026-02-17,5
1923,5806,Vasudha Varty,Headphones,Electronics,5,3000,15000,Delhi,Cash on Delivery,2026-04-24,2
1924,8582,Tanvi Oak,Headphones,Electronics,1,3000,3000,Kolkata,UPI,2026-06-05,1
1925,6463,Geetika Brahmbhatt,Laptop,Electronics,1,65000,65000,Mumbai,Debit Card,2025-12-08,5
1926,1997,Aradhana Mital,Headphones,Electronics,3,3000,9000,Mumbai,Net Banking,2026-07-08,6
1927,4359,Inaya Chaudhari,Headphones,Electronics,1,3000,3000,Bengaluru,Net Banking,2026-05-15,6
1928,4662,Gopal Sunder,Chair,Furniture,2,4000,8000,Bengaluru,Debit Card,2026-03-29,6
1929,8945,Aryan Tank,Phone,Electronics,1,25000,25000,Hyderabad,UPI,2026-04-23,1
1930,2983,Naveen Loke,Laptop,Electronics,5,65000,325000,Mumbai,Credit Card,2026-06-26,2
1931,9287,Abdul Pillay,Phone,Electronics,1,25000,25000,Kolkata,Cash on Delivery,2026-07-15,1
1932,7628,Vanya Talwar,Book,Books,3,500,1500,Kolkata,Credit Card,2026-05-06,7
1933,5264,Arin Narasimhan,Phone,Electronics,5,25000,125000,Kolkata,Net Banking,2026-02-04,1
1934,4027,Damini Wagle,Headphones,Electronics,1,3000,3000,Bengaluru,Credit Card,2025-10-29,2
1935,4282,Aishani Khatri,Headphones,Electronics,5,3000,15000,Kolkata,Cash on Delivery,2026-03-14,3
1936,9076,Gayathri Saini,Phone,Electronics,1,25000,25000,Ahmedabad,Debit Card,2025-11-21,4
1937,8601,Yutika Brahmbhatt,Phone,Electronics,1,25000,25000,Chennai,Cash on Delivery,2025-08-16,2
1938,2968,Yug Sant,Laptop,Electronics,4,65000,260000,Chennai,UPI,2026-01-20,5
1939,8282,David Saha,Phone,Electronics,5,25000,125000,Delhi,Debit Card,2026-07-21,2
1940,5536,Vedhika Chandran,Headphones,Electronics,4,3000,12000,Delhi,Credit Card,2025-10-11,3
1941,4453,Darsh Bera,Headphones,Electronics,5,3000,15000,Ahmedabad,Net Banking,2025-09-11,4
1942,3480,Aashi Mandal,Headphones,Electronics,2,3000,6000,Ahmedabad,Net Banking,2025-09-14,3
1943,5560,Atharv Subramanian,Headphones,Electronics,2,3000,6000,Pune,Cash on Delivery,2026-06-28,1
1944,7168,Advaith Baria,Book,Books,4,500,2000,Kolkata,Net Banking,2025-11-27,6
1945,9608,Aachal Venkatesh,Phone,Electronics,5,25000,125000,Pune,Credit Card,2026-02-28,6
1946,6703,Nachiket Sodhi,Phone,Electronics,5,25000,125000,Chennai,UPI,2026-04-04,1
1947,4796,Orinder Kala,Laptop,Electronics,2,65000,130000,Mumbai,UPI,2026-02-24,4
1948,6302,Mahika Deep,Desk,Furniture,4,7000,28000,Hyderabad,Credit Card,2025-09-16,1
1949,7292,Tanmayi Agate,Watch,Accessories,2,5000,10000,Chennai,UPI,2025-12-10,1
1950,1613,Sanaya Murty,Shoes,Fashion,1,2500,2500,Mumbai,Cash on Delivery,2025-12-12,7
1951,3851,Anjali Dewan,Phone,Electronics,1,25000,25000,Ahmedabad,UPI,2025-10-14,6
1952,4272,Aradhana Gala,Headphones,Electronics,2,3000,6000,Hyderabad,Debit Card,2025-09-11,4
1953,4694,Arya Brahmbhatt,Headphones,Electronics,3,3000,9000,Hyderabad,Credit Card,2025-11-13,4
1954,2409,Aashi Pandit,T-Shirt,Fashion,2,800,1600,Delhi,UPI,2025-11-20,2
1955,1085,Vyanjana Venkataraman,Laptop,Electronics,2,65000,130000,Ahmedabad,Cash on Delivery,2025-12-13,5
1956,6582,Faris Gole,Headphones,Electronics,1,3000,3000,Bengaluru,Net Banking,2026-04-18,4
1957,8761,Darsh Chana,Phone,Electronics,2,25000,50000,Ahmedabad,Debit Card,2025-09-29,5
1958,2100,Hamsini Virk,Watch,Accessories,2,5000,10000,Kolkata,Cash on Delivery,2025-12-12,6
1959,2280,Qadim Saini,Phone,Electronics,1,25000,25000,Bengaluru,Net Banking,2026-03-25,3
1960,4777,Sachi Goda,Phone,Electronics,4,25000,100000,Delhi,Net Banking,2026-07-28,5
1961,5749,Zayyan Viswanathan,Phone,Electronics,2,25000,50000,Pune,Cash on Delivery,2026-01-21,6
1962,5719,Tanay Ramesh,Phone,Electronics,2,25000,50000,Mumbai,Net Banking,2026-04-28,5
1963,9192,Aadhya Mani,Phone,Electronics,5,25000,125000,Pune,Cash on Delivery,2026-05-09,5
1964,8716,Falguni Khosla,Laptop,Electronics,1,65000,65000,Pune,UPI,2026-02-22,1
1965,4285,Neelima Chaudhuri,Phone,Electronics,3,25000,75000,Ahmedabad,UPI,2026-04-13,2
1966,2021,Gaurangi Vora,Phone,Electronics,3,25000,75000,Hyderabad,Cash on Delivery,2025-12-02,1
1967,1579,Yashica Sidhu,T-Shirt,Fashion,5,800,4000,Ahmedabad,UPI,2026-08-03,4
1968,2320,Widisha Boase,Headphones,Electronics,5,3000,15000,Kolkata,Credit Card,2026-05-19,3
1969,1583,Advaith Merchant,Shoes,Fashion,1,2500,2500,Kolkata,Net Banking,2026-06-19,2
1970,8824,Maanav Grover,Shoes,Fashion,4,2500,10000,Pune,Credit Card,2025-09-10,1
1971,4214,Vansha Sharma,Desk,Furniture,1,7000,7000,Chennai,UPI,2026-08-01,5
1972,7180,Ikshita Vohra,Headphones,Electronics,4,3000,12000,Bengaluru,Cash on Delivery,2025-12-10,6
1973,2893,Noah Jani,Headphones,Electronics,2,3000,6000,Kolkata,UPI,2025-12-17,5
1974,6763,Gaurangi Lalla,Bottle,Home,3,600,1800,Hyderabad,Debit Card,2025-12-09,4
1975,4801,Yashvi Nori,Book,Books,2,500,1000,Mumbai,Net Banking,2026-02-11,1
1976,1750,Michael Garde,Phone,Electronics,5,25000,125000,Delhi,Credit Card,2025-08-16,7
1977,3076,Fariq Soman,Laptop,Electronics,1,65000,65000,Kolkata,Credit Card,2025-10-03,3
1978,5001,Pahal Dugar,Laptop,Electronics,3,65000,195000,Pune,Credit Card,2026-04-16,5
1979,2258,Gopal Mane,Phone,Electronics,1,25000,25000,Mumbai,Debit Card,2026-04-29,5
1980,4609,Omya Roy,Phone,Electronics,3,25000,75000,Kolkata,Debit Card,2026-05-30,3
1981,5001,Oliver Dube,T-Shirt,Fashion,3,800,2400,Pune,Debit Card,2026-01-21,6
1982,1884,Unnati Chaudry,Headphones,Electronics,1,3000,3000,Ahmedabad,Cash on Delivery,2025-11-08,6
1983,5583,Sachi Vig,Chair,Furniture,4,4000,16000,Mumbai,Credit Card,2026-03-28,2
1984,4777,Turvi Edwin,T-Shirt,Fashion,5,800,4000,Pune,Net Banking,2026-02-25,2
1985,1587,Ria Dhar,Phone,Electronics,2,25000,50000,Hyderabad,Cash on Delivery,2026-03-08,6
1986,1348,Aishani Parsa,T-Shirt,Fashion,1,800,800,Kolkata,UPI,2026-06-12,3
1987,5921,Fitan Prakash,Phone,Electronics,4,25000,100000,Mumbai,UPI,2025-11-10,3
1988,9115,Ranveer Bassi,Watch,Accessories,4,5000,20000,Delhi,Cash on Delivery,2026-04-14,4
1989,4370,Farhan Bath,Headphones,Electronics,2,3000,6000,Chennai,Credit Card,2026-04-27,6
1990,5999,Naksh Memon,Headphones,Electronics,1,3000,3000,Delhi,Net Banking,2025-08-17,7
1991,6508,Noah Ben,Phone,Electronics,1,25000,25000,Pune,Net Banking,2026-07-23,2
1992,8111,Jagvi Sharaf,T-Shirt,Fashion,3,800,2400,Chennai,UPI,2026-01-03,7
1993,5709,Agastya Peri,Phone,Electronics,4,25000,100000,Kolkata,Cash on Delivery,2026-05-19,5
1994,5261,Anay Sheth,Shoes,Fashion,5,2500,12500,Bengaluru,Cash on Delivery,2026-05-13,4
1995,3160,Udyati Dutta,Shoes,Fashion,2,2500,5000,Delhi,Debit Card,2026-01-14,7
1996,2401,Isha Memon,Shoes,Fashion,3,2500,7500,Hyderabad,Net Banking,2026-01-23,3
1997,1632,Lipika Oza,Phone,Electronics,4,25000,100000,Pune,Debit Card,2026-06-12,3
1998,1202,Nidra Mukhopadhyay,Shoes,Fashion,5,2500,12500,Mumbai,Debit Card,2026-05-21,5
1999,3929,Unnati Dubey,Shoes,Fashion,3,2500,7500,Kolkata,Cash on Delivery,2026-01-01,1
2000,1606,Triya Rana,Headphones,Electronics,4,3000,12000,Ahmedabad,Cash on Delivery,2025-12-30,6
2001,7694,Aashi Nazareth,T-Shirt,Fashion,2,800,1600,Delhi,Net Banking,2026-07-28,1
2002,6145,Aarini Uppal,Phone,Electronics,5,25000,125000,Mumbai,Cash on Delivery,2026-01-24,2
2003,5252,Sathvik Som,Phone,Electronics,3,25000,75000,Kolkata,Credit Card,2026-05-19,2
2004,1812,Kevin Deshpande,Shoes,Fashion,2,2500,5000,Hyderabad,UPI,2025-11-10,6
2005,8214,Janaki Goyal,Laptop,Electronics,5,65000,325000,Ahmedabad,UPI,2025-09-23,5
2006,5244,Zashil Bera,Shoes,Fashion,1,2500,2500,Pune,UPI,2026-05-29,6
2007,9854,Yahvi Nanda,T-Shirt,Fashion,3,800,2400,Delhi,Net Banking,2026-07-16,2
2008,9305,Hamsini Kant,Phone,Electronics,1,25000,25000,Kolkata,UPI,2026-06-06,5
2009,6337,Amaira Dora,Laptop,Electronics,2,65000,130000,Ahmedabad,Cash on Delivery,2026-03-22,1
2010,3344,Kashish Sidhu,Shoes,Fashion,3,2500,7500,Delhi,Debit Card,2026-05-30,5
2011,7686,Bina Bhatnagar,T-Shirt,Fashion,3,800,2400,Ahmedabad,Cash on Delivery,2025-09-30,3
2012,7034,Zashil Maharaj,Shoes,Fashion,2,2500,5000,Delhi,Debit Card,2026-07-23,2
2013,2740,Chavvi Mitter,Book,Books,1,500,500,Hyderabad,Debit Card,2026-03-10,5
2014,6636,Daksha Madan,Shoes,Fashion,5,2500,12500,Hyderabad,Cash on Delivery,2026-03-28,7
2015,7243,Vritti Shenoy,Headphones,Electronics,2,3000,6000,Mumbai,UPI,2026-05-25,2
2016,9982,Chameli Dewan,Headphones,Electronics,5,3000,15000,Chennai,Net Banking,2025-10-25,6
2017,1842,Karan Jayaraman,Phone,Electronics,5,25000,125000,Kolkata,Net Banking,2026-07-03,5
2018,4195,Ridhi Pandya,Headphones,Electronics,3,3000,9000,Pune,Credit Card,2026-04-12,3
2019,4782,Isaiah Brar,Phone,Electronics,3,25000,75000,Kolkata,Debit Card,2025-10-30,6
2020,8291,Ikbal Pathak,Chair,Furniture,2,4000,8000,Chennai,Debit Card,2026-01-25,1
2021,2252,Chanakya Rao,Phone,Electronics,5,25000,125000,Ahmedabad,Cash on Delivery,2026-01-02,5
2022,4764,Isaac Parmer,Phone,Electronics,4,25000,100000,Bengaluru,Net Banking,2025-10-20,2
2023,3263,Yashasvi Doctor,T-Shirt,Fashion,4,800,3200,Pune,Debit Card,2025-12-07,3
2024,7692,Chakradev Bava,Phone,Electronics,1,25000,25000,Chennai,Net Banking,2026-06-16,2
2025,3947,Pavani Natarajan,Headphones,Electronics,2,3000,6000,Kolkata,UPI,2026-05-16,2
2026,8698,Kabir Nayak,Phone,Electronics,3,25000,75000,Mumbai,Credit Card,2026-03-08,7
2027,1392,Mekhala Prasad,Laptop,Electronics,4,65000,260000,Bengaluru,UPI,2026-05-31,2
2028,7358,Eshana Minhas,Headphones,Electronics,5,3000,15000,Chennai,Debit Card,2026-07-05,2
2029,4955,Anmol Shankar,Headphones,Electronics,5,3000,15000,Pune,UPI,2026-07-08,3
2030,2765,Mitesh Dey,Watch,Accessories,3,5000,15000,Delhi,UPI,2025-10-14,6
2031,7699,Sai Barad,Book,Books,4,500,2000,Kolkata,Cash on Delivery,2025-08-15,3
2032,4005,Orinder Bobal,T-Shirt,Fashion,2,800,1600,Mumbai,Credit Card,2025-11-10,1
2033,8430,Theodore Mane,Headphones,Electronics,3,3000,9000,Chennai,Debit Card,2026-06-29,4
2034,5576,Upasna Bobal,Phone,Electronics,5,25000,125000,Mumbai,Credit Card,2026-07-02,3
2035,9481,Sathvik Bansal,Headphones,Electronics,1,3000,3000,Chennai,Debit Card,2026-07-31,3
2036,3346,Benjamin Kade,Phone,Electronics,2,25000,50000,Delhi,Credit Card,2026-01-22,4
2037,6150,Gautam More,Headphones,Electronics,5,3000,15000,Mumbai,Debit Card,2026-02-26,3
2038,5486,Harsh Grover,Phone,Electronics,3,25000,75000,Kolkata,Cash on Delivery,2025-08-08,2
2039,5250,Advika Kala,Watch,Accessories,3,5000,15000,Mumbai,Credit Card,2025-09-30,6
2040,4388,Urvi Singhal,Phone,Electronics,1,25000,25000,Bengaluru,UPI,2025-09-01,5
2041,9813,Triya Pradhan,Book,Books,5,500,2500,Hyderabad,UPI,2025-11-25,4
2042,7054,Abdul Dhillon,T-Shirt,Fashion,1,800,800,Hyderabad,Debit Card,2025-12-04,5
2043,9534,Anay Dutt,Headphones,Electronics,4,3000,12000,Bengaluru,Cash on Delivery,2025-10-14,3
2044,8281,Luke Ratta,Book,Books,1,500,500,Chennai,Cash on Delivery,2026-06-27,3
2045,5562,Vrishti Balakrishnan,Laptop,Electronics,2,65000,130000,Mumbai,Debit Card,2026-02-21,7
2046,2218,Zayyan Bhattacharyya,Laptop,Electronics,2,65000,130000,Ahmedabad,Credit Card,2025-12-25,5
2047,9402,Manya Roy,Phone,Electronics,4,25000,100000,Mumbai,Debit Card,2025-09-08,1
2048,6202,Bhavani Munshi,Headphones,Electronics,5,3000,15000,Hyderabad,Net Banking,2025-08-26,6
2049,1130,Jeet Bains,T-Shirt,Fashion,1,800,800,Hyderabad,Credit Card,2026-04-06,5
2050,4205,Kavya Krish,Phone,Electronics,2,25000,50000,Pune,Cash on Delivery,2026-01-13,2
2051,9138,Upkaar Jha,Headphones,Electronics,2,3000,6000,Pune,Credit Card,2026-04-27,2
2052,9459,David Bhat,Shoes,Fashion,1,2500,2500,Hyderabad,UPI,2025-12-25,4
2053,4416,Chatura Lanka,Laptop,Electronics,5,65000,325000,Bengaluru,UPI,2026-02-27,4
2054,7230,Aarna Devan,Shoes,Fashion,5,2500,12500,Hyderabad,Debit Card,2026-07-08,4
2055,5916,Triya Ganguly,Headphones,Electronics,2,3000,6000,Hyderabad,Debit Card,2025-11-12,6
2056,6851,Dhruv Banik,Headphones,Electronics,4,3000,12000,Kolkata,Debit Card,2026-07-26,1
2057,7874,Ojasvi Murty,Phone,Electronics,3,25000,75000,Kolkata,Debit Card,2026-01-10,2
2058,3886,Yochana Som,Shoes,Fashion,1,2500,2500,Kolkata,Debit Card,2025-11-25,6
2059,3098,Ekaraj Singh,Phone,Electronics,4,25000,100000,Kolkata,Cash on Delivery,2026-04-17,5
2060,1474,Vamakshi Sidhu,Headphones,Electronics,2,3000,6000,Pune,Debit Card,2025-08-20,5
2061,1996,Ekaja Gour,Phone,Electronics,4,25000,100000,Ahmedabad,Debit Card,2026-05-31,6
2062,8240,Brinda Goel,Phone,Electronics,4,25000,100000,Chennai,Cash on Delivery,2026-01-20,3
2063,8954,Lipika Deshpande,Book,Books,3,500,1500,Hyderabad,Debit Card,2025-12-11,6
2064,8334,Ekanta Saran,T-Shirt,Fashion,3,800,2400,Chennai,Credit Card,2025-08-22,5
2065,4378,Nidhi Khalsa,Watch,Accessories,5,5000,25000,Mumbai,Net Banking,2026-06-06,5
2066,9843,Ekavir Krishnan,Phone,Electronics,5,25000,125000,Delhi,UPI,2026-06-15,7
2067,6778,Arin Mutti,Phone,Electronics,3,25000,75000,Mumbai,UPI,2026-06-27,5
2068,4251,Advay Kulkarni,Phone,Electronics,5,25000,125000,Bengaluru,Net Banking,2026-07-31,4
2069,5754,Dalbir Shenoy,Watch,Accessories,2,5000,10000,Bengaluru,Debit Card,2025-11-06,3
2070,5074,Adya Taneja,Headphones,Electronics,5,3000,15000,Delhi,UPI,2026-05-23,7
2071,2679,Harrison Kakar,Laptop,Electronics,5,65000,325000,Chennai,Cash on Delivery,2026-07-11,1
2072,1397,Triya Kumer,Phone,Electronics,3,25000,75000,Hyderabad,Credit Card,2026-01-16,1
2073,7190,Samuel Dara,Phone,Electronics,1,25000,25000,Chennai,Credit Card,2026-06-20,7
2074,2391,Chakradhar Kakar,Shoes,Fashion,3,2500,7500,Mumbai,UPI,2026-05-01,5
2075,1330,Ishwar Nanda,Shoes,Fashion,4,2500,10000,Delhi,Net Banking,2026-04-29,5
2076,7408,Aryan Chahal,Book,Books,1,500,500,Hyderabad,Net Banking,2025-09-22,7
2077,7965,Vasana Dhillon,Phone,Electronics,3,25000,75000,Delhi,Debit Card,2026-04-22,3
2078,5329,Balhaar Bhatt,Headphones,Electronics,1,3000,3000,Kolkata,Cash on Delivery,2026-03-13,3
2079,7657,Chaitaly Pillai,Headphones,Electronics,2,3000,6000,Pune,Cash on Delivery,2026-05-29,3
2080,9300,Lila Sampath,Book,Books,5,500,2500,Hyderabad,Cash on Delivery,2026-04-15,1
2081,7106,Tara Kanda,Bottle,Home,4,600,2400,Mumbai,Cash on Delivery,2026-07-04,2
2082,7510,Sai Jaggi,Headphones,Electronics,1,3000,3000,Hyderabad,Cash on Delivery,2026-06-25,3
2083,6089,Suhani Dugar,Headphones,Electronics,1,3000,3000,Ahmedabad,Credit Card,2025-09-06,7
2084,2562,Ekavir Krishna,Shoes,Fashion,1,2500,2500,Bengaluru,Credit Card,2025-09-13,7
2085,5095,Bahadurjit Choudhary,Desk,Furniture,5,7000,35000,Mumbai,Credit Card,2026-07-20,4
2086,9575,Bimala Kale,Shoes,Fashion,4,2500,10000,Hyderabad,UPI,2026-06-03,7
2087,6102,Aashi Bath,Headphones,Electronics,4,3000,12000,Ahmedabad,Credit Card,2026-04-16,1
2088,7660,Adya Saran,Phone,Electronics,5,25000,125000,Delhi,Debit Card,2025-12-25,6
2089,9007,Sachi Rau,Phone,Electronics,5,25000,125000,Kolkata,Debit Card,2026-06-22,6
2090,8913,Saanvi Patla,Phone,Electronics,4,25000,100000,Mumbai,UPI,2026-01-22,4
2091,3085,Luke Pai,Shoes,Fashion,4,2500,10000,Delhi,Credit Card,2026-08-07,5
2092,4233,Lekha Bhardwaj,Shoes,Fashion,2,2500,5000,Kolkata,UPI,2025-11-22,1
2093,3797,Krish Savant,Watch,Accessories,4,5000,20000,Kolkata,Credit Card,2026-06-30,6
2094,7543,Advaith Doshi,Watch,Accessories,4,5000,20000,Delhi,Debit Card,2025-09-06,1
2095,5441,Mitali Kant,Headphones,Electronics,3,3000,9000,Ahmedabad,Net Banking,2025-12-14,3
2096,3318,Dipta Pandey,Headphones,Electronics,2,3000,6000,Pune,Net Banking,2026-06-03,6
2097,7082,Ryan Keer,Phone,Electronics,5,25000,125000,Pune,Cash on Delivery,2025-08-25,4
2098,3217,Chatura Bal,Phone,Electronics,3,25000,75000,Bengaluru,Net Banking,2026-05-22,6
2099,6205,Divya Kumar,T-Shirt,Fashion,1,800,800,Chennai,Credit Card,2026-08-06,2
2100,6109,Harrison Sarna,Headphones,Electronics,1,3000,3000,Hyderabad,Credit Card,2025-11-10,6
2101,6423,Yashvi Das,Laptop,Electronics,4,65000,260000,Mumbai,UPI,2026-07-14,5
2102,2093,Nitesh Das,Headphones,Electronics,2,3000,6000,Ahmedabad,Net Banking,2025-08-11,2
2103,4156,Chakrika Munshi,Phone,Electronics,1,25000,25000,Pune,Debit Card,2025-10-07,7
2104,6009,Parth Anne,Book,Books,4,500,2000,Ahmedabad,Net Banking,2026-07-28,7
2105,9864,Mitali Om,Headphones,Electronics,3,3000,9000,Hyderabad,UPI,2026-08-07,5
2106,5587,Atharv Upadhyay,Phone,Electronics,2,25000,50000,Bengaluru,Debit Card,2025-10-15,5
2107,7274,Odika Dugar,Phone,Electronics,5,25000,125000,Ahmedabad,Net Banking,2026-05-30,7
2108,5542,Nitesh Venkatesh,Watch,Accessories,5,5000,25000,Kolkata,Credit Card,2026-06-05,2
2109,4546,Janani Krishnamurthy,Laptop,Electronics,2,65000,130000,Mumbai,Net Banking,2026-06-21,2
2110,1004,Max Shanker,Phone,Electronics,4,25000,100000,Ahmedabad,UPI,2026-04-04,1
2111,7969,Anita Datta,Phone,Electronics,4,25000,100000,Kolkata,Debit Card,2026-02-05,3
2112,4944,Zayan Bandi,Headphones,Electronics,1,3000,3000,Chennai,Cash on Delivery,2026-02-28,7
2113,6816,Bishakha Bhatia,Phone,Electronics,4,25000,100000,Pune,Net Banking,2026-02-26,3
2114,4504,Omisha Lalla,Headphones,Electronics,5,3000,15000,Bengaluru,Debit Card,2026-07-15,6
2115,8235,Rachit Ahuja,Phone,Electronics,4,25000,100000,Kolkata,Debit Card,2026-07-25,6
2116,6704,Ekansh Lanka,Phone,Electronics,4,25000,100000,Bengaluru,UPI,2025-08-30,7
2117,6668,Amol Raval,Phone,Electronics,4,25000,100000,Chennai,Credit Card,2026-04-08,5
2118,7266,Balendra Kala,Headphones,Electronics,2,3000,6000,Ahmedabad,Credit Card,2026-07-21,6
2119,8243,Bishakha Agrawal,Bottle,Home,2,600,1200,Ahmedabad,Net Banking,2025-12-13,2
2120,6381,Gautami Patla,Laptop,Electronics,3,65000,195000,Mumbai,Debit Card,2025-09-12,3
2121,5473,Harita Walia,Headphones,Electronics,1,3000,3000,Delhi,Debit Card,2026-01-02,6
2122,5145,Zehaan Datta,Headphones,Electronics,1,3000,3000,Pune,UPI,2025-08-11,5
2123,8446,Waida Bora,T-Shirt,Fashion,4,800,3200,Kolkata,Credit Card,2025-08-20,4
2124,2702,Ladli De,Shoes,Fashion,5,2500,12500,Delhi,Debit Card,2025-08-10,1
2125,3898,Sara Ranganathan,Shoes,Fashion,2,2500,5000,Bengaluru,UPI,2026-07-25,4
2126,1918,Imaran Barad,T-Shirt,Fashion,1,800,800,Kolkata,UPI,2026-01-26,3
2127,5546,Ekansh Rana,Laptop,Electronics,5,65000,325000,Hyderabad,Net Banking,2025-11-02,6
2128,3772,Rachana Nagy,Laptop,Electronics,3,65000,195000,Ahmedabad,Net Banking,2025-09-09,1
2129,7821,Oviya Nadig,Desk,Furniture,4,7000,28000,Delhi,UPI,2026-03-21,2
2130,3416,Aahana Padmanabhan,T-Shirt,Fashion,5,800,4000,Pune,UPI,2026-03-28,2
2131,4255,Joshua Vaidya,Headphones,Electronics,3,3000,9000,Chennai,Credit Card,2026-02-11,6
2132,6098,Dipta Sekhon,Shoes,Fashion,1,2500,2500,Pune,Net Banking,2026-02-22,3
2133,2410,Patrick Dey,Phone,Electronics,4,25000,100000,Kolkata,UPI,2026-03-11,1
2134,2415,Omya Agarwal,Book,Books,2,500,1000,Bengaluru,Debit Card,2026-02-21,5
2135,3774,Raksha Sachdev,Shoes,Fashion,1,2500,2500,Delhi,Credit Card,2025-10-17,6
2136,5042,Andrew Walia,Phone,Electronics,1,25000,25000,Pune,Credit Card,2026-04-30,6
2137,6087,Hemani Anand,T-Shirt,Fashion,2,800,1600,Delhi,Cash on Delivery,2026-06-06,6
2138,3300,William Dubey,Phone,Electronics,3,25000,75000,Ahmedabad,Cash on Delivery,2026-04-15,2
2139,4264,Ikshita Saha,T-Shirt,Fashion,3,800,2400,Bengaluru,Debit Card,2026-06-11,3
2140,2514,Meghana Mital,Shoes,Fashion,3,2500,7500,Kolkata,Debit Card,2025-08-21,5
2141,8367,Yug Mallick,Phone,Electronics,5,25000,125000,Bengaluru,UPI,2025-09-29,7
2142,9813,Diya Ray,Headphones,Electronics,2,3000,6000,Hyderabad,Cash on Delivery,2026-06-14,3
2143,4398,Ryan Dutta,Shoes,Fashion,3,2500,7500,Ahmedabad,Net Banking,2026-05-28,5
2144,2486,Chaitaly Mistry,T-Shirt,Fashion,3,800,2400,Hyderabad,Debit Card,2026-01-30,2
2145,2889,Daniel Dube,Headphones,Electronics,1,3000,3000,Bengaluru,Cash on Delivery,2026-04-01,2
2146,7099,Janani Ganesh,Headphones,Electronics,3,3000,9000,Chennai,Net Banking,2025-10-02,1
2147,6879,Balveer Nagar,Phone,Electronics,1,25000,25000,Delhi,Credit Card,2026-03-18,4
2148,2641,Garima Shroff,Headphones,Electronics,3,3000,9000,Bengaluru,Debit Card,2026-03-27,3
2149,4050,Utkarsh Johal,Phone,Electronics,5,25000,125000,Delhi,Cash on Delivery,2025-12-10,7
2150,8126,Harshil Date,Shoes,Fashion,5,2500,12500,Chennai,Cash on Delivery,2026-06-27,7
2151,6535,Upadhriti Buch,Phone,Electronics,3,25000,75000,Kolkata,Cash on Delivery,2026-01-16,3
2152,9306,Janya Chaudhuri,Laptop,Electronics,2,65000,130000,Mumbai,Cash on Delivery,2026-02-25,4
2153,7565,Hema Doshi,T-Shirt,Fashion,5,800,4000,Delhi,Credit Card,2026-03-17,5
2154,9586,Owen Mann,Phone,Electronics,3,25000,75000,Hyderabad,Net Banking,2026-03-17,7
2155,1881,Nakul Chanda,Phone,Electronics,3,25000,75000,Mumbai,Debit Card,2026-02-15,7
2156,8515,Arjun Kunda,T-Shirt,Fashion,3,800,2400,Chennai,Credit Card,2026-03-22,4
2157,4283,Krishna Narang,Laptop,Electronics,2,65000,130000,Bengaluru,Debit Card,2026-02-11,3
2158,4331,Nachiket Chada,Laptop,Electronics,2,65000,130000,Chennai,UPI,2025-12-09,6
2159,7131,Ekapad Dhar,Phone,Electronics,5,25000,125000,Delhi,Cash on Delivery,2026-02-06,2
2160,7456,Abdul Natarajan,Phone,Electronics,4,25000,100000,Hyderabad,Cash on Delivery,2025-10-17,6
2161,4977,Nitesh Savant,Phone,Electronics,4,25000,100000,Mumbai,Cash on Delivery,2026-07-06,2
2162,7551,Luke Mangal,Phone,Electronics,2,25000,50000,Ahmedabad,Debit Card,2025-08-22,7
2163,7452,Jairaj Sura,Shoes,Fashion,4,2500,10000,Mumbai,Debit Card,2026-06-04,4
2164,1440,Orinder Korpal,Shoes,Fashion,5,2500,12500,Hyderabad,Net Banking,2026-06-15,2
2165,6935,Neelima Guha,T-Shirt,Fashion,3,800,2400,Ahmedabad,Net Banking,2026-08-02,7
2166,7523,Shivani Vala,Laptop,Electronics,5,65000,325000,Mumbai,Credit Card,2026-02-16,2
2167,4460,Gagan Tripathi,Headphones,Electronics,1,3000,3000,Pune,Cash on Delivery,2025-11-30,1
2168,7974,Brijesh Barman,Phone,Electronics,2,25000,50000,Bengaluru,Debit Card,2025-08-30,3
2169,1570,Aayush Atwal,Phone,Electronics,4,25000,100000,Pune,Cash on Delivery,2025-08-17,2
2170,2743,Dipta Kannan,Phone,Electronics,5,25000,125000,Kolkata,UPI,2025-12-28,3
2171,7626,Gaurav Bhargava,Shoes,Fashion,1,2500,2500,Delhi,Credit Card,2025-12-13,3
2172,7291,Nirja Kala,Phone,Electronics,5,25000,125000,Kolkata,UPI,2025-12-25,4
2173,7921,Ekta Singhal,Shoes,Fashion,4,2500,10000,Delhi,Debit Card,2025-10-08,4
2174,8377,Girindra Dube,Phone,Electronics,1,25000,25000,Ahmedabad,Cash on Delivery,2025-10-21,6
2175,6977,Vasudha Sura,Phone,Electronics,5,25000,125000,Mumbai,Credit Card,2025-10-05,4
2176,2310,Jonathan Mital,Headphones,Electronics,4,3000,12000,Bengaluru,UPI,2026-01-19,3
2177,5224,Laksh Dash,Desk,Furniture,5,7000,35000,Hyderabad,Net Banking,2025-11-01,7
2178,8125,Shravya Bassi,Shoes,Fashion,4,2500,10000,Delhi,Cash on Delivery,2025-12-03,3
2179,8540,Sneha Chokshi,Laptop,Electronics,4,65000,260000,Ahmedabad,UPI,2026-07-05,5
2180,7974,Saksham Patil,Shoes,Fashion,3,2500,7500,Ahmedabad,Debit Card,2026-02-08,7
2181,5378,Omaja Seshadri,T-Shirt,Fashion,5,800,4000,Bengaluru,Debit Card,2025-10-11,3
2182,6318,Tanmayi Mahal,Headphones,Electronics,4,3000,12000,Pune,UPI,2026-05-19,5
2183,9704,Aahana Krishnamurthy,Phone,Electronics,1,25000,25000,Chennai,Credit Card,2025-10-25,2
2184,3065,Lakshmi Nadkarni,Laptop,Electronics,1,65000,65000,Bengaluru,Cash on Delivery,2025-08-18,4
2185,8504,Fitan Bakshi,Watch,Accessories,3,5000,15000,Hyderabad,Net Banking,2025-09-28,5
2186,6350,Kala Bhatnagar,Headphones,Electronics,1,3000,3000,Ahmedabad,UPI,2026-03-29,2
2187,7257,Yadavi Thakkar,Shoes,Fashion,1,2500,2500,Mumbai,Debit Card,2026-03-23,6
2188,7565,Ojas Mane,Shoes,Fashion,4,2500,10000,Delhi,Credit Card,2026-06-11,6
2189,8101,Chandran Pillai,Phone,Electronics,1,25000,25000,Mumbai,Credit Card,2025-10-16,5
2190,9422,Watika Manda,Phone,Electronics,3,25000,75000,Hyderabad,UPI,2026-03-08,3
2191,8158,Gautam Issac,Headphones,Electronics,2,3000,6000,Pune,Credit Card,2026-03-02,3
2192,7531,Rayaan Chakraborty,Headphones,Electronics,1,3000,3000,Bengaluru,Debit Card,2026-01-30,3
2193,1306,Jagdish Dora,Laptop,Electronics,2,65000,130000,Chennai,Credit Card,2025-09-09,3
2194,6212,Aarna Parmar,Phone,Electronics,5,25000,125000,Mumbai,Credit Card,2025-09-13,2
2195,4621,Yauvani Deol,Laptop,Electronics,3,65000,195000,Mumbai,Net Banking,2026-04-26,3
2196,8547,Anita Ray,Shoes,Fashion,5,2500,12500,Chennai,Net Banking,2025-08-28,3
2197,1205,Raghav Mani,Headphones,Electronics,4,3000,12000,Ahmedabad,Debit Card,2026-06-13,3
2198,3486,Rehaan Borra,Phone,Electronics,4,25000,100000,Kolkata,Cash on Delivery,2025-11-28,2
2199,7390,Aarnav Sodhi,Headphones,Electronics,2,3000,6000,Pune,Cash on Delivery,2026-06-14,1
2200,2287,Baghyawati Zacharia,Shoes,Fashion,5,2500,12500,Kolkata,Net Banking,2026-02-26,3
2201,7048,Zaitra Soni,Laptop,Electronics,5,65000,325000,Pune,Debit Card,2025-08-14,7
2202,1484,Chandran Soni,Phone,Electronics,4,25000,100000,Bengaluru,Net Banking,2025-11-10,5
2203,8070,Devansh Gade,Phone,Electronics,3,25000,75000,Chennai,UPI,2026-03-25,7
2204,9040,Zehaan Rao,Chair,Furniture,5,4000,20000,Hyderabad,Cash on Delivery,2026-06-24,5
2205,3023,Warda Wable,Phone,Electronics,5,25000,125000,Mumbai,Cash on Delivery,2026-05-29,2
2206,5740,Turvi Dasgupta,Phone,Electronics,1,25000,25000,Bengaluru,Credit Card,2025-11-28,7
2207,7693,Noah Pingle,T-Shirt,Fashion,4,800,3200,Ahmedabad,Credit Card,2026-05-05,4
2208,6233,Pahal Raja,Book,Books,3,500,1500,Ahmedabad,UPI,2025-09-02,6
2209,9229,Theodore Ahuja,Watch,Accessories,3,5000,15000,Chennai,Credit Card,2026-04-21,7
2210,5690,Viraj Sandhu,Headphones,Electronics,4,3000,12000,Kolkata,Credit Card,2025-09-28,7
2211,1054,Nirja Kakar,Phone,Electronics,3,25000,75000,Ahmedabad,Cash on Delivery,2026-04-21,6
2212,7280,Damini Mohanty,Phone,Electronics,1,25000,25000,Chennai,Cash on Delivery,2026-05-07,4
2213,4673,Ekantika Halder,Phone,Electronics,1,25000,25000,Bengaluru,Net Banking,2026-01-20,5
2214,7697,Jalsa Sarin,Headphones,Electronics,1,3000,3000,Delhi,Debit Card,2026-04-22,5
2215,8731,Vritti Lad,Phone,Electronics,5,25000,125000,Mumbai,Debit Card,2026-06-15,1
2216,9377,Bhavya Vohra,Shoes,Fashion,4,2500,10000,Hyderabad,Credit Card,2025-12-11,4
2217,3870,Geetika Thakur,Phone,Electronics,2,25000,50000,Kolkata,Credit Card,2026-02-26,3
2218,1506,Harish Pandit,Phone,Electronics,1,25000,25000,Hyderabad,Net Banking,2025-09-16,4
2219,8268,Vrinda D’Alia,Headphones,Electronics,5,3000,15000,Hyderabad,Credit Card,2026-05-16,4
2220,6427,Ojas Deshmukh,Headphones,Electronics,1,3000,3000,Bengaluru,Credit Card,2026-05-11,4
2221,1112,Urvi Sule,Shoes,Fashion,1,2500,2500,Delhi,Cash on Delivery,2026-05-18,7
2222,7313,Hemal Wali,Headphones,Electronics,4,3000,12000,Mumbai,Cash on Delivery,2026-05-04,3
2223,2982,Chatresh Kala,Watch,Accessories,5,5000,25000,Delhi,Cash on Delivery,2025-12-13,4
2224,5799,Abha Kota,T-Shirt,Fashion,1,800,800,Chennai,UPI,2025-11-20,3
2225,8209,Damyanti Garde,Phone,Electronics,5,25000,125000,Chennai,UPI,2025-12-08,1
2226,2831,Harini Mannan,Phone,Electronics,3,25000,75000,Bengaluru,Debit Card,2026-07-03,4
2227,4982,Vedant Dewan,Shoes,Fashion,2,2500,5000,Kolkata,Credit Card,2026-03-12,3
2228,8507,Krish Raju,Laptop,Electronics,1,65000,65000,Kolkata,Credit Card,2026-01-18,7
2229,8285,Anjali Kannan,Phone,Electronics,3,25000,75000,Ahmedabad,Cash on Delivery,2026-07-19,6
2230,1585,Isaac Deol,Phone,Electronics,3,25000,75000,Bengaluru,Credit Card,2025-11-22,5
2231,7076,Sanaya Som,Phone,Electronics,2,25000,50000,Ahmedabad,Debit Card,2026-01-06,3
2232,5992,Jackson Dave,Desk,Furniture,2,7000,14000,Kolkata,Cash on Delivery,2025-09-11,6
2233,3400,Garima Kata,Phone,Electronics,2,25000,50000,Pune,Cash on Delivery,2026-01-17,3
2234,4467,Manan Gour,Shoes,Fashion,1,2500,2500,Pune,Credit Card,2025-09-01,5
2235,9332,Fariq Vig,Laptop,Electronics,3,65000,195000,Chennai,Cash on Delivery,2026-04-11,5
2236,3553,Radhika Pal,Book,Books,3,500,1500,Ahmedabad,Net Banking,2025-09-16,3
2237,3770,Maanas Palla,Phone,Electronics,4,25000,100000,Kolkata,Credit Card,2025-09-07,4
2238,2060,Nidhi Bakshi,Watch,Accessories,1,5000,5000,Ahmedabad,Credit Card,2026-05-22,3
2239,5559,Netra Barad,Phone,Electronics,2,25000,50000,Mumbai,Credit Card,2026-07-10,3
2240,1199,Udarsh Roy,Headphones,Electronics,5,3000,15000,Hyderabad,Credit Card,2025-09-16,3
2241,2619,Priya Sethi,Shoes,Fashion,4,2500,10000,Ahmedabad,Net Banking,2026-03-07,1
2242,9810,Bhavani Bumb,Phone,Electronics,5,25000,125000,Mumbai,UPI,2025-10-03,4
2243,5009,Ikshita Patla,Headphones,Electronics,2,3000,6000,Pune,Credit Card,2026-04-26,6
2244,4741,Raghav Nagy,Desk,Furniture,2,7000,14000,Kolkata,Credit Card,2026-06-03,1
2245,5546,Chaaya Kannan,Chair,Furniture,3,4000,12000,Mumbai,Credit Card,2025-10-03,6
2246,3171,Devansh Goyal,T-Shirt,Fashion,1,800,800,Pune,UPI,2026-05-09,2
2247,8819,Nakul Krishna,Phone,Electronics,5,25000,125000,Kolkata,UPI,2025-12-24,5
2248,6224,Ojas Cheema,Watch,Accessories,1,5000,5000,Mumbai,Credit Card,2025-09-27,4
2249,8799,Bakhshi Srinivas,Phone,Electronics,1,25000,25000,Hyderabad,UPI,2025-12-13,5
2250,8982,Dalbir Padmanabhan,Headphones,Electronics,5,3000,15000,Pune,Net Banking,2026-04-22,1
2251,8252,Nathaniel Rege,Headphones,Electronics,1,3000,3000,Hyderabad,Net Banking,2025-11-15,7
2252,1008,Anthony Naidu,Shoes,Fashion,4,2500,10000,Pune,Cash on Delivery,2026-06-25,5
2253,6384,Dayamai Borra,Phone,Electronics,2,25000,50000,Kolkata,Net Banking,2025-09-20,3
2254,5328,Onkar Dey,Chair,Furniture,3,4000,12000,Hyderabad,Debit Card,2026-02-28,3
2255,6059,Lekha Chadha,Shoes,Fashion,5,2500,12500,Kolkata,UPI,2025-09-16,7
2256,1106,Om Naidu,Desk,Furniture,4,7000,28000,Ahmedabad,Net Banking,2026-03-29,4
2257,2074,Amrita Bora,Headphones,Electronics,2,3000,6000,Chennai,Debit Card,2026-03-19,1
2258,6610,Arunima Saha,Book,Books,4,500,2000,Bengaluru,Credit Card,2026-02-16,7
2259,4493,Siddharth Kala,Phone,Electronics,2,25000,50000,Pune,Net Banking,2025-09-10,3
2260,8731,Dalbir Kalita,Phone,Electronics,5,25000,125000,Mumbai,Debit Card,2026-01-08,5
2261,6304,Chakradev Mahajan,Phone,Electronics,2,25000,50000,Bengaluru,Credit Card,2025-12-11,7
2262,3587,Atharv Mangat,Phone,Electronics,2,25000,50000,Bengaluru,Debit Card,2025-10-10,5
2263,7830,Chatura Sur,Bottle,Home,5,600,3000,Pune,Credit Card,2026-03-17,3
2264,7075,Viraj Ramesh,Headphones,Electronics,3,3000,9000,Bengaluru,Debit Card,2025-10-01,3
2265,8368,Dalbir Bajaj,Shoes,Fashion,3,2500,7500,Pune,Cash on Delivery,2026-08-02,5
2266,1092,Vamakshi Ghosh,Phone,Electronics,4,25000,100000,Chennai,UPI,2026-01-17,4
2267,8485,Guneet Gade,Phone,Electronics,2,25000,50000,Pune,UPI,2025-08-21,7
2268,5193,Oeshi Barad,Shoes,Fashion,2,2500,5000,Pune,Debit Card,2025-11-15,1
2269,6336,Anmol Khalsa,Phone,Electronics,4,25000,100000,Hyderabad,Credit Card,2026-06-21,5
2270,2750,Chameli Choudhry,Headphones,Electronics,3,3000,9000,Mumbai,Credit Card,2026-06-20,2
2271,8698,Onveer Savant,Phone,Electronics,4,25000,100000,Delhi,Cash on Delivery,2026-04-05,6
2272,5093,Rajeshri Gaba,Chair,Furniture,4,4000,16000,Pune,Net Banking,2026-02-18,5
2273,1919,Mugdha Merchant,Phone,Electronics,1,25000,25000,Ahmedabad,Debit Card,2025-12-21,5
2274,2819,Lekha Bhatt,Phone,Electronics,3,25000,75000,Kolkata,Credit Card,2026-04-03,6
2275,3486,Eta Hans,Laptop,Electronics,4,65000,260000,Bengaluru,Net Banking,2026-07-31,3
2276,2441,Anjali Chacko,Headphones,Electronics,5,3000,15000,Kolkata,Credit Card,2026-05-14,3
2277,9700,Zehaan Malhotra,Headphones,Electronics,3,3000,9000,Pune,UPI,2026-07-02,2
2278,6143,Vedika Buch,T-Shirt,Fashion,1,800,800,Ahmedabad,Cash on Delivery,2026-07-21,6
2279,6263,Omkaar Subramanian,Watch,Accessories,2,5000,10000,Kolkata,Credit Card,2025-11-13,4
2280,5243,Jonathan Mannan,Phone,Electronics,2,25000,50000,Pune,Net Banking,2026-06-12,6
2281,2952,Anvi Deol,Desk,Furniture,2,7000,14000,Chennai,Cash on Delivery,2025-12-31,4
2282,9657,Vritti Sha,T-Shirt,Fashion,1,800,800,Delhi,Net Banking,2025-12-02,3
2283,1525,Gunbir Kumer,Laptop,Electronics,4,65000,260000,Ahmedabad,Net Banking,2026-06-12,4
2284,2099,Patrick Peri,Phone,Electronics,3,25000,75000,Mumbai,Net Banking,2025-08-27,1
2285,9712,Wakeeta Lad,Chair,Furniture,1,4000,4000,Bengaluru,Net Banking,2025-11-09,7
2286,8675,Aashi Kari,Watch,Accessories,5,5000,25000,Hyderabad,UPI,2026-03-02,7
2287,8630,Joshua Bose,Shoes,Fashion,3,2500,7500,Kolkata,Credit Card,2026-07-14,6
2288,6567,Vasudha Bora,Phone,Electronics,2,25000,50000,Kolkata,Net Banking,2025-11-08,7
2289,1351,Rajeshri Mohan,Shoes,Fashion,4,2500,10000,Chennai,Net Banking,2026-03-20,3
2290,1309,Wazir Shan,Laptop,Electronics,4,65000,260000,Delhi,Credit Card,2026-08-04,3
2291,4651,Idika Balay,Headphones,Electronics,3,3000,9000,Ahmedabad,Net Banking,2025-11-01,4
2292,6810,Sarthak Manne,Shoes,Fashion,2,2500,5000,Bengaluru,Credit Card,2026-03-27,7
2293,3975,Nirja Konda,Phone,Electronics,3,25000,75000,Mumbai,UPI,2025-11-28,5
2294,3086,Nitesh Loyal,Shoes,Fashion,1,2500,2500,Ahmedabad,UPI,2026-07-05,3
2295,4421,Hemani Chopra,Watch,Accessories,2,5000,10000,Hyderabad,Debit Card,2026-05-01,2
2296,4817,Urmi Basak,Headphones,Electronics,3,3000,9000,Hyderabad,Debit Card,2025-12-08,1
2297,3017,Pallavi Devi,Phone,Electronics,4,25000,100000,Chennai,UPI,2025-10-24,4
2298,7232,Lekha Mohan,Watch,Accessories,2,5000,10000,Delhi,Cash on Delivery,2025-08-30,4
2299,7234,Gaurav Shanker,Phone,Electronics,2,25000,50000,Mumbai,UPI,2026-04-16,2
2300,9462,Arunima Ramaswamy,Headphones,Electronics,5,3000,15000,Mumbai,Credit Card,2025-11-30,7
2301,6871,Chatura Dubey,Phone,Electronics,4,25000,100000,Ahmedabad,Cash on Delivery,2026-03-03,2
2302,9305,Baljiwan Bose,Phone,Electronics,1,25000,25000,Ahmedabad,Cash on Delivery,2026-07-12,3
2303,1264,Garima Kar,Headphones,Electronics,4,3000,12000,Delhi,Cash on Delivery,2025-10-04,7
2304,6811,Karan Ratta,Headphones,Electronics,1,3000,3000,Ahmedabad,Debit Card,2026-06-28,7
2305,4757,Qasim Peri,Laptop,Electronics,3,65000,195000,Mumbai,Cash on Delivery,2025-10-20,4
2306,6296,Owen Mangat,Laptop,Electronics,3,65000,195000,Delhi,Credit Card,2026-01-14,7
2307,1151,Radha Arora,Phone,Electronics,5,25000,125000,Bengaluru,Net Banking,2026-05-23,2
2308,1638,Tara Naik,Phone,Electronics,4,25000,100000,Delhi,Net Banking,2025-12-10,7
2309,7089,Falak Kothari,Phone,Electronics,3,25000,75000,Chennai,Credit Card,2026-01-20,4
2310,3480,Aarnav Yohannan,Phone,Electronics,5,25000,125000,Bengaluru,Debit Card,2026-07-17,1
2311,9151,Jasmit Bhasin,T-Shirt,Fashion,1,800,800,Hyderabad,Debit Card,2026-05-13,4
2312,6260,Vihaan Virk,Shoes,Fashion,3,2500,7500,Delhi,UPI,2026-06-09,3
2313,1560,Chandani Iyengar,Laptop,Electronics,4,65000,260000,Bengaluru,Cash on Delivery,2026-03-16,1
2314,9604,Daksha Pathak,Headphones,Electronics,5,3000,15000,Bengaluru,Credit Card,2026-01-03,1
2315,2509,Henry Ramachandran,Laptop,Electronics,2,65000,130000,Chennai,UPI,2026-03-28,1
2316,7800,Vrinda Chatterjee,Chair,Furniture,4,4000,16000,Kolkata,Credit Card,2026-07-30,7
2317,6102,Harrison Deep,Shoes,Fashion,1,2500,2500,Kolkata,Cash on Delivery,2026-02-19,3
2318,6989,Jason Modi,Phone,Electronics,5,25000,125000,Mumbai,Cash on Delivery,2026-05-23,4
2319,4215,Yagnesh Vig,Shoes,Fashion,5,2500,12500,Bengaluru,Credit Card,2026-03-12,5
2320,4695,Rajeshri Gokhale,Phone,Electronics,2,25000,50000,Mumbai,UPI,2026-03-27,6
2321,2724,Krishna Sood,Headphones,Electronics,5,3000,15000,Hyderabad,Credit Card,2025-08-18,3
2322,6384,Harita Sheth,Phone,Electronics,3,25000,75000,Kolkata,Net Banking,2026-04-19,5
2323,3157,Lajita Kuruvilla,Headphones,Electronics,3,3000,9000,Ahmedabad,Cash on Delivery,2025-11-24,3
2324,1560,Ishanvi Sengupta,Shoes,Fashion,5,2500,12500,Chennai,UPI,2025-10-12,7
2325,1234,Lakshit Hora,Phone,Electronics,2,25000,50000,Bengaluru,UPI,2025-11-08,7
2326,7500,Garima Sethi,T-Shirt,Fashion,2,800,1600,Ahmedabad,UPI,2025-08-24,5
2327,4076,Charles Nigam,Headphones,Electronics,3,3000,9000,Chennai,Cash on Delivery,2025-10-10,2
2328,9943,Noah Raj,Headphones,Electronics,3,3000,9000,Kolkata,UPI,2025-10-16,6
2329,6527,Avi Ratti,Phone,Electronics,5,25000,125000,Ahmedabad,Credit Card,2026-05-16,3
2330,9993,Idika Chad,Phone,Electronics,4,25000,100000,Kolkata,UPI,2025-09-23,6
2331,5306,Lakshit Kaul,Watch,Accessories,5,5000,25000,Mumbai,Debit Card,2026-04-04,4
2332,3068,Rudra Venkatesh,Shoes,Fashion,5,2500,12500,Mumbai,Credit Card,2026-07-18,4
2333,5844,Mekhala Chowdhury,T-Shirt,Fashion,1,800,800,Bengaluru,Debit Card,2025-10-24,3
2334,2359,Pranit Vig,Headphones,Electronics,5,3000,15000,Bengaluru,Cash on Delivery,2026-06-26,7
2335,4192,Faras Chakraborty,Desk,Furniture,5,7000,35000,Bengaluru,Credit Card,2026-03-02,7
2336,9611,Aadhya Hegde,Laptop,Electronics,3,65000,195000,Bengaluru,Net Banking,2026-06-23,7
2337,9735,Jason Dutt,Headphones,Electronics,1,3000,3000,Ahmedabad,Net Banking,2026-04-13,2
2338,3732,Madhav Sibal,Shoes,Fashion,5,2500,12500,Ahmedabad,Credit Card,2026-07-29,1
2339,4707,Amaira Nair,Shoes,Fashion,5,2500,12500,Bengaluru,Net Banking,2025-11-13,5
2340,5561,Ridhi Pandey,Headphones,Electronics,2,3000,6000,Delhi,Cash on Delivery,2025-08-12,3
2341,7901,Wakeeta Pradhan,Phone,Electronics,5,25000,125000,Kolkata,Cash on Delivery,2026-02-24,3
2342,1005,Vamakshi Deshmukh,Phone,Electronics,3,25000,75000,Mumbai,Debit Card,2026-01-10,6
2343,4420,Faris Virk,Headphones,Electronics,3,3000,9000,Mumbai,UPI,2026-06-04,7
2344,8879,Gabriel Balakrishnan,Headphones,Electronics,2,3000,6000,Bengaluru,Credit Card,2026-01-27,4
2345,7406,Alka Dey,T-Shirt,Fashion,4,800,3200,Hyderabad,Credit Card,2026-01-13,7
2346,5525,Wridesh Vyas,Phone,Electronics,2,25000,50000,Bengaluru,Cash on Delivery,2026-01-19,1
2347,3487,Sara Dey,Shoes,Fashion,5,2500,12500,Hyderabad,Cash on Delivery,2026-04-29,2
2348,1176,Yash Narayan,Shoes,Fashion,3,2500,7500,Mumbai,Net Banking,2025-08-22,3
2349,8718,Brijesh Ranganathan,Headphones,Electronics,5,3000,15000,Hyderabad,Cash on Delivery,2026-05-09,3
2350,8444,Meera Ravi,T-Shirt,Fashion,5,800,4000,Bengaluru,UPI,2026-04-14,7
2351,5458,Nilima Sethi,Book,Books,3,500,1500,Delhi,Cash on Delivery,2026-07-18,7
2352,8643,Max Thakkar,Watch,Accessories,1,5000,5000,Chennai,Net Banking,2026-04-30,2
2353,5769,Oeshi Sibal,Watch,Accessories,4,5000,20000,Hyderabad,Net Banking,2025-11-25,1
2354,6940,Nachiket Doctor,Laptop,Electronics,5,65000,325000,Hyderabad,Cash on Delivery,2026-05-03,7
2355,7908,Ijaya Ahuja,Shoes,Fashion,4,2500,10000,Delhi,UPI,2025-10-19,7
2356,5123,Ucchal Naik,T-Shirt,Fashion,3,800,2400,Ahmedabad,Cash on Delivery,2026-07-04,6
2357,2361,Mohini Walia,T-Shirt,Fashion,3,800,2400,Delhi,UPI,2026-02-23,6
2358,9109,Tara Pau,T-Shirt,Fashion,2,800,1600,Hyderabad,Net Banking,2026-03-16,4
2359,8993,Yadavi Vaidya,Shoes,Fashion,1,2500,2500,Chennai,Net Banking,2025-11-10,5
2360,1689,Neha Tara,Watch,Accessories,4,5000,20000,Mumbai,Net Banking,2026-07-15,7
2361,2555,Devika Nath,T-Shirt,Fashion,1,800,800,Mumbai,Credit Card,2026-01-28,3
2362,7911,Chasmum Devan,Headphones,Electronics,5,3000,15000,Chennai,UPI,2026-07-01,3
2363,8548,Jason Banerjee,Shoes,Fashion,4,2500,10000,Delhi,Cash on Delivery,2026-05-16,7
2364,1420,Odika Tata,T-Shirt,Fashion,4,800,3200,Hyderabad,Net Banking,2025-10-31,2
2365,2618,William Chakraborty,Laptop,Electronics,3,65000,195000,Pune,Cash on Delivery,2025-10-17,7
2366,5153,Aryan Nazareth,Laptop,Electronics,4,65000,260000,Ahmedabad,Debit Card,2026-02-04,3
2367,5532,Alka Deshpande,Chair,Furniture,2,4000,8000,Kolkata,UPI,2026-02-22,3
2368,3631,Wridesh Dash,Headphones,Electronics,3,3000,9000,Hyderabad,Net Banking,2025-10-11,7
2369,7575,Ranbir Kota,Watch,Accessories,3,5000,15000,Ahmedabad,Credit Card,2026-02-16,7
2370,6468,Gayathri Karnik,Headphones,Electronics,1,3000,3000,Ahmedabad,Net Banking,2025-09-06,5
2371,6186,Siddharth Bhagat,Shoes,Fashion,2,2500,5000,Pune,UPI,2025-09-03,6
2372,6126,Ranveer Shroff,Laptop,Electronics,4,65000,260000,Kolkata,Credit Card,2026-02-20,7
2373,8953,Advik Hayre,Phone,Electronics,3,25000,75000,Ahmedabad,Debit Card,2025-10-23,7
2374,3608,Madhav Hayre,Headphones,Electronics,3,3000,9000,Bengaluru,Debit Card,2026-06-06,1
2375,6087,Jonathan Rama,Phone,Electronics,5,25000,125000,Pune,Net Banking,2025-11-30,5
2376,2244,Wridesh Sur,Phone,Electronics,5,25000,125000,Hyderabad,UPI,2026-01-22,1
2377,5315,Aishani Bains,Shoes,Fashion,4,2500,10000,Bengaluru,Debit Card,2026-04-02,5
2378,7311,Ojas Khatri,Phone,Electronics,2,25000,50000,Mumbai,Debit Card,2025-11-01,5
2379,6305,Bhavna Hans,Headphones,Electronics,1,3000,3000,Hyderabad,Cash on Delivery,2025-11-12,7
2380,3539,Gopal Ramachandran,Laptop,Electronics,5,65000,325000,Pune,UPI,2026-08-05,4
2381,5019,Janaki Bhalla,Phone,Electronics,2,25000,50000,Hyderabad,Cash on Delivery,2025-10-07,6
2382,1203,Sara Ramakrishnan,T-Shirt,Fashion,2,800,1600,Pune,Credit Card,2026-03-18,1
2383,8191,Wishi Goel,Watch,Accessories,4,5000,20000,Chennai,Net Banking,2026-06-21,5
2384,7755,Gautami Mane,Bottle,Home,2,600,1200,Bengaluru,Net Banking,2025-12-23,5
2385,7342,Maanav Dash,Phone,Electronics,5,25000,125000,Pune,Debit Card,2026-01-08,7
2386,7065,Nachiket Nori,T-Shirt,Fashion,4,800,3200,Ahmedabad,Credit Card,2025-12-22,3
2387,3203,Unnati Bandi,Headphones,Electronics,1,3000,3000,Ahmedabad,Credit Card,2026-04-22,7
2388,2583,Saanvi Manne,Headphones,Electronics,2,3000,6000,Kolkata,Net Banking,2026-06-07,3
2389,4732,Upma Edwin,Phone,Electronics,5,25000,125000,Ahmedabad,Net Banking,2026-02-08,7
2390,5409,Vedhika Prabhu,Bottle,Home,4,600,2400,Delhi,Cash on Delivery,2026-04-04,5
2391,8146,Wakeeta Zacharia,Headphones,Electronics,5,3000,15000,Mumbai,Credit Card,2026-04-24,1
2392,1942,Rushil Bhakta,Headphones,Electronics,5,3000,15000,Ahmedabad,Cash on Delivery,2026-03-09,7
2393,6806,Qabil Madan,Shoes,Fashion,1,2500,2500,Mumbai,Debit Card,2026-02-12,5
2394,9041,Idika Bumb,Phone,Electronics,1,25000,25000,Chennai,Credit Card,2025-09-10,4
2395,6076,Liam Mukherjee,Phone,Electronics,4,25000,100000,Pune,Debit Card,2026-06-27,2
2396,7670,Zaid Bava,Headphones,Electronics,5,3000,15000,Bengaluru,Net Banking,2026-07-24,6
2397,1867,Abdul Karnik,Headphones,Electronics,1,3000,3000,Ahmedabad,Net Banking,2026-03-12,1
2398,2042,Kala Kata,T-Shirt,Fashion,1,800,800,Chennai,Credit Card,2025-09-18,6
2399,3938,Onveer Sundaram,Phone,Electronics,5,25000,125000,Bengaluru,UPI,2025-11-17,6
2400,6436,Udant Rai,Book,Books,1,500,500,Mumbai,UPI,2026-05-08,4
2401,7677,Nachiket Varty,Headphones,Electronics,4,3000,12000,Chennai,Cash on Delivery,2026-01-19,2
2402,2570,Omisha Sampath,T-Shirt,Fashion,2,800,1600,Pune,Debit Card,2025-11-24,2
2403,9186,Yashica Ratta,Shoes,Fashion,3,2500,7500,Mumbai,Credit Card,2026-04-10,3
2404,6754,Ekaja Bhardwaj,Headphones,Electronics,2,3000,6000,Mumbai,Debit Card,2025-12-31,4
2405,5223,Yahvi Loke,T-Shirt,Fashion,5,800,4000,Delhi,Net Banking,2026-04-21,1
2406,7113,Yashvi Chada,Bottle,Home,1,600,600,Mumbai,Credit Card,2025-08-31,1
2407,1206,Rudra Jhaveri,Chair,Furniture,5,4000,20000,Delhi,Debit Card,2026-06-30,4
2408,7141,Arya Char,Phone,Electronics,5,25000,125000,Mumbai,Credit Card,2025-12-15,2
2409,3978,Netra Misra,Shoes,Fashion,4,2500,10000,Hyderabad,Debit Card,2026-05-28,1
2410,7130,Jasmit Bera,Watch,Accessories,2,5000,10000,Bengaluru,Cash on Delivery,2025-10-20,6
2411,9312,Darika Butala,T-Shirt,Fashion,2,800,1600,Bengaluru,Cash on Delivery,2026-06-15,1
2412,2970,Vyanjana Dhingra,Shoes,Fashion,5,2500,12500,Pune,Debit Card,2026-05-29,1
2413,9494,Liam Misra,Phone,Electronics,2,25000,50000,Bengaluru,UPI,2025-08-23,4
2414,6527,Naveen Chaudhry,Phone,Electronics,2,25000,50000,Kolkata,Net Banking,2026-02-27,7
2415,2906,Frado Sandhu,Phone,Electronics,4,25000,100000,Mumbai,Debit Card,2026-06-16,2
2416,9040,Umang Radhakrishnan,Phone,Electronics,2,25000,50000,Hyderabad,Cash on Delivery,2026-07-01,1
2417,2618,Warinder Sule,Phone,Electronics,4,25000,100000,Mumbai,Debit Card,2025-08-11,5
2418,9547,Robert Pandey,Headphones,Electronics,5,3000,15000,Chennai,Net Banking,2026-03-19,6
2419,3219,Brinda Mallick,Phone,Electronics,3,25000,75000,Kolkata,Credit Card,2025-09-12,3
2420,7623,Yashica Goyal,Desk,Furniture,4,7000,28000,Chennai,Cash on Delivery,2025-09-07,1
2421,2709,Kavya Dalal,Headphones,Electronics,4,3000,12000,Ahmedabad,Net Banking,2025-10-14,4
2422,9152,Tanvi Tank,Shoes,Fashion,3,2500,7500,Pune,UPI,2025-12-28,5
2423,2461,Max Ranganathan,T-Shirt,Fashion,2,800,1600,Pune,Net Banking,2025-10-07,6
2424,3840,Daniel Anand,Book,Books,5,500,2500,Ahmedabad,UPI,2025-11-20,5
2425,7306,Vedika Sarin,Laptop,Electronics,3,65000,195000,Hyderabad,Debit Card,2025-12-28,5
2426,9329,Wishi Munshi,Laptop,Electronics,4,65000,260000,Bengaluru,Net Banking,2026-06-21,3
2427,4514,Daksha Khanna,Shoes,Fashion,1,2500,2500,Mumbai,Cash on Delivery,2026-01-07,2
2428,2195,Ishita Mitra,Watch,Accessories,3,5000,15000,Hyderabad,Cash on Delivery,2026-01-06,2
2429,1255,Xalak Keer,Headphones,Electronics,5,3000,15000,Delhi,Cash on Delivery,2026-07-24,2
2430,5758,Widisha Prabhakar,Book,Books,1,500,500,Delhi,Credit Card,2026-05-04,6
2431,3900,Charita Grover,T-Shirt,Fashion,3,800,2400,Chennai,Credit Card,2025-10-22,3
2432,1733,Chakradev Deshpande,Book,Books,4,500,2000,Bengaluru,Credit Card,2026-02-06,5
2433,7927,Anthony Singh,Phone,Electronics,3,25000,75000,Pune,Credit Card,2025-11-13,6
2434,7704,Qushi Shankar,Shoes,Fashion,3,2500,7500,Delhi,Cash on Delivery,2025-11-21,7
2435,4104,Anika Bala,Headphones,Electronics,3,3000,9000,Kolkata,Debit Card,2025-10-19,5
2436,1684,Harini Dave,Laptop,Electronics,4,65000,260000,Kolkata,Credit Card,2026-04-04,6
2437,2874,Kamya Batta,Shoes,Fashion,1,2500,2500,Mumbai,Credit Card,2025-08-21,7
2438,9797,Gaurav Murty,Headphones,Electronics,2,3000,6000,Ahmedabad,Credit Card,2026-06-07,6
2439,5666,Manya Krish,Phone,Electronics,4,25000,100000,Pune,Debit Card,2025-10-12,7
2440,2956,Ekavir Dhar,Headphones,Electronics,1,3000,3000,Chennai,Credit Card,2026-01-23,1
2441,4289,Hritik Kaur,Headphones,Electronics,4,3000,12000,Bengaluru,Net Banking,2026-01-19,1
2442,2825,Amruta Manda,Headphones,Electronics,1,3000,3000,Hyderabad,UPI,2025-11-11,7
2443,2104,Veda Shah,Phone,Electronics,1,25000,25000,Hyderabad,Cash on Delivery,2026-03-14,5
2444,8242,Pavani Manne,Phone,Electronics,2,25000,50000,Delhi,Net Banking,2025-11-01,7
2445,6208,Ekiya Srivastava,Chair,Furniture,2,4000,8000,Delhi,Net Banking,2026-06-02,1
2446,5109,Geetika Sengupta,Desk,Furniture,3,7000,21000,Bengaluru,Debit Card,2025-09-02,4
2447,7411,Frado Yogi,Phone,Electronics,1,25000,25000,Chennai,Credit Card,2026-03-29,3
2448,4014,Udant Upadhyay,Headphones,Electronics,2,3000,6000,Hyderabad,Debit Card,2025-08-08,6
2449,8217,Ekiya Deol,Shoes,Fashion,1,2500,2500,Mumbai,Credit Card,2026-01-07,5
2450,3639,Samuel Sama,Headphones,Electronics,5,3000,15000,Bengaluru,Net Banking,2026-02-08,3
2451,7716,Jackson Buch,Laptop,Electronics,1,65000,65000,Delhi,Net Banking,2026-03-24,6
2452,7068,Pavani Thakur,Phone,Electronics,3,25000,75000,Delhi,Credit Card,2026-05-14,1
2453,7245,Nihal Issac,Shoes,Fashion,1,2500,2500,Delhi,Net Banking,2026-03-11,1
2454,2960,Vrishti Kalita,T-Shirt,Fashion,5,800,4000,Hyderabad,UPI,2025-08-29,5
2455,8805,Rishi Ahuja,Headphones,Electronics,1,3000,3000,Chennai,Debit Card,2026-05-13,6
2456,4893,Lakshit Ben,Shoes,Fashion,4,2500,10000,Kolkata,Net Banking,2026-03-25,3
2457,8850,Girik Suresh,Phone,Electronics,4,25000,100000,Bengaluru,Cash on Delivery,2026-05-23,5
2458,3365,Jonathan Ben,Watch,Accessories,2,5000,10000,Pune,Credit Card,2025-12-14,4
2459,7030,Jatin Sidhu,Bottle,Home,2,600,1200,Delhi,Cash on Delivery,2026-02-19,7
2460,8535,Robert Basak,Phone,Electronics,1,25000,25000,Chennai,Net Banking,2026-03-30,7
2461,3048,Zilmil Trivedi,Phone,Electronics,4,25000,100000,Ahmedabad,Credit Card,2026-07-26,4
2462,8546,Agastya Chokshi,Headphones,Electronics,4,3000,12000,Kolkata,Cash on Delivery,2026-08-02,4
2463,6341,Ekaraj Nair,Headphones,Electronics,3,3000,9000,Chennai,Credit Card,2025-11-16,6
2464,4554,Jeet Dugal,Headphones,Electronics,2,3000,6000,Hyderabad,Net Banking,2025-12-19,2
2465,6954,Lakshmi Vasa,Desk,Furniture,5,7000,35000,Kolkata,Net Banking,2025-12-15,7
2466,7140,Manbir Krishna,T-Shirt,Fashion,4,800,3200,Pune,Credit Card,2026-03-19,4
2467,9893,Krishna Karan,Phone,Electronics,1,25000,25000,Kolkata,Debit Card,2026-04-11,7
2468,7752,Chandani Tailor,Chair,Furniture,5,4000,20000,Delhi,Credit Card,2026-07-02,2
2469,7296,Urishilla Kadakia,Phone,Electronics,2,25000,50000,Chennai,Credit Card,2026-01-10,4
2470,7323,Anya Kapadia,Laptop,Electronics,2,65000,130000,Bengaluru,Debit Card,2025-11-09,6
2471,7584,Lajita Char,Shoes,Fashion,2,2500,5000,Hyderabad,Credit Card,2026-05-19,4
2472,3139,Mohammed Arya,Phone,Electronics,2,25000,50000,Kolkata,Debit Card,2025-10-13,5
2473,9693,Darika Tailor,Desk,Furniture,5,7000,35000,Delhi,UPI,2026-04-23,7
2474,1142,Anya Trivedi,Laptop,Electronics,1,65000,65000,Delhi,Debit Card,2026-07-26,7
2475,4326,Libni Sundaram,Laptop,Electronics,3,65000,195000,Bengaluru,Credit Card,2026-04-25,3
2476,6169,Kiaan Amble,T-Shirt,Fashion,3,800,2400,Kolkata,Cash on Delivery,2025-11-22,3
2477,5968,Balveer Dixit,Shoes,Fashion,3,2500,7500,Mumbai,Net Banking,2026-07-22,2
2478,3674,Dev Bhakta,Book,Books,2,500,1000,Chennai,UPI,2026-06-25,5
2479,3593,Tanay Kara,Book,Books,4,500,2000,Kolkata,Debit Card,2026-06-11,6
2480,2857,Yatan Jha,T-Shirt,Fashion,2,800,1600,Bengaluru,Cash on Delivery,2026-06-13,1
2481,7241,Abha Patla,T-Shirt,Fashion,2,800,1600,Kolkata,Cash on Delivery,2025-11-30,4
2482,6937,Amaira Panchal,Phone,Electronics,1,25000,25000,Kolkata,Net Banking,2026-04-28,5
2483,9057,Yochana Mane,Phone,Electronics,1,25000,25000,Ahmedabad,Debit Card,2025-09-24,1
2484,3903,Imaran Nadkarni,Watch,Accessories,1,5000,5000,Bengaluru,Net Banking,2026-01-07,3
2485,2818,Ranveer Kanda,Shoes,Fashion,2,2500,5000,Hyderabad,Debit Card,2026-01-27,3
2486,6811,Rajata Contractor,Shoes,Fashion,1,2500,2500,Kolkata,UPI,2025-11-22,5
2487,3769,Gaurika Parsa,Watch,Accessories,4,5000,20000,Ahmedabad,Debit Card,2026-02-15,2
2488,1384,Rishi Gupta,Headphones,Electronics,5,3000,15000,Kolkata,Debit Card,2025-09-04,2
2489,6023,Mitesh Nair,Laptop,Electronics,2,65000,130000,Pune,Cash on Delivery,2026-03-12,4
2490,8505,Garima Acharya,Phone,Electronics,3,25000,75000,Mumbai,Debit Card,2026-02-19,5
2491,1174,Dayamai Mishra,Laptop,Electronics,5,65000,325000,Delhi,Debit Card,2026-02-07,4
2492,7226,Wahab Biswas,Phone,Electronics,4,25000,100000,Chennai,UPI,2026-04-25,6
2493,6499,Geetika Bhatti,Shoes,Fashion,4,2500,10000,Ahmedabad,Net Banking,2026-02-13,7
2494,7671,Chaitaly Bhatt,Bottle,Home,4,600,2400,Ahmedabad,Credit Card,2026-03-21,3
2495,4160,Tripti Bhatt,Shoes,Fashion,5,2500,12500,Kolkata,Debit Card,2025-10-12,3
2496,2389,Qadim Amble,Laptop,Electronics,4,65000,260000,Ahmedabad,Net Banking,2026-06-29,1
2497,2753,Unni Malhotra,Laptop,Electronics,2,65000,130000,Hyderabad,UPI,2026-06-06,2
2498,4882,Krishna Sengupta,Phone,Electronics,2,25000,50000,Mumbai,UPI,2026-03-17,1
2499,2153,Yashawini Bora,Shoes,Fashion,3,2500,7500,Bengaluru,Net Banking,2026-03-26,6
2500,6421,Yug Ranganathan,Chair,Furniture,4,4000,16000,Mumbai,Net Banking,2025-09-26,1
2501,4268,Lohit Yogi,Laptop,Electronics,2,65000,130000,Mumbai,Credit Card,2026-06-28,1
2502,1062,Madhav Puri,Shoes,Fashion,1,2500,2500,Chennai,Credit Card,2025-08-21,2
2503,7338,Jonathan Walla,Laptop,Electronics,1,65000,65000,Ahmedabad,Net Banking,2026-04-13,2
2504,9115,Arin Tripathi,Headphones,Electronics,2,3000,6000,Bengaluru,Cash on Delivery,2026-01-04,3
2505,2003,Qabil Andra,Shoes,Fashion,5,2500,12500,Kolkata,Credit Card,2026-05-22,5
2506,4239,Chandresh Walla,Laptop,Electronics,2,65000,130000,Pune,Credit Card,2025-08-17,5
2507,3031,Abeer Oommen,Headphones,Electronics,2,3000,6000,Mumbai,Credit Card,2025-10-25,2
2508,3661,Upadhriti Buch,T-Shirt,Fashion,2,800,1600,Chennai,Net Banking,2026-05-14,3
2509,5676,Pranit Khanna,Shoes,Fashion,5,2500,12500,Hyderabad,Cash on Delivery,2025-10-01,3
2510,9692,Aadhya Vig,T-Shirt,Fashion,2,800,1600,Delhi,Debit Card,2026-01-21,3
2511,2009,Liam Kakar,T-Shirt,Fashion,1,800,800,Mumbai,Cash on Delivery,2025-08-22,3
2512,8046,Balhaar Padmanabhan,Book,Books,1,500,500,Mumbai,Cash on Delivery,2026-01-30,1
2513,6216,Sanya Gokhale,Chair,Furniture,1,4000,4000,Ahmedabad,Net Banking,2026-07-03,6
2514,5299,Yoshita Deshmukh,Chair,Furniture,5,4000,20000,Ahmedabad,Cash on Delivery,2025-10-17,3
2515,7069,Harsh Vasa,Shoes,Fashion,4,2500,10000,Kolkata,Debit Card,2026-04-10,7
2516,4117,Nidhi Ratta,Headphones,Electronics,5,3000,15000,Hyderabad,Net Banking,2025-11-27,2
2517,7713,Krisha Subramanian,Laptop,Electronics,3,65000,195000,Kolkata,Cash on Delivery,2026-07-19,3
2518,8596,Samuel Andra,Book,Books,4,500,2000,Kolkata,Cash on Delivery,2026-02-28,2
2519,7874,Sarthak Raja,Phone,Electronics,4,25000,100000,Delhi,Credit Card,2026-03-11,7
2520,7544,Benjamin Dubey,Phone,Electronics,2,25000,50000,Ahmedabad,UPI,2025-10-30,4
2521,3474,Indira Natarajan,T-Shirt,Fashion,2,800,1600,Bengaluru,Credit Card,2025-12-18,1
2522,3455,Wahab Sama,Laptop,Electronics,4,65000,260000,Pune,Debit Card,2025-08-20,2
2523,3593,Chanakya Kaul,Laptop,Electronics,4,65000,260000,Pune,Net Banking,2026-06-17,3
2524,9177,Raagini Atwal,Phone,Electronics,4,25000,100000,Chennai,Cash on Delivery,2026-03-01,7
2525,6789,Upasna Goel,Phone,Electronics,1,25000,25000,Mumbai,UPI,2025-09-04,3
2526,5740,Darpan Patel,Shoes,Fashion,5,2500,12500,Bengaluru,Credit Card,2026-05-18,5
2527,7821,Zayyan Chada,Desk,Furniture,2,7000,14000,Kolkata,UPI,2026-05-14,3
2528,6089,Xavier Sengupta,Shoes,Fashion,3,2500,7500,Chennai,Net Banking,2026-04-04,1
2529,5618,Nandini Ray,Headphones,Electronics,5,3000,15000,Ahmedabad,Debit Card,2026-07-11,7
2530,7054,Forum Baral,Shoes,Fashion,2,2500,5000,Kolkata,UPI,2025-11-21,1
2531,5032,Priya Hayer,Headphones,Electronics,4,3000,12000,Hyderabad,Debit Card,2025-09-08,6
2532,8801,Isaiah Raghavan,Phone,Electronics,3,25000,75000,Pune,Net Banking,2026-02-09,3
2533,4184,Damini Bakshi,Headphones,Electronics,3,3000,9000,Bengaluru,Debit Card,2026-03-23,7
2534,4883,Zansi Karnik,Shoes,Fashion,2,2500,5000,Hyderabad,Cash on Delivery,2026-06-23,5
2535,6135,Lekha Murty,Headphones,Electronics,1,3000,3000,Mumbai,Cash on Delivery,2025-12-19,7
2536,2332,Janaki Tripathi,Phone,Electronics,3,25000,75000,Kolkata,Cash on Delivery,2026-01-14,5
2537,2096,Ethan Patel,Book,Books,3,500,1500,Kolkata,Cash on Delivery,2026-02-12,7
2538,3344,Joshua Chauhan,Phone,Electronics,3,25000,75000,Ahmedabad,UPI,2026-03-07,4
2539,6361,Raghav Nath,Phone,Electronics,1,25000,25000,Ahmedabad,Net Banking,2025-11-20,4
2540,6243,Patrick Tank,Headphones,Electronics,3,3000,9000,Kolkata,Debit Card,2026-03-26,5
2541,4083,Diya Banik,Watch,Accessories,2,5000,10000,Mumbai,Debit Card,2026-07-14,6
2542,9577,Hredhaan Varughese,Laptop,Electronics,2,65000,130000,Pune,Credit Card,2026-05-21,7
2543,5885,Sudiksha Prashad,Phone,Electronics,1,25000,25000,Pune,Credit Card,2025-11-22,2
2544,7904,Sanaya Pall,Phone,Electronics,1,25000,25000,Mumbai,Debit Card,2026-07-09,4
2545,8318,Ojasvi Parikh,T-Shirt,Fashion,2,800,1600,Chennai,Net Banking,2026-02-09,2
2546,2765,Akshay Pillay,Headphones,Electronics,3,3000,9000,Pune,Cash on Delivery,2026-06-08,3
2547,8427,Nitara Bhagat,Phone,Electronics,5,25000,125000,Pune,Credit Card,2026-05-26,5
2548,3030,Hredhaan Bhakta,Phone,Electronics,1,25000,25000,Delhi,Debit Card,2025-10-21,5
2549,6165,Yadavi Kapadia,Headphones,Electronics,2,3000,6000,Chennai,Net Banking,2026-07-06,1
2550,7480,Chakradev Varty,Shoes,Fashion,3,2500,7500,Bengaluru,Debit Card,2025-12-11,5
2551,5635,Shivansh Prasad,T-Shirt,Fashion,1,800,800,Ahmedabad,Net Banking,2025-10-22,7
2552,1915,Arjun Kapoor,Headphones,Electronics,5,3000,15000,Bengaluru,Cash on Delivery,2026-05-14,1
2553,3483,Krisha Korpal,Book,Books,2,500,1000,Mumbai,Net Banking,2026-05-04,2
2554,2505,Anirudh Kumer,Desk,Furniture,2,7000,14000,Ahmedabad,Debit Card,2026-03-19,3
2555,2139,Janya Kalita,Laptop,Electronics,3,65000,195000,Kolkata,Cash on Delivery,2025-08-24,5
2556,7487,Abeer Ramesh,Laptop,Electronics,4,65000,260000,Bengaluru,Net Banking,2025-11-02,7
2557,8348,Mahika Pingle,Laptop,Electronics,2,65000,130000,Bengaluru,UPI,2025-12-03,7
2558,4725,Abhiram Pai,Book,Books,3,500,1500,Hyderabad,UPI,2025-09-02,6
2559,1859,Manya Saraf,Shoes,Fashion,1,2500,2500,Hyderabad,Cash on Delivery,2026-01-08,1
2560,3500,Nidhi Baral,Laptop,Electronics,2,65000,130000,Bengaluru,Net Banking,2026-01-04,3
2561,1315,Joshua Brar,Phone,Electronics,4,25000,100000,Pune,Cash on Delivery,2025-08-08,1
2562,2113,Ekbal Taneja,Shoes,Fashion,4,2500,10000,Delhi,Credit Card,2025-09-17,5
2563,9052,Jhalak Tara,Laptop,Electronics,2,65000,130000,Delhi,Debit Card,2026-01-04,6
2564,9341,Neel Choudhary,Laptop,Electronics,3,65000,195000,Bengaluru,Cash on Delivery,2026-04-20,2
2565,5610,Urmi Ganesan,Phone,Electronics,1,25000,25000,Pune,Net Banking,2026-07-24,3
2566,4302,Yash Naidu,Headphones,Electronics,2,3000,6000,Pune,Debit Card,2026-06-25,2
2567,7432,Avi Choudhury,Phone,Electronics,3,25000,75000,Mumbai,Debit Card,2025-11-17,4
2568,9385,Finn Kibe,Laptop,Electronics,5,65000,325000,Chennai,Credit Card,2026-04-30,2
2569,2748,Urvi Sura,Phone,Electronics,4,25000,100000,Hyderabad,Credit Card,2025-11-25,7
2570,4511,Jalsa Butala,Headphones,Electronics,3,3000,9000,Pune,Debit Card,2026-07-03,4
2571,5134,Yash Bera,Laptop,Electronics,2,65000,130000,Hyderabad,Net Banking,2026-04-06,1
2572,3964,Dalaja Rastogi,Phone,Electronics,2,25000,50000,Ahmedabad,Credit Card,2025-09-10,4
2573,6363,Xavier Palla,Desk,Furniture,4,7000,28000,Kolkata,Cash on Delivery,2026-03-10,5
2574,8867,Mitesh Nagar,T-Shirt,Fashion,4,800,3200,Pune,Credit Card,2025-11-26,1
2575,1511,Chavvi Atwal,Shoes,Fashion,1,2500,2500,Delhi,UPI,2026-03-25,3
2576,8291,Tanveer Basak,Desk,Furniture,3,7000,21000,Chennai,Net Banking,2025-10-19,2
2577,4527,Nitara Chaudhuri,Laptop,Electronics,3,65000,195000,Hyderabad,Cash on Delivery,2026-06-13,6
2578,5587,Gaurang Parmar,Watch,Accessories,1,5000,5000,Chennai,UPI,2026-04-18,3
2579,5948,Ijaya Pathak,T-Shirt,Fashion,1,800,800,Bengaluru,Debit Card,2025-11-19,4
2580,2971,Om Parekh,Desk,Furniture,2,7000,14000,Delhi,Cash on Delivery,2026-01-28,2
2581,4847,Pranit Garde,Laptop,Electronics,1,65000,65000,Kolkata,Net Banking,2026-06-04,6
2582,1369,Jagrati Loyal,Headphones,Electronics,3,3000,9000,Kolkata,UPI,2026-05-02,6
2583,2067,Chanchal Kaur,Shoes,Fashion,2,2500,5000,Chennai,Cash on Delivery,2025-10-10,1
2584,8630,Gautami Samra,Laptop,Electronics,4,65000,260000,Chennai,Credit Card,2025-08-23,1
2585,2032,Sathvik Ramanathan,Headphones,Electronics,1,3000,3000,Pune,Debit Card,2026-01-12,6
2586,1399,Samaksh Zacharia,Headphones,Electronics,3,3000,9000,Pune,Credit Card,2025-11-19,2
2587,1722,Atharv Morar,Shoes,Fashion,1,2500,2500,Chennai,Net Banking,2025-12-23,6
2588,1774,Sachi Lad,Headphones,Electronics,2,3000,6000,Pune,Debit Card,2026-03-29,1
2589,8741,Pushti Agrawal,Headphones,Electronics,4,3000,12000,Bengaluru,Debit Card,2026-01-13,6
2590,9859,Faris Balasubramanian,Book,Books,5,500,2500,Bengaluru,Debit Card,2026-02-17,6
2591,3850,Zashil Sama,Shoes,Fashion,4,2500,10000,Chennai,Debit Card,2026-06-22,4
2592,3418,Jackson Dash,Bottle,Home,3,600,1800,Kolkata,Net Banking,2025-12-23,4
2593,2416,Fiyaz Patla,Phone,Electronics,4,25000,100000,Pune,Credit Card,2025-10-07,3
2594,8385,Vaishnavi Rattan,Book,Books,4,500,2000,Bengaluru,UPI,2025-10-06,3
2595,6597,Rohan Anne,Headphones,Electronics,2,3000,6000,Bengaluru,Net Banking,2025-12-31,2
2596,7493,Janani Subramanian,Chair,Furniture,2,4000,8000,Mumbai,Cash on Delivery,2025-10-06,1
2597,1687,Riya Mukhopadhyay,Bottle,Home,5,600,3000,Mumbai,Net Banking,2026-03-14,1
2598,3698,Zehaan Sawhney,Phone,Electronics,5,25000,125000,Hyderabad,Debit Card,2026-08-02,4
2599,9985,Unni Yadav,Phone,Electronics,3,25000,75000,Chennai,Net Banking,2026-02-01,6
2600,6752,Eshana Sachar,T-Shirt,Fashion,2,800,1600,Chennai,UPI,2026-04-15,2
2601,3551,Ekalinga Hans,Shoes,Fashion,4,2500,10000,Hyderabad,UPI,2026-01-18,7
2602,9113,Imaran Oza,Chair,Furniture,1,4000,4000,Bengaluru,UPI,2025-09-07,6
2603,7653,Tanay Pandey,Chair,Furniture,2,4000,8000,Pune,Credit Card,2026-07-20,5
2604,1385,Sarthak Behl,Shoes,Fashion,2,2500,5000,Delhi,UPI,2026-06-06,3
2605,2168,Ishaan Devan,Phone,Electronics,2,25000,50000,Mumbai,Debit Card,2026-03-04,4
2606,6857,Reva Sandal,Chair,Furniture,4,4000,16000,Chennai,UPI,2026-07-19,6
2607,7352,Ubika Pal,Headphones,Electronics,3,3000,9000,Ahmedabad,Credit Card,2025-12-31,3
2608,8838,Charita Dave,Headphones,Electronics,5,3000,15000,Delhi,Cash on Delivery,2025-11-18,1
2609,1508,Qabil Reddy,Headphones,Electronics,3,3000,9000,Pune,Cash on Delivery,2026-04-15,7
2610,2605,Suhani Dada,T-Shirt,Fashion,5,800,4000,Chennai,Net Banking,2026-05-24,5
2611,1447,Sara Dave,Watch,Accessories,4,5000,20000,Chennai,UPI,2025-08-16,4
2612,8780,Ansh Khalsa,T-Shirt,Fashion,1,800,800,Pune,Net Banking,2025-12-06,1
2613,8449,Abhiram Nayar,Laptop,Electronics,1,65000,65000,Chennai,Debit Card,2025-12-04,2
2614,1562,Bhavna Parekh,Shoes,Fashion,4,2500,10000,Ahmedabad,Debit Card,2025-08-31,5
2615,4548,Daksha Kurian,T-Shirt,Fashion,4,800,3200,Chennai,UPI,2026-03-19,1
2616,1462,Panini Dhar,Shoes,Fashion,5,2500,12500,Kolkata,UPI,2026-08-03,5
2617,7359,Caleb Kapur,Phone,Electronics,3,25000,75000,Delhi,Debit Card,2026-06-19,5
2618,9046,Anay Karnik,Phone,Electronics,5,25000,125000,Bengaluru,Cash on Delivery,2026-05-08,3
2619,5756,Rajata Chaudhuri,Watch,Accessories,1,5000,5000,Ahmedabad,Cash on Delivery,2026-02-10,1
2620,4262,Mason Lala,Shoes,Fashion,1,2500,2500,Kolkata,Cash on Delivery,2025-12-06,2
2621,7172,Warjas Tara,Laptop,Electronics,2,65000,130000,Delhi,Debit Card,2026-06-17,2
2622,9083,Chaman More,Phone,Electronics,5,25000,125000,Hyderabad,Cash on Delivery,2025-12-08,7
2623,2663,Saanvi Shanker,Shoes,Fashion,1,2500,2500,Bengaluru,Credit Card,2025-12-13,2
2624,1387,Wazir Bawa,Shoes,Fashion,5,2500,12500,Kolkata,Cash on Delivery,2026-02-16,3
2625,1336,Janani Kohli,T-Shirt,Fashion,4,800,3200,Ahmedabad,Net Banking,2026-04-22,1
2626,5569,Rohan Shukla,Headphones,Electronics,1,3000,3000,Chennai,Net Banking,2026-06-21,6
2627,2429,Bhanumati Prasad,Headphones,Electronics,1,3000,3000,Pune,Debit Card,2026-07-26,4
2628,3253,Ayushman Kunda,Headphones,Electronics,2,3000,6000,Mumbai,UPI,2026-01-20,2
2629,4219,Arya Balasubramanian,Laptop,Electronics,2,65000,130000,Kolkata,Net Banking,2026-07-04,3
2630,2094,Lipika Bhat,Headphones,Electronics,4,3000,12000,Bengaluru,Net Banking,2025-10-06,4
2631,4805,Yuvraj Rout,Phone,Electronics,1,25000,25000,Hyderabad,Credit Card,2026-06-27,3
2632,1183,Simon Menon,Phone,Electronics,4,25000,100000,Ahmedabad,UPI,2025-11-16,5
2633,9594,Radha Dave,T-Shirt,Fashion,1,800,800,Pune,Net Banking,2025-09-21,5
2634,6235,Madhavi Ghose,Laptop,Electronics,2,65000,130000,Hyderabad,Cash on Delivery,2025-12-05,7
2635,8836,Andrew Golla,Phone,Electronics,4,25000,100000,Kolkata,Credit Card,2025-11-09,1
2636,9870,Champak Bhatia,Phone,Electronics,5,25000,125000,Mumbai,Credit Card,2025-11-13,6
2637,3382,Jagdish Chhabra,Phone,Electronics,5,25000,125000,Mumbai,Cash on Delivery,2026-02-17,5
2638,3698,Geetika Borah,Bottle,Home,1,600,600,Hyderabad,Cash on Delivery,2025-08-21,7
2639,5300,Eiravati Lanka,Shoes,Fashion,2,2500,5000,Chennai,UPI,2025-10-13,7
2640,7465,Noah Contractor,Headphones,Electronics,3,3000,9000,Delhi,Credit Card,2026-04-30,6
2641,7402,Gavin Gara,Shoes,Fashion,3,2500,7500,Kolkata,Net Banking,2026-05-30,7
2642,8853,Fariq Basu,Watch,Accessories,2,5000,10000,Chennai,Credit Card,2026-06-08,2
2643,9145,Dhriti Rajan,Headphones,Electronics,3,3000,9000,Mumbai,Cash on Delivery,2025-09-28,5
2644,2390,Agastya D’Alia,Laptop,Electronics,1,65000,65000,Bengaluru,UPI,2025-11-01,3
2645,8610,Xalak Kibe,Phone,Electronics,3,25000,75000,Ahmedabad,Debit Card,2026-04-20,7
2646,6048,Karan Gill,Headphones,Electronics,3,3000,9000,Kolkata,Net Banking,2025-10-12,4
2647,3248,Thomas Karan,Phone,Electronics,5,25000,125000,Kolkata,Debit Card,2026-02-07,1
2648,9728,Jai Hari,Shoes,Fashion,3,2500,7500,Mumbai,Debit Card,2026-05-09,6
2649,5734,Chasmum Lanka,Phone,Electronics,3,25000,75000,Hyderabad,Debit Card,2025-11-08,3
2650,4133,Ranbir Bail,Book,Books,5,500,2500,Ahmedabad,Debit Card,2025-12-22,2
2651,7742,Panini Misra,T-Shirt,Fashion,5,800,4000,Pune,Debit Card,2025-11-18,5
2652,3281,Azad Behl,Headphones,Electronics,2,3000,6000,Pune,Credit Card,2026-01-30,6
2653,6261,Neha Shere,Shoes,Fashion,5,2500,12500,Hyderabad,Cash on Delivery,2025-11-18,5
2654,5775,Tarak Vaidya,Headphones,Electronics,1,3000,3000,Hyderabad,Credit Card,2025-10-05,5
2655,3999,Inaya Sawhney,T-Shirt,Fashion,3,800,2400,Kolkata,Debit Card,2025-08-15,2
2656,8521,Lopa Rege,Phone,Electronics,3,25000,75000,Ahmedabad,Credit Card,2026-02-09,3
2657,3038,Hemang Dara,Shoes,Fashion,3,2500,7500,Chennai,Net Banking,2025-08-29,4
2658,5174,Kritika Mital,Laptop,Electronics,2,65000,130000,Kolkata,Cash on Delivery,2025-10-02,5
2659,9374,Karan Joshi,Headphones,Electronics,3,3000,9000,Chennai,Credit Card,2025-10-06,3
2660,9020,Bachittar Bhasin,Laptop,Electronics,4,65000,260000,Mumbai,Cash on Delivery,2026-01-12,4
2661,3289,Yauvani Sarin,Phone,Electronics,1,25000,25000,Bengaluru,UPI,2025-09-29,3
2662,1672,Anamika Shere,T-Shirt,Fashion,1,800,800,Mumbai,Debit Card,2026-06-02,1
2663,3087,Ekavir Mukherjee,Headphones,Electronics,3,3000,9000,Mumbai,Cash on Delivery,2025-10-27,2
2664,1981,Viraj Sahni,Laptop,Electronics,5,65000,325000,Delhi,UPI,2025-11-20,3
2665,5656,Abeer Bedi,Chair,Furniture,3,4000,12000,Chennai,Credit Card,2026-02-23,2
2666,5370,Inaya Andra,Phone,Electronics,5,25000,125000,Ahmedabad,Credit Card,2026-01-24,2
2667,6189,Barkha Kumar,Laptop,Electronics,5,65000,325000,Hyderabad,Credit Card,2026-07-19,7
2668,4328,Yashasvi Vyas,Chair,Furniture,4,4000,16000,Delhi,Credit Card,2026-05-21,1
2669,5419,Indrajit Dass,Headphones,Electronics,5,3000,15000,Kolkata,UPI,2025-12-16,1
2670,4620,Champak Chauhan,Phone,Electronics,4,25000,100000,Hyderabad,Cash on Delivery,2025-10-11,5
2671,4610,Shaurya Kar,Phone,Electronics,2,25000,50000,Pune,UPI,2026-05-29,1
2672,8130,Yachana Deo,Phone,Electronics,3,25000,75000,Chennai,Cash on Delivery,2026-04-19,2
2673,7693,Daksh Bhargava,Phone,Electronics,1,25000,25000,Kolkata,Cash on Delivery,2026-04-06,2
2674,7228,Vasudha Patil,Shoes,Fashion,4,2500,10000,Delhi,Net Banking,2026-05-07,7
2675,8154,Turvi Savant,Phone,Electronics,4,25000,100000,Ahmedabad,Debit Card,2026-04-27,1
2676,7355,Ladli Kumer,Headphones,Electronics,5,3000,15000,Kolkata,Net Banking,2026-07-18,2
2677,7187,Nandini Dayal,Phone,Electronics,1,25000,25000,Bengaluru,Cash on Delivery,2025-11-21,2
2678,7637,Vansha Kashyap,Phone,Electronics,3,25000,75000,Pune,Credit Card,2025-09-06,6
2679,7216,Kavya Hans,Phone,Electronics,2,25000,50000,Kolkata,UPI,2026-02-24,6
2680,2059,Rachita Sahota,Desk,Furniture,2,7000,14000,Kolkata,UPI,2025-11-21,4
2681,7241,Bakhshi Bala,Headphones,Electronics,3,3000,9000,Delhi,Cash on Delivery,2026-04-06,4
2682,2465,Yasti Sengupta,Shoes,Fashion,4,2500,10000,Chennai,Debit Card,2026-01-31,3
2683,5257,Krish Vyas,Phone,Electronics,3,25000,75000,Kolkata,Credit Card,2026-02-09,2
2684,9473,Jhalak Nayak,Phone,Electronics,5,25000,125000,Hyderabad,UPI,2025-09-20,4
2685,2474,Harsh Natt,Phone,Electronics,2,25000,50000,Bengaluru,UPI,2025-12-27,5
2686,5102,Kiaan Deshmukh,Shoes,Fashion,1,2500,2500,Mumbai,Net Banking,2026-03-08,3
2687,3320,Daniel Narayanan,Headphones,Electronics,3,3000,9000,Chennai,Debit Card,2026-03-08,7
2688,7708,Aahana Bhagat,Book,Books,2,500,1000,Pune,Credit Card,2025-09-14,5
2689,1854,Pavani Ramesh,Laptop,Electronics,1,65000,65000,Bengaluru,Debit Card,2026-03-04,5
2690,3751,Vincent Saini,Headphones,Electronics,4,3000,12000,Hyderabad,UPI,2025-09-22,7
2691,2262,Bhavna Srinivasan,Chair,Furniture,5,4000,20000,Mumbai,UPI,2025-12-14,3
2692,9748,Amol Narang,T-Shirt,Fashion,2,800,1600,Mumbai,Cash on Delivery,2025-12-22,5
2693,3502,Gauri Wagle,T-Shirt,Fashion,2,800,1600,Bengaluru,Credit Card,2025-11-02,7
2694,5461,Hiral Parmar,Laptop,Electronics,2,65000,130000,Delhi,Net Banking,2026-03-11,5
2695,3211,Henry Basu,Watch,Accessories,4,5000,20000,Bengaluru,UPI,2026-03-30,4
2696,4963,Ishwar Chana,Phone,Electronics,2,25000,50000,Ahmedabad,Net Banking,2026-07-26,7
2697,8453,Bhanumati Dhaliwal,Phone,Electronics,2,25000,50000,Bengaluru,UPI,2025-10-29,6
2698,1692,Peter Luthra,Phone,Electronics,5,25000,125000,Mumbai,Cash on Delivery,2025-09-13,2
2699,9665,Zansi Sant,Laptop,Electronics,4,65000,260000,Kolkata,Cash on Delivery,2026-04-20,5
2700,9602,Krish Basak,Headphones,Electronics,4,3000,12000,Kolkata,Net Banking,2026-07-20,3
2701,7638,Balvan Sen,T-Shirt,Fashion,5,800,4000,Pune,Net Banking,2025-12-23,4
2702,3068,Abeer Kar,Phone,Electronics,4,25000,100000,Delhi,Credit Card,2026-05-06,1
2703,5889,Darsh Saraf,Headphones,Electronics,3,3000,9000,Mumbai,Net Banking,2025-12-21,4
2704,7121,Geetika Chandran,Phone,Electronics,3,25000,75000,Delhi,Debit Card,2025-10-09,4
2705,4531,Manan Din,Phone,Electronics,1,25000,25000,Chennai,Credit Card,2025-12-09,4
2706,5947,Wridesh Datta,Watch,Accessories,2,5000,10000,Chennai,Credit Card,2026-05-27,2
2707,8193,Yashawini Pai,Laptop,Electronics,2,65000,130000,Pune,Cash on Delivery,2025-08-11,4
2708,7087,Elijah Gulati,Headphones,Electronics,4,3000,12000,Hyderabad,Cash on Delivery,2025-09-13,2
2709,5020,Kala Nori,Headphones,Electronics,1,3000,3000,Bengaluru,UPI,2025-11-23,3
2710,8620,Leela Aurora,Phone,Electronics,3,25000,75000,Chennai,Cash on Delivery,2025-08-18,1
2711,9397,Abha Dara,Headphones,Electronics,3,3000,9000,Kolkata,UPI,2025-10-08,7
2712,6775,Advaith Basak,T-Shirt,Fashion,1,800,800,Ahmedabad,Credit Card,2026-02-27,3
2713,1181,Samuel Prasad,Book,Books,2,500,1000,Mumbai,Credit Card,2026-05-30,6
2714,1981,Wyatt Dubey,Shoes,Fashion,3,2500,7500,Delhi,Net Banking,2025-12-23,2
2715,1395,Ekansh Oak,Shoes,Fashion,3,2500,7500,Kolkata,Cash on Delivery,2026-03-15,3
2716,6684,Ishani Sharma,T-Shirt,Fashion,4,800,3200,Ahmedabad,Debit Card,2026-05-31,3
2717,3020,Fiyaz Madan,Laptop,Electronics,5,65000,325000,Kolkata,Cash on Delivery,2026-03-11,4
2718,9978,Rachana Pandya,T-Shirt,Fashion,1,800,800,Mumbai,Credit Card,2025-09-24,7
2719,5376,Ekavir Kumar,Phone,Electronics,4,25000,100000,Bengaluru,Credit Card,2026-06-04,7
2720,7289,Ishani Ghosh,Book,Books,1,500,500,Pune,Cash on Delivery,2026-05-20,2
2721,1198,Bhavika Raja,Laptop,Electronics,3,65000,195000,Bengaluru,Credit Card,2026-04-09,4
2722,3484,Vasatika Lall,Headphones,Electronics,4,3000,12000,Chennai,Net Banking,2026-04-06,5
2723,1009,Sneha Dua,Phone,Electronics,2,25000,50000,Mumbai,Credit Card,2026-03-04,7
2724,2082,Nidra Talwar,Laptop,Electronics,4,65000,260000,Hyderabad,Cash on Delivery,2026-01-07,2
2725,2871,Ranbir Dewan,Book,Books,4,500,2000,Mumbai,Cash on Delivery,2026-08-07,7
2726,7096,Jhalak Sha,Watch,Accessories,5,5000,25000,Kolkata,Debit Card,2026-02-26,5
2727,6349,Vasudha Balan,Headphones,Electronics,3,3000,9000,Bengaluru,Net Banking,2026-01-28,5
2728,5018,Jai Wagle,Shoes,Fashion,5,2500,12500,Hyderabad,UPI,2025-10-06,4
2729,9336,Qadim Subramanian,Headphones,Electronics,3,3000,9000,Pune,Cash on Delivery,2026-02-17,6
2730,5920,Fitan Nigam,Bottle,Home,1,600,600,Pune,UPI,2025-08-12,7
2731,4587,Lipika Amble,Phone,Electronics,2,25000,50000,Hyderabad,Cash on Delivery,2026-02-07,2
2732,9287,Gaurangi Chahal,Book,Books,5,500,2500,Ahmedabad,Cash on Delivery,2025-08-30,6
2733,6426,Vedant Dhingra,Phone,Electronics,5,25000,125000,Pune,UPI,2026-06-08,2
2734,2086,Yug Balay,Phone,Electronics,4,25000,100000,Ahmedabad,UPI,2026-03-05,4
2735,3523,Sai Dhillon,Headphones,Electronics,4,3000,12000,Chennai,Cash on Delivery,2026-04-06,1
2736,2937,Wriddhish Seshadri,Phone,Electronics,3,25000,75000,Pune,Credit Card,2026-02-26,4
2737,7493,Karan Nadig,Watch,Accessories,4,5000,20000,Hyderabad,Cash on Delivery,2025-12-02,4
2738,4985,Saumya Sengupta,T-Shirt,Fashion,3,800,2400,Bengaluru,Debit Card,2025-11-10,2
2739,7174,Yutika Varughese,Headphones,Electronics,5,3000,15000,Mumbai,UPI,2026-07-23,1
2740,3458,Advika Chowdhury,Laptop,Electronics,1,65000,65000,Chennai,Cash on Delivery,2026-04-04,1
2741,1841,Naksh Amble,Desk,Furniture,2,7000,14000,Delhi,Cash on Delivery,2026-03-31,2
2742,7009,Harshil Shere,Laptop,Electronics,3,65000,195000,Ahmedabad,Net Banking,2026-03-12,1
2743,6409,Hemal Swamy,Laptop,Electronics,3,65000,195000,Mumbai,UPI,2026-04-26,5
2744,1003,Kalpit Wable,Laptop,Electronics,1,65000,65000,Hyderabad,Credit Card,2026-03-12,4
2745,2761,Banjeet Chatterjee,T-Shirt,Fashion,4,800,3200,Pune,Net Banking,2026-06-08,3
2746,2174,Reyansh Lad,Shoes,Fashion,5,2500,12500,Pune,Credit Card,2026-07-30,1
2747,3578,Utkarsh Bora,Headphones,Electronics,3,3000,9000,Mumbai,Cash on Delivery,2026-07-27,5
2748,1524,Dalbir Rattan,Phone,Electronics,3,25000,75000,Chennai,Debit Card,2026-01-13,6
2749,8413,Yatin Nagi,Phone,Electronics,4,25000,100000,Ahmedabad,Net Banking,2026-07-26,3
2750,7848,Jack Char,Phone,Electronics,4,25000,100000,Hyderabad,Debit Card,2026-05-02,6
2751,8557,Ganga Varughese,Phone,Electronics,2,25000,50000,Bengaluru,Credit Card,2025-12-23,1
2752,2928,Ayushman Dayal,Laptop,Electronics,5,65000,325000,Bengaluru,UPI,2025-09-22,4
2753,5628,George Bora,Phone,Electronics,1,25000,25000,Ahmedabad,Debit Card,2026-07-25,5
2754,8132,Fitan Lad,Phone,Electronics,4,25000,100000,Chennai,UPI,2026-06-09,6
2755,5956,Neelima Hora,Shoes,Fashion,5,2500,12500,Hyderabad,Cash on Delivery,2025-09-20,6
2756,7402,Devansh Mittal,Laptop,Electronics,2,65000,130000,Hyderabad,Debit Card,2025-11-18,1
2757,7382,Chandresh Chandra,Laptop,Electronics,3,65000,195000,Bengaluru,Cash on Delivery,2025-09-26,4
2758,6301,Rayaan Mishra,Shoes,Fashion,4,2500,10000,Kolkata,Credit Card,2025-10-27,7
2759,6157,Vedika Arya,Phone,Electronics,4,25000,100000,Bengaluru,UPI,2026-04-03,7
2760,7812,Arin Narayanan,T-Shirt,Fashion,3,800,2400,Mumbai,Cash on Delivery,2026-05-14,3
2761,4932,Banjeet Doctor,Phone,Electronics,2,25000,50000,Kolkata,Debit Card,2026-01-25,2
2762,1629,Tanmayi Wagle,Shoes,Fashion,4,2500,10000,Delhi,Debit Card,2025-09-22,6
2763,7111,Vedant Prasad,Phone,Electronics,5,25000,125000,Ahmedabad,UPI,2025-10-25,1
2764,4304,Bakhshi Sur,Headphones,Electronics,5,3000,15000,Hyderabad,Credit Card,2025-12-16,3
2765,5480,Lajita Sura,Shoes,Fashion,5,2500,12500,Chennai,Net Banking,2026-03-25,5
2766,4222,Peter Purohit,Shoes,Fashion,5,2500,12500,Chennai,UPI,2026-03-30,4
2767,9964,Samar Rajagopal,Chair,Furniture,5,4000,20000,Pune,Net Banking,2026-06-11,7
2768,6449,Meera Sehgal,Headphones,Electronics,3,3000,9000,Delhi,Cash on Delivery,2025-10-19,5
2769,8774,Hemal Dyal,Shoes,Fashion,1,2500,2500,Chennai,Cash on Delivery,2026-03-03,5
2770,4651,Girik Srinivas,Headphones,Electronics,3,3000,9000,Kolkata,Debit Card,2026-05-10,3
2771,4759,Ikbal Brar,Watch,Accessories,1,5000,5000,Pune,Cash on Delivery,2026-02-09,3
2772,1664,Abdul Handa,Laptop,Electronics,2,65000,130000,Hyderabad,Cash on Delivery,2025-12-26,2
2773,1782,Gopal Bera,Phone,Electronics,4,25000,100000,Mumbai,Debit Card,2025-09-06,5
2774,7828,Omkaar Deo,T-Shirt,Fashion,5,800,4000,Delhi,Net Banking,2026-05-29,7
2775,1838,Peter Kapadia,Chair,Furniture,3,4000,12000,Kolkata,Net Banking,2025-11-16,2
2776,5711,Kashish Mohanty,Headphones,Electronics,5,3000,15000,Mumbai,Credit Card,2026-07-09,4
2777,3903,Arunima Goda,Headphones,Electronics,3,3000,9000,Hyderabad,UPI,2025-09-14,6
2778,5023,Tejas Rajagopalan,Headphones,Electronics,3,3000,9000,Kolkata,UPI,2026-03-11,1
2779,3769,Umang Varty,Phone,Electronics,3,25000,75000,Pune,Debit Card,2026-05-04,4
2780,4343,Frado Luthra,Phone,Electronics,4,25000,100000,Bengaluru,Debit Card,2026-02-11,1
2781,6070,Lekha Walla,T-Shirt,Fashion,3,800,2400,Mumbai,UPI,2025-10-18,2
2782,4924,Hema Purohit,Watch,Accessories,1,5000,5000,Mumbai,Debit Card,2026-05-08,2
2783,6530,Kevin Dutt,Phone,Electronics,4,25000,100000,Mumbai,Net Banking,2026-06-15,7
2784,8623,Lakshmi Mukhopadhyay,T-Shirt,Fashion,5,800,4000,Mumbai,Cash on Delivery,2026-05-16,6
2785,6836,Shravya Dixit,Shoes,Fashion,1,2500,2500,Mumbai,Debit Card,2026-04-20,2
2786,9934,Yamini Nayak,Phone,Electronics,2,25000,50000,Pune,UPI,2025-08-12,5
2787,2039,Diya Samra,T-Shirt,Fashion,1,800,800,Bengaluru,Credit Card,2025-10-07,3
2788,4181,Prisha Murthy,Phone,Electronics,5,25000,125000,Kolkata,Debit Card,2025-09-28,1
2789,8084,Nitesh Mangal,Phone,Electronics,4,25000,100000,Mumbai,Net Banking,2026-06-01,7
2790,3744,Jackson Sunder,T-Shirt,Fashion,2,800,1600,Hyderabad,Net Banking,2026-04-05,6
2791,2096,Ronith Kale,Headphones,Electronics,5,3000,15000,Hyderabad,Cash on Delivery,2025-10-13,5
2792,6279,Nathan Lala,T-Shirt,Fashion,4,800,3200,Ahmedabad,Credit Card,2026-04-04,1
2793,1060,Yauvani Chadha,Laptop,Electronics,2,65000,130000,Ahmedabad,UPI,2026-05-23,6
2794,7808,Ijaya Grover,Desk,Furniture,3,7000,21000,Delhi,Debit Card,2026-04-08,7
2795,2572,Udarsh Mander,Headphones,Electronics,2,3000,6000,Mumbai,Net Banking,2026-03-16,2
2796,6582,Kavya Vaidya,Headphones,Electronics,5,3000,15000,Mumbai,Net Banking,2025-10-16,7
2797,5031,Kashish Mohan,Laptop,Electronics,3,65000,195000,Pune,Net Banking,2025-11-09,7
2798,2746,Guneet Chawla,Headphones,Electronics,1,3000,3000,Delhi,Debit Card,2025-09-04,6
2799,5231,Nandini Virk,Chair,Furniture,2,4000,8000,Chennai,Credit Card,2025-12-23,3
2800,2218,Rohan Gour,Phone,Electronics,4,25000,100000,Ahmedabad,UPI,2026-06-24,4
2801,7666,Wakeeta Garde,Phone,Electronics,3,25000,75000,Delhi,UPI,2026-08-06,3
2802,3251,Suhani Kala,Phone,Electronics,1,25000,25000,Mumbai,Debit Card,2026-06-19,1
2803,6468,Qasim Wagle,Laptop,Electronics,3,65000,195000,Ahmedabad,UPI,2026-07-10,2
2804,2291,Maanas Ratta,Headphones,Electronics,5,3000,15000,Hyderabad,UPI,2026-03-05,3
2805,9868,Indali Bansal,Phone,Electronics,5,25000,125000,Mumbai,Net Banking,2026-03-09,5
2806,5869,Arya Biswas,Watch,Accessories,5,5000,25000,Pune,UPI,2026-04-13,4
2807,6110,Vedant Chhabra,T-Shirt,Fashion,1,800,800,Chennai,UPI,2026-03-16,6
2808,3242,Abha Behl,Phone,Electronics,1,25000,25000,Mumbai,UPI,2026-05-20,5
2809,1696,Ishani Rau,Laptop,Electronics,4,65000,260000,Kolkata,Debit Card,2025-08-16,4
2810,3601,Vivaan Khare,Headphones,Electronics,3,3000,9000,Hyderabad,UPI,2026-02-26,3
2811,2701,Warinder Narang,Phone,Electronics,5,25000,125000,Delhi,Cash on Delivery,2025-10-11,2
2812,3774,Manan Tak,Shoes,Fashion,2,2500,5000,Hyderabad,Cash on Delivery,2025-10-31,1
2813,4072,Gabriel Bajwa,Shoes,Fashion,3,2500,7500,Kolkata,Net Banking,2026-05-29,2
2814,7364,Varenya Pingle,Laptop,Electronics,2,65000,130000,Hyderabad,Net Banking,2026-04-15,3
2815,7742,Hardik Ghose,Phone,Electronics,4,25000,100000,Pune,Debit Card,2026-02-28,2
2816,7884,Vedika Raman,Shoes,Fashion,1,2500,2500,Pune,Net Banking,2026-01-17,4
2817,7644,Andrew Joshi,Laptop,Electronics,1,65000,65000,Hyderabad,Debit Card,2025-09-15,6
2818,2965,Maanav Vohra,Phone,Electronics,2,25000,50000,Hyderabad,Credit Card,2025-09-26,6
2819,1762,Alexander Sibal,Laptop,Electronics,2,65000,130000,Mumbai,Cash on Delivery,2026-06-25,2
2820,2845,Arin Kashyap,Chair,Furniture,3,4000,12000,Delhi,Credit Card,2026-03-09,6
2821,7772,Vivaan Goyal,Phone,Electronics,1,25000,25000,Mumbai,Debit Card,2026-01-23,2
2822,3019,Akshay Chopra,Headphones,Electronics,2,3000,6000,Ahmedabad,Debit Card,2026-07-12,4
2823,5506,Anay Parsa,Phone,Electronics,5,25000,125000,Kolkata,Credit Card,2026-07-27,7
2824,7376,Gaurang Menon,Shoes,Fashion,2,2500,5000,Ahmedabad,Credit Card,2025-11-05,7
2825,9026,Nikita Batta,Shoes,Fashion,2,2500,5000,Kolkata,Debit Card,2026-06-09,4
2826,8099,Devika Sachdeva,Laptop,Electronics,1,65000,65000,Kolkata,Credit Card,2026-05-25,1
2827,8516,Veer Kale,T-Shirt,Fashion,1,800,800,Pune,Credit Card,2025-10-09,4
2828,3305,Damini Bhattacharyya,Phone,Electronics,3,25000,75000,Pune,Debit Card,2025-09-28,2
2829,8753,Caleb Kapur,Headphones,Electronics,1,3000,3000,Mumbai,Net Banking,2025-10-13,4
2830,8362,Logan Venkatesh,Phone,Electronics,2,25000,50000,Hyderabad,Debit Card,2026-08-06,7
2831,5417,Yamini Walia,Headphones,Electronics,4,3000,12000,Bengaluru,Cash on Delivery,2026-06-20,2
2832,1280,Janani Rajan,Headphones,Electronics,2,3000,6000,Hyderabad,Cash on Delivery,2026-06-11,4
2833,9350,Samarth Swamy,Phone,Electronics,5,25000,125000,Bengaluru,UPI,2026-04-28,3
2834,5174,Advik Comar,Shoes,Fashion,5,2500,12500,Mumbai,Debit Card,2026-01-15,7
2835,7614,Keya Contractor,Shoes,Fashion,3,2500,7500,Delhi,UPI,2026-04-09,5
2836,4952,Upadhriti Jaggi,Chair,Furniture,1,4000,4000,Pune,Debit Card,2025-10-19,7
2837,9682,Yug Ahuja,Phone,Electronics,5,25000,125000,Bengaluru,Cash on Delivery,2026-06-24,5
2838,6363,Rachita Kapur,Laptop,Electronics,1,65000,65000,Chennai,Net Banking,2026-07-18,3
2839,4069,Arunima Gala,Laptop,Electronics,2,65000,130000,Mumbai,Debit Card,2026-04-19,6
2840,5455,Yash Deep,T-Shirt,Fashion,3,800,2400,Hyderabad,Cash on Delivery,2025-10-03,6
2841,6847,Teerth Gulati,T-Shirt,Fashion,5,800,4000,Mumbai,Cash on Delivery,2025-11-13,4
2842,6320,Kai Savant,Shoes,Fashion,2,2500,5000,Delhi,Debit Card,2025-08-17,3
2843,9724,Abdul Deol,Headphones,Electronics,2,3000,6000,Ahmedabad,Cash on Delivery,2025-11-27,2
2844,1269,Rachana Venkataraman,Headphones,Electronics,5,3000,15000,Mumbai,UPI,2026-08-03,5
2845,7729,Yahvi Peri,Watch,Accessories,2,5000,10000,Delhi,Credit Card,2025-09-20,4
2846,2681,Wyatt Roy,Headphones,Electronics,1,3000,3000,Kolkata,Credit Card,2025-09-05,2
2847,7076,Bina Jaggi,Shoes,Fashion,2,2500,5000,Mumbai,UPI,2025-10-09,3
2848,7703,Jyoti Savant,Laptop,Electronics,5,65000,325000,Mumbai,Debit Card,2026-01-05,6
2849,4425,Chandani Kanda,Headphones,Electronics,4,3000,12000,Mumbai,Debit Card,2026-04-09,2
2850,5101,Ojas Sarin,Shoes,Fashion,1,2500,2500,Hyderabad,UPI,2025-12-28,4
2851,3736,Tripti Dugar,Shoes,Fashion,5,2500,12500,Delhi,Cash on Delivery,2025-12-25,7
2852,6418,Osha Kale,Bottle,Home,4,600,2400,Mumbai,UPI,2026-01-11,5
2853,5549,Elijah Murty,Headphones,Electronics,5,3000,15000,Delhi,Cash on Delivery,2025-09-15,6
2854,8411,Yutika Sarma,Phone,Electronics,3,25000,75000,Bengaluru,UPI,2026-07-11,6
2855,1349,Kevin Sheth,Laptop,Electronics,5,65000,325000,Pune,Credit Card,2026-03-06,2
2856,1740,Ayush Dhar,T-Shirt,Fashion,2,800,1600,Bengaluru,Credit Card,2026-01-18,7
2857,5833,Rehaan Nanda,Phone,Electronics,2,25000,50000,Kolkata,UPI,2026-06-27,6
2858,3203,Devansh De,Headphones,Electronics,5,3000,15000,Delhi,UPI,2025-09-20,6
2859,7007,Upkaar Ravel,Book,Books,2,500,1000,Pune,Cash on Delivery,2025-10-11,2
2860,8761,Zaid Pillai,Shoes,Fashion,2,2500,5000,Chennai,UPI,2026-04-28,2
2861,3868,Ikbal Muni,Phone,Electronics,5,25000,125000,Chennai,UPI,2026-01-06,1
2862,2199,Divya Doshi,T-Shirt,Fashion,2,800,1600,Bengaluru,Cash on Delivery,2025-09-22,1
2863,5360,Aachal Balakrishnan,Headphones,Electronics,2,3000,6000,Ahmedabad,Cash on Delivery,2025-11-07,2
2864,9730,Balvan Dara,T-Shirt,Fashion,5,800,4000,Hyderabad,Cash on Delivery,2026-02-28,4
2865,5574,Rehaan Kari,Phone,Electronics,4,25000,100000,Ahmedabad,Debit Card,2026-03-05,5
2866,4215,Simon Chandran,Phone,Electronics,1,25000,25000,Chennai,Debit Card,2026-07-12,4
2867,2491,Yashawini Sahni,T-Shirt,Fashion,4,800,3200,Mumbai,Credit Card,2026-05-17,1
2868,2854,Baghyawati Issac,Phone,Electronics,5,25000,125000,Kolkata,Cash on Delivery,2025-08-25,6
2869,1865,Joshua Kapur,Headphones,Electronics,2,3000,6000,Bengaluru,Net Banking,2025-10-19,2
2870,1831,Anya Badami,T-Shirt,Fashion,2,800,1600,Mumbai,Credit Card,2025-08-23,5
2871,9602,Darsh Sampath,Headphones,Electronics,3,3000,9000,Mumbai,Debit Card,2026-03-10,3
2872,3921,Chaitanya Deep,Phone,Electronics,2,25000,50000,Delhi,Cash on Delivery,2026-03-19,4
2873,3289,Rishi Narasimhan,Watch,Accessories,2,5000,10000,Hyderabad,UPI,2026-02-10,5
2874,2170,Yagnesh Peri,Phone,Electronics,4,25000,100000,Chennai,Net Banking,2026-07-11,1
2875,8551,Ishaan Khatri,Shoes,Fashion,3,2500,7500,Bengaluru,Debit Card,2026-02-18,7
2876,1188,Charles Agarwal,Phone,Electronics,1,25000,25000,Delhi,UPI,2026-05-06,7
2877,2370,Avi Setty,T-Shirt,Fashion,1,800,800,Ahmedabad,Credit Card,2026-04-24,7
2878,2328,Girish Kade,Shoes,Fashion,5,2500,12500,Mumbai,Credit Card,2026-05-01,4
2879,8192,Hamsini Mallick,Chair,Furniture,1,4000,4000,Ahmedabad,UPI,2026-01-22,7
2880,1423,Logan Bala,Shoes,Fashion,5,2500,12500,Bengaluru,Debit Card,2026-04-27,3
2881,9257,Aashi Mani,Phone,Electronics,1,25000,25000,Pune,Debit Card,2026-02-05,3
2882,3423,Jeevika Nazareth,Phone,Electronics,5,25000,125000,Kolkata,Debit Card,2025-08-24,4
2883,3467,Dayita Lalla,Headphones,Electronics,1,3000,3000,Bengaluru,Debit Card,2026-01-20,5
2884,6146,Ishaan Ahluwalia,Shoes,Fashion,1,2500,2500,Chennai,Cash on Delivery,2025-12-10,1
2885,1430,Harinakshi Chandran,Headphones,Electronics,4,3000,12000,Delhi,Net Banking,2026-05-15,1
2886,5024,Samaksh Mand,Laptop,Electronics,3,65000,195000,Chennai,Debit Card,2026-03-06,6
2887,9452,Chaitanya Bhandari,Phone,Electronics,3,25000,75000,Pune,Net Banking,2026-01-08,2
2888,3014,Parth Bhatti,Headphones,Electronics,5,3000,15000,Hyderabad,Cash on Delivery,2026-05-02,2
2889,4733,Jalsa Sathe,T-Shirt,Fashion,5,800,4000,Ahmedabad,Debit Card,2026-04-28,6
2890,3789,Qushi Gandhi,Laptop,Electronics,3,65000,195000,Chennai,UPI,2025-11-16,5
2891,1868,Abhimanyu Uppal,Shoes,Fashion,4,2500,10000,Chennai,Credit Card,2026-06-07,2
2892,8537,Dayita Sarraf,Headphones,Electronics,5,3000,15000,Ahmedabad,UPI,2026-04-30,7
2893,4027,Gaurang Wali,Shoes,Fashion,5,2500,12500,Bengaluru,UPI,2026-07-21,1
2894,3005,Keya Kapoor,Phone,Electronics,1,25000,25000,Chennai,Debit Card,2026-02-03,7
2895,9671,Rudra Pradhan,Headphones,Electronics,5,3000,15000,Delhi,Debit Card,2025-12-07,6
2896,9969,Hamsini Lata,Shoes,Fashion,2,2500,5000,Kolkata,Cash on Delivery,2026-08-04,2
2897,4075,Neel Swaminathan,Headphones,Electronics,4,3000,12000,Mumbai,Cash on Delivery,2026-03-11,3
2898,3318,Ira Shukla,Phone,Electronics,1,25000,25000,Chennai,Net Banking,2025-12-08,6
2899,9547,Chatura Baral,Phone,Electronics,2,25000,50000,Pune,Cash on Delivery,2026-07-31,3
2900,7877,Hitesh Atwal,Phone,Electronics,2,25000,50000,Bengaluru,Debit Card,2025-12-26,6
2901,8059,Diya Narain,Shoes,Fashion,5,2500,12500,Hyderabad,UPI,2026-03-01,3
2902,2346,Logan Rajagopal,Chair,Furniture,3,4000,12000,Kolkata,UPI,2026-05-13,7
2903,3566,Faras Raju,Phone,Electronics,4,25000,100000,Ahmedabad,Debit Card,2026-02-21,7
2904,4057,Charan Date,Phone,Electronics,1,25000,25000,Chennai,Credit Card,2026-02-02,6
2905,9904,Anay Sarin,Shoes,Fashion,3,2500,7500,Bengaluru,Debit Card,2025-12-24,2
2906,2386,Pahal Malhotra,Chair,Furniture,1,4000,4000,Kolkata,Cash on Delivery,2026-05-02,3
2907,5761,Janya Kaur,Headphones,Electronics,3,3000,9000,Delhi,Credit Card,2025-11-22,6
2908,9207,Unnati Vohra,Phone,Electronics,2,25000,50000,Bengaluru,Debit Card,2026-07-27,3
2909,8629,Quincy Palla,Shoes,Fashion,2,2500,5000,Delhi,Debit Card,2025-08-13,1
2910,5773,Girindra Krishna,Phone,Electronics,1,25000,25000,Hyderabad,Credit Card,2025-12-24,2
2911,4183,Ayush Mutti,Phone,Electronics,3,25000,75000,Pune,Net Banking,2025-10-20,3
2912,7467,Brinda Mallick,Watch,Accessories,1,5000,5000,Hyderabad,Credit Card,2026-03-23,7
2913,8450,Nandini Dhawan,Phone,Electronics,1,25000,25000,Kolkata,UPI,2025-08-15,5
2914,4950,Mohammed Chhabra,Laptop,Electronics,2,65000,130000,Mumbai,Credit Card,2026-04-03,4
2915,6292,Indrajit Sha,Phone,Electronics,4,25000,100000,Hyderabad,UPI,2025-12-01,4
2916,2374,Sanya Sathe,Watch,Accessories,1,5000,5000,Kolkata,Debit Card,2025-09-06,4
2917,7671,Hema Mangal,Laptop,Electronics,5,65000,325000,Delhi,UPI,2026-08-02,2
2918,1481,Girik Ratta,Phone,Electronics,1,25000,25000,Mumbai,Debit Card,2025-11-03,7
2919,3095,Ladli Mandal,Headphones,Electronics,5,3000,15000,Delhi,Credit Card,2026-02-22,6
2920,9148,Ekani Kaur,Phone,Electronics,4,25000,100000,Pune,Debit Card,2026-03-03,7
2921,7807,Charles Arora,Chair,Furniture,1,4000,4000,Delhi,Net Banking,2025-10-31,6
2922,6665,Dipta Tak,Phone,Electronics,3,25000,75000,Bengaluru,UPI,2026-07-28,1
2923,3018,Sneha Srivastava,Phone,Electronics,1,25000,25000,Pune,UPI,2025-09-28,5
2924,7504,Raghav Merchant,Phone,Electronics,2,25000,50000,Kolkata,Debit Card,2025-09-01,7
2925,7672,Yash Chaudhari,Laptop,Electronics,2,65000,130000,Hyderabad,Credit Card,2026-05-22,7
2926,9287,Aarav Dave,Shoes,Fashion,2,2500,5000,Bengaluru,UPI,2025-11-28,2
2927,6532,Ikshita Pal,Headphones,Electronics,3,3000,9000,Chennai,UPI,2025-08-21,1
2928,5816,Vedika Dada,Phone,Electronics,1,25000,25000,Bengaluru,Net Banking,2026-06-25,5
2929,7010,Sachi Bassi,Headphones,Electronics,1,3000,3000,Delhi,Debit Card,2026-05-30,2
2930,8023,Dayita Prabhakar,Headphones,Electronics,4,3000,12000,Chennai,UPI,2025-11-26,5
2931,3110,Max Oak,Shoes,Fashion,1,2500,2500,Chennai,UPI,2026-04-26,1
2932,9523,Balvan Gaba,Desk,Furniture,1,7000,7000,Hyderabad,Debit Card,2026-02-17,4
2933,2448,Ekansh Maharaj,Phone,Electronics,5,25000,125000,Delhi,Cash on Delivery,2025-08-17,2
2934,6249,Daksha Dewan,Shoes,Fashion,1,2500,2500,Hyderabad,UPI,2026-07-06,2
2935,6579,Triveni Kant,T-Shirt,Fashion,3,800,2400,Ahmedabad,UPI,2026-01-19,7
2936,4004,Xalak Buch,Headphones,Electronics,5,3000,15000,Chennai,Net Banking,2025-11-16,1
2937,7954,Jeevika Golla,Headphones,Electronics,4,3000,12000,Bengaluru,Net Banking,2026-03-24,2
2938,5757,Jyoti Krishna,Bottle,Home,3,600,1800,Delhi,UPI,2026-07-23,2
2939,1081,Lajita Rajan,Phone,Electronics,5,25000,125000,Kolkata,Credit Card,2025-10-02,3
2940,9660,Ati Mutti,Phone,Electronics,4,25000,100000,Bengaluru,Cash on Delivery,2025-09-30,1
2941,3033,Nidhi Bhatti,Phone,Electronics,3,25000,75000,Delhi,UPI,2026-06-20,6
2942,1778,Timothy Nagi,Phone,Electronics,1,25000,25000,Ahmedabad,Net Banking,2025-09-28,5
2943,5681,Isaiah Zacharia,Shoes,Fashion,3,2500,7500,Bengaluru,UPI,2026-05-15,6
2944,3713,Eshana Pandya,Bottle,Home,3,600,1800,Chennai,Net Banking,2026-07-16,6
2945,7158,Benjamin Dhaliwal,Headphones,Electronics,4,3000,12000,Pune,Net Banking,2025-12-07,6
2946,8474,Wridesh Sandal,Shoes,Fashion,5,2500,12500,Mumbai,Net Banking,2026-06-12,3
2947,7293,Maya Bhatt,Phone,Electronics,3,25000,75000,Hyderabad,Credit Card,2026-07-12,3
2948,1348,Arya Singh,Headphones,Electronics,3,3000,9000,Pune,Net Banking,2026-03-23,5
2949,3869,Vrishti Bhattacharyya,T-Shirt,Fashion,2,800,1600,Hyderabad,UPI,2026-01-08,2
2950,5823,Oliver Memon,T-Shirt,Fashion,2,800,1600,Bengaluru,Cash on Delivery,2026-05-09,4
2951,7681,Idika Saha,Headphones,Electronics,1,3000,3000,Delhi,Net Banking,2025-11-10,4
2952,8490,Sachi Grover,Phone,Electronics,1,25000,25000,Chennai,UPI,2026-04-02,6
2953,6070,Qasim Goel,Headphones,Electronics,2,3000,6000,Hyderabad,Net Banking,2025-10-23,5
2954,6927,Ekapad Bhat,Phone,Electronics,5,25000,125000,Hyderabad,Net Banking,2026-06-06,2
2955,1286,Ria Madan,Shoes,Fashion,5,2500,12500,Pune,UPI,2026-05-02,3
2956,3334,Aarnav Bansal,Chair,Furniture,1,4000,4000,Chennai,Debit Card,2025-12-27,1
2957,7655,Omisha Grewal,Headphones,Electronics,2,3000,6000,Ahmedabad,Net Banking,2026-01-05,6
2958,2531,Jasmit Bhargava,Phone,Electronics,3,25000,75000,Chennai,Net Banking,2025-11-15,4
2959,4549,Balhaar Bal,Phone,Electronics,1,25000,25000,Delhi,Net Banking,2026-07-04,4
2960,3387,Baghyawati Jaggi,T-Shirt,Fashion,1,800,800,Hyderabad,Net Banking,2026-04-27,3
2961,5127,Aarnav Golla,Headphones,Electronics,1,3000,3000,Hyderabad,Debit Card,2025-11-18,4
2962,6091,Kamya Zacharia,Headphones,Electronics,2,3000,6000,Pune,UPI,2026-04-20,7
2963,8838,Dayita Chaudry,Laptop,Electronics,2,65000,130000,Hyderabad,UPI,2025-11-23,1
2964,8114,Meera Sachdeva,Shoes,Fashion,5,2500,12500,Chennai,Cash on Delivery,2025-12-10,1
2965,7343,Niharika Shroff,Bottle,Home,1,600,600,Hyderabad,UPI,2026-01-20,1
2966,6486,Upkaar Uppal,Shoes,Fashion,5,2500,12500,Delhi,UPI,2026-05-16,1
2967,5575,Mekhala Rao,Phone,Electronics,1,25000,25000,Mumbai,Debit Card,2026-04-13,6
2968,1890,Ishanvi D’Alia,Shoes,Fashion,3,2500,7500,Kolkata,Cash on Delivery,2026-02-23,7
2969,4209,Nandini Ratti,Phone,Electronics,5,25000,125000,Kolkata,Cash on Delivery,2026-03-15,6
2970,4612,Baghyawati Rastogi,Phone,Electronics,3,25000,75000,Pune,Debit Card,2026-08-03,1
2971,8253,David Chaudhary,Watch,Accessories,4,5000,20000,Pune,Cash on Delivery,2026-02-17,2
2972,3289,Jatin Bera,Laptop,Electronics,4,65000,260000,Chennai,Cash on Delivery,2025-10-29,6
2973,6645,Gaurang Kota,Phone,Electronics,2,25000,50000,Delhi,Net Banking,2026-05-16,7
2974,8768,Faqid Srivastava,Laptop,Electronics,4,65000,260000,Chennai,UPI,2025-10-09,2
2975,2094,Wyatt Anne,Headphones,Electronics,5,3000,15000,Pune,UPI,2026-05-05,4
2976,5305,Elijah Subramanian,Desk,Furniture,5,7000,35000,Mumbai,Credit Card,2026-03-08,2
2977,2461,Noah Doctor,Phone,Electronics,2,25000,50000,Bengaluru,Debit Card,2026-02-03,3
2978,4319,Barkha Nath,Shoes,Fashion,2,2500,5000,Ahmedabad,Cash on Delivery,2026-01-23,1
2979,8606,Gavin Narang,Headphones,Electronics,1,3000,3000,Delhi,Credit Card,2025-08-26,7
2980,2665,Rayaan Rege,Bottle,Home,2,600,1200,Mumbai,Net Banking,2026-03-15,2
2981,4585,Karan Mangat,Laptop,Electronics,1,65000,65000,Chennai,Credit Card,2025-11-12,7
2982,3168,Oviya Parekh,Headphones,Electronics,3,3000,9000,Kolkata,Cash on Delivery,2026-05-07,5
2983,7160,Odika Mohan,Headphones,Electronics,3,3000,9000,Mumbai,Credit Card,2025-10-29,2
2984,5861,Charles Pandya,Headphones,Electronics,5,3000,15000,Pune,Debit Card,2026-03-20,5
2985,6292,Dakshesh Varughese,Laptop,Electronics,2,65000,130000,Delhi,Credit Card,2025-08-30,7
2986,1704,Ekalinga Nori,Phone,Electronics,5,25000,125000,Mumbai,Cash on Delivery,2025-12-22,3
2987,4874,Mugdha Rai,Phone,Electronics,1,25000,25000,Kolkata,Credit Card,2026-05-30,6
2988,7526,Falguni Chahal,Phone,Electronics,1,25000,25000,Kolkata,Net Banking,2026-08-06,1
2989,9186,Faras Lata,Book,Books,4,500,2000,Bengaluru,Credit Card,2026-02-25,1
2990,2511,Vanya Parmar,Laptop,Electronics,2,65000,130000,Kolkata,Net Banking,2026-03-26,5
2991,4168,Falguni Keer,T-Shirt,Fashion,1,800,800,Pune,Net Banking,2026-02-26,4
2992,6572,Daksha Mall,Phone,Electronics,5,25000,125000,Kolkata,Net Banking,2026-01-18,4
2993,4795,Kashish Parmer,Phone,Electronics,4,25000,100000,Hyderabad,UPI,2026-06-07,7
2994,6217,Ati Johal,Headphones,Electronics,5,3000,15000,Chennai,UPI,2026-03-26,3
2995,1375,Quincy Sanghvi,Phone,Electronics,4,25000,100000,Kolkata,Net Banking,2025-10-26,5
2996,7599,Libni Halder,Shoes,Fashion,4,2500,10000,Mumbai,Cash on Delivery,2026-02-07,4
2997,9134,Onveer Char,Shoes,Fashion,4,2500,10000,Hyderabad,Cash on Delivery,2025-08-30,5
2998,1253,Anita Garg,T-Shirt,Fashion,2,800,1600,Ahmedabad,UPI,2026-03-18,4
2999,3800,Kritika Nath,Headphones,Electronics,1,3000,3000,Bengaluru,Credit Card,2025-08-11,6
3000,2412,Faras Sekhon,Phone,Electronics,2,25000,50000,Chennai,Debit Card,2026-04-25,1
3001,8328,Ojas Kapoor,T-Shirt,Fashion,5,800,4000,Mumbai,Debit Card,2025-11-14,4
3002,9566,Pahal Bera,Headphones,Electronics,1,3000,3000,Bengaluru,UPI,2026-01-02,5
3003,7519,Ekantika Ramesh,Phone,Electronics,5,25000,125000,Kolkata,Net Banking,2026-05-30,1
3004,5399,Indali Pillay,Headphones,Electronics,5,3000,15000,Hyderabad,Cash on Delivery,2026-06-15,5
3005,9957,Chandresh Nagy,Shoes,Fashion,3,2500,7500,Delhi,Credit Card,2026-04-22,2
3006,6421,Gagan Dixit,Watch,Accessories,1,5000,5000,Delhi,Net Banking,2026-04-05,6
3007,8096,Ronith Sahni,Shoes,Fashion,5,2500,12500,Pune,Net Banking,2026-07-11,3
3008,6533,Amrita More,Shoes,Fashion,3,2500,7500,Mumbai,UPI,2026-02-24,3
3009,9315,Riya Dhingra,Phone,Electronics,5,25000,125000,Kolkata,UPI,2025-10-08,6
3010,6848,Jatin Talwar,Shoes,Fashion,1,2500,2500,Bengaluru,Credit Card,2026-01-14,5
3011,8825,Hiral Narain,Headphones,Electronics,4,3000,12000,Hyderabad,Net Banking,2026-04-29,7
3012,1429,Sanaya Bhatia,Chair,Furniture,2,4000,8000,Kolkata,Debit Card,2026-01-30,4
3013,2040,Yahvi Sura,T-Shirt,Fashion,5,800,4000,Kolkata,Cash on Delivery,2026-01-23,5
3014,9879,Zinal Raghavan,Headphones,Electronics,4,3000,12000,Bengaluru,Net Banking,2026-07-26,5
3015,9146,Aryan Mannan,Book,Books,5,500,2500,Bengaluru,Credit Card,2026-06-09,3
3016,9092,Hemang Dyal,Headphones,Electronics,2,3000,6000,Delhi,Net Banking,2026-01-04,3
3017,7530,Chanakya Dayal,Shoes,Fashion,1,2500,2500,Bengaluru,Credit Card,2025-11-22,3
3018,1489,Meghana Sura,Laptop,Electronics,3,65000,195000,Ahmedabad,Cash on Delivery,2026-03-08,4
3019,8481,Janya Balay,Shoes,Fashion,3,2500,7500,Delhi,UPI,2025-09-23,6
3020,9876,Zilmil Dutta,Phone,Electronics,3,25000,75000,Bengaluru,Debit Card,2025-10-21,7
3021,3990,Ryan Handa,Phone,Electronics,3,25000,75000,Chennai,Cash on Delivery,2025-12-13,5
3022,6783,Qabil Virk,Phone,Electronics,2,25000,50000,Pune,Credit Card,2026-08-05,6
3023,9727,Liam Ravi,Phone,Electronics,2,25000,50000,Pune,Cash on Delivery,2026-02-03,7
3024,9948,Prisha Srinivasan,Watch,Accessories,2,5000,10000,Mumbai,Debit Card,2026-04-22,4
3025,6371,Vritti Barad,Phone,Electronics,1,25000,25000,Bengaluru,Net Banking,2026-04-10,7
3026,3914,Yauvani Kaul,Phone,Electronics,4,25000,100000,Ahmedabad,Cash on Delivery,2026-06-22,2
3027,7613,Elijah Bedi,Chair,Furniture,2,4000,8000,Hyderabad,Credit Card,2025-12-10,3
3028,2674,Ekanta Rai,Headphones,Electronics,3,3000,9000,Hyderabad,Net Banking,2026-01-21,1
3029,7049,Chakradhar Sridhar,Headphones,Electronics,4,3000,12000,Ahmedabad,UPI,2026-03-02,6
3030,7328,Gaurav Sarna,Headphones,Electronics,3,3000,9000,Ahmedabad,UPI,2025-09-13,5
3031,5707,Omya Bahl,Phone,Electronics,4,25000,100000,Pune,Credit Card,2026-07-26,1
3032,2965,Charvi Ravel,Phone,Electronics,5,25000,125000,Mumbai,UPI,2026-07-29,4
3033,1768,Yoshita Toor,Headphones,Electronics,2,3000,6000,Hyderabad,Net Banking,2025-10-28,7
3034,4866,Yoshita Bakshi,Shoes,Fashion,5,2500,12500,Pune,UPI,2026-03-20,1
3035,7463,Jacob Dass,T-Shirt,Fashion,2,800,1600,Pune,UPI,2026-06-10,3
3036,6353,Gayathri Yogi,Phone,Electronics,1,25000,25000,Ahmedabad,Credit Card,2026-06-22,1
3037,6998,Ronith Datta,Phone,Electronics,2,25000,50000,Hyderabad,Cash on Delivery,2026-04-03,4
3038,2595,Zashil Chand,Shoes,Fashion,5,2500,12500,Hyderabad,Cash on Delivery,2026-08-02,4
3039,1263,Yashawini Saran,Watch,Accessories,1,5000,5000,Pune,Credit Card,2025-10-30,6
3040,5644,Dalaja Thakkar,Watch,Accessories,1,5000,5000,Mumbai,UPI,2025-10-02,7
3041,7273,Nitesh Khosla,Phone,Electronics,4,25000,100000,Mumbai,Net Banking,2025-08-26,5
3042,3156,Reyansh Chander,Headphones,Electronics,1,3000,3000,Kolkata,UPI,2025-12-21,3
3043,9425,Zayan Chander,Phone,Electronics,2,25000,50000,Ahmedabad,Cash on Delivery,2025-09-23,2
3044,8014,Diya Chanda,Watch,Accessories,3,5000,15000,Chennai,UPI,2026-03-17,3
3045,9297,Aayush Memon,Watch,Accessories,5,5000,25000,Chennai,Cash on Delivery,2026-01-21,5
3046,3745,Edhitha Rajagopalan,Headphones,Electronics,3,3000,9000,Bengaluru,Cash on Delivery,2026-06-14,6
3047,5581,Anvi Mander,Phone,Electronics,3,25000,75000,Ahmedabad,Net Banking,2025-09-01,4
3048,5719,Arjun Ravel,Chair,Furniture,3,4000,12000,Bengaluru,Net Banking,2026-06-30,2
3049,2944,Lipika Bath,Phone,Electronics,5,25000,125000,Mumbai,Cash on Delivery,2025-08-19,3
3050,1645,Nathan Oza,Laptop,Electronics,1,65000,65000,Delhi,Credit Card,2025-12-05,7
3051,4802,Ria Kunda,Phone,Electronics,2,25000,50000,Mumbai,Credit Card,2026-03-14,2
3052,6340,Bhanumati Sheth,Shoes,Fashion,1,2500,2500,Ahmedabad,UPI,2025-11-03,2
3053,8872,Amaira Chawla,Laptop,Electronics,3,65000,195000,Delhi,Net Banking,2025-10-25,2
3054,3984,Hemang Sandal,Shoes,Fashion,4,2500,10000,Mumbai,Debit Card,2025-12-20,3
3055,9598,Kai Nadig,Phone,Electronics,5,25000,125000,Chennai,Cash on Delivery,2026-02-03,5
3056,3360,Jacob Deo,Shoes,Fashion,4,2500,10000,Kolkata,Credit Card,2026-01-08,4
3057,5795,Kevin Rege,Headphones,Electronics,4,3000,12000,Chennai,Credit Card,2025-11-27,6
3058,9442,Yashica Parekh,Laptop,Electronics,3,65000,195000,Bengaluru,Debit Card,2026-03-05,3
3059,9615,Damini Nori,Phone,Electronics,1,25000,25000,Hyderabad,Credit Card,2026-01-28,6
3060,3190,Ekanta Nayak,Headphones,Electronics,1,3000,3000,Hyderabad,UPI,2025-11-13,2
3061,1116,Eta Sathe,Phone,Electronics,2,25000,50000,Pune,Net Banking,2026-02-04,1
3062,2472,Faris Oak,Laptop,Electronics,1,65000,65000,Hyderabad,Cash on Delivery,2026-01-16,3
3063,8588,Jackson Sankaran,Headphones,Electronics,2,3000,6000,Ahmedabad,UPI,2026-06-11,5
3064,7619,Aarna Shan,Phone,Electronics,4,25000,100000,Mumbai,Cash on Delivery,2026-02-02,2
3065,8865,Tanvi Konda,T-Shirt,Fashion,3,800,2400,Kolkata,Debit Card,2026-07-14,3
3066,5352,Vedika Kapadia,Shoes,Fashion,3,2500,7500,Kolkata,Credit Card,2026-06-29,4
3067,1535,Osha Kala,Phone,Electronics,5,25000,125000,Ahmedabad,Credit Card,2026-03-09,5
3068,7265,Abha De,Laptop,Electronics,4,65000,260000,Hyderabad,UPI,2025-12-13,4
3069,8201,Omkaar Ahuja,Laptop,Electronics,2,65000,130000,Mumbai,Cash on Delivery,2025-08-24,2
3070,4249,Caleb Misra,Laptop,Electronics,2,65000,130000,Kolkata,Credit Card,2026-07-06,5
3071,1479,Raksha Lalla,Shoes,Fashion,2,2500,5000,Ahmedabad,Credit Card,2026-04-05,2
3072,4507,Wishi Rama,Phone,Electronics,5,25000,125000,Chennai,Credit Card,2025-12-31,1
3073,2234,Ekbal Garde,Shoes,Fashion,3,2500,7500,Pune,Credit Card,2026-04-22,5
3074,3728,Kai Pradhan,Headphones,Electronics,2,3000,6000,Ahmedabad,Debit Card,2026-07-31,6
3075,9850,Gagan Jha,Chair,Furniture,5,4000,20000,Hyderabad,Debit Card,2026-03-30,5
3076,7846,Raghav Karnik,Desk,Furniture,3,7000,21000,Mumbai,Cash on Delivery,2026-07-25,6
3077,4585,Parth Ganesan,Shoes,Fashion,4,2500,10000,Bengaluru,Cash on Delivery,2026-03-15,3
3078,6449,Ladli Sachdev,Phone,Electronics,1,25000,25000,Pune,Debit Card,2026-01-24,5
3079,2908,Lavanya Ram,T-Shirt,Fashion,4,800,3200,Bengaluru,Cash on Delivery,2026-02-12,5
3080,8189,Vivaan Samra,T-Shirt,Fashion,5,800,4000,Delhi,Credit Card,2025-08-19,5
3081,3655,Nitara Bandi,Phone,Electronics,1,25000,25000,Delhi,Debit Card,2026-02-17,2
3082,8676,Triya Sem,Shoes,Fashion,5,2500,12500,Kolkata,UPI,2026-04-29,2
3083,3265,Bimala Gera,Headphones,Electronics,3,3000,9000,Hyderabad,Credit Card,2026-04-19,2
3084,3207,Arin Suri,Laptop,Electronics,1,65000,65000,Ahmedabad,Cash on Delivery,2026-03-22,6
3085,9978,Warjas Kapur,T-Shirt,Fashion,1,800,800,Hyderabad,Credit Card,2026-06-12,1
3086,9010,Girik Yohannan,Watch,Accessories,3,5000,15000,Kolkata,Net Banking,2025-10-15,5
3087,8182,Amaira Handa,Headphones,Electronics,5,3000,15000,Ahmedabad,Credit Card,2026-01-21,6
3088,9426,Nitara Kurian,Shoes,Fashion,3,2500,7500,Ahmedabad,Credit Card,2025-08-17,2
3089,1997,Xavier Seshadri,Shoes,Fashion,4,2500,10000,Delhi,Credit Card,2026-01-12,1
3090,4871,Anay Gour,Phone,Electronics,3,25000,75000,Chennai,UPI,2026-07-14,7
3091,6254,Kai Narain,Headphones,Electronics,5,3000,15000,Mumbai,Cash on Delivery,2026-03-11,1
3092,4441,Jackson Kala,Phone,Electronics,2,25000,50000,Mumbai,UPI,2026-07-19,7
3093,3743,Adya Bhagat,Phone,Electronics,5,25000,125000,Ahmedabad,UPI,2025-08-27,1
3094,5541,Varenya Balakrishnan,Phone,Electronics,4,25000,100000,Hyderabad,UPI,2026-05-05,5
3095,7808,Siya Dhar,T-Shirt,Fashion,1,800,800,Kolkata,UPI,2026-07-20,2
3096,2522,Waida Dhaliwal,Shoes,Fashion,4,2500,10000,Mumbai,Credit Card,2026-02-08,4
3097,3486,Jonathan Pradhan,Laptop,Electronics,2,65000,130000,Mumbai,Credit Card,2026-02-03,2
3098,7719,Yachana More,Phone,Electronics,4,25000,100000,Kolkata,Credit Card,2026-07-27,1
3099,2899,Tamanna Rajagopalan,Phone,Electronics,1,25000,25000,Mumbai,Cash on Delivery,2025-08-10,4
3100,1685,Udyati Kannan,Phone,Electronics,2,25000,50000,Mumbai,Net Banking,2026-01-11,6
3101,6618,Ayush Shere,Laptop,Electronics,2,65000,130000,Kolkata,Credit Card,2026-03-26,2
3102,1606,Qasim Chacko,Book,Books,2,500,1000,Pune,Net Banking,2026-07-02,2
3103,4414,Warinder Uppal,Headphones,Electronics,3,3000,9000,Delhi,Credit Card,2026-05-31,4
3104,9535,Xiti Subramanian,Shoes,Fashion,3,2500,7500,Mumbai,Credit Card,2026-02-22,7
3105,2645,Upadhriti Bhatia,T-Shirt,Fashion,2,800,1600,Mumbai,Debit Card,2026-05-06,1
3106,9598,Siddharth Golla,T-Shirt,Fashion,4,800,3200,Bengaluru,Debit Card,2026-02-22,7
3107,3205,Wishi Pandya,Laptop,Electronics,3,65000,195000,Bengaluru,Net Banking,2026-04-07,3
3108,4172,Sneha Kapur,Phone,Electronics,1,25000,25000,Ahmedabad,Debit Card,2026-02-10,6
3109,1020,Sanya Kumer,Phone,Electronics,1,25000,25000,Hyderabad,Net Banking,2026-03-28,5
3110,9135,Alka Yohannan,Phone,Electronics,5,25000,125000,Delhi,UPI,2025-12-26,2
3111,3324,Robert Kulkarni,Chair,Furniture,1,4000,4000,Pune,Credit Card,2026-01-10,4
3112,6351,Gaurang Roy,Desk,Furniture,5,7000,35000,Ahmedabad,Cash on Delivery,2026-04-28,3
3113,4473,Kevin Raj,T-Shirt,Fashion,2,800,1600,Delhi,Debit Card,2026-01-09,1
3114,1420,Kavya Sanghvi,Watch,Accessories,2,5000,10000,Bengaluru,Cash on Delivery,2025-11-14,1
3115,3653,Onkar Chaudry,Headphones,Electronics,3,3000,9000,Kolkata,Credit Card,2025-10-31,5
3116,3725,Nilima Ravi,Headphones,Electronics,1,3000,3000,Delhi,Cash on Delivery,2026-06-05,6
3117,8065,Osha Sibal,Shoes,Fashion,1,2500,2500,Chennai,Net Banking,2025-10-23,1
3118,3072,Yash Ravi,Headphones,Electronics,2,3000,6000,Pune,Net Banking,2026-04-04,6
3119,6609,Falan Vala,Desk,Furniture,1,7000,7000,Ahmedabad,Debit Card,2026-05-08,7
3120,4634,Ayush Viswanathan,Phone,Electronics,1,25000,25000,Pune,UPI,2026-05-10,2
3121,6950,Avi Lall,Laptop,Electronics,1,65000,65000,Chennai,Cash on Delivery,2025-11-27,5
3122,7038,Yash Gokhale,Book,Books,4,500,2000,Chennai,Debit Card,2026-08-07,5
3123,6702,Vihaan Mitra,Laptop,Electronics,4,65000,260000,Ahmedabad,Debit Card,2025-12-25,4
3124,5116,Charan Vohra,T-Shirt,Fashion,2,800,1600,Kolkata,UPI,2026-03-06,2
3125,8565,Abhimanyu Bobal,T-Shirt,Fashion,3,800,2400,Chennai,UPI,2025-11-21,1
3126,2941,Waida Kulkarni,Laptop,Electronics,1,65000,65000,Mumbai,UPI,2026-01-23,2
3127,4765,Lila Parsa,Laptop,Electronics,4,65000,260000,Mumbai,Cash on Delivery,2026-07-12,4
3128,9011,Siya Rau,Phone,Electronics,1,25000,25000,Bengaluru,Cash on Delivery,2026-05-09,5
3129,9468,Advik Kaul,Laptop,Electronics,1,65000,65000,Mumbai,Debit Card,2025-09-12,4
3130,1499,Qadim Sharaf,Phone,Electronics,5,25000,125000,Mumbai,Debit Card,2025-08-31,6
3131,4202,Wakeeta Narayan,Laptop,Electronics,1,65000,65000,Delhi,Cash on Delivery,2026-04-27,4
3132,8568,Waida Karpe,Phone,Electronics,1,25000,25000,Hyderabad,Debit Card,2026-05-16,1
3133,6916,Tejas Sule,Chair,Furniture,3,4000,12000,Pune,Cash on Delivery,2025-10-02,3
3134,3866,Zilmil Rajan,Phone,Electronics,4,25000,100000,Mumbai,Credit Card,2025-11-20,1
3135,3977,Saumya Badami,Laptop,Electronics,4,65000,260000,Ahmedabad,Net Banking,2026-02-03,7
3136,8320,Baljiwan Nadig,Headphones,Electronics,3,3000,9000,Chennai,Cash on Delivery,2025-12-15,5
3137,4351,Liam Sampath,Phone,Electronics,1,25000,25000,Mumbai,Net Banking,2025-10-18,1
3138,7595,Zansi Master,Phone,Electronics,2,25000,50000,Bengaluru,Cash on Delivery,2026-06-02,3
3139,8156,Gaurika Mistry,T-Shirt,Fashion,4,800,3200,Bengaluru,UPI,2025-12-06,3
3140,4941,Indali Nanda,Headphones,Electronics,5,3000,15000,Bengaluru,Cash on Delivery,2026-02-12,1
3141,7602,Sanya Keer,Laptop,Electronics,3,65000,195000,Chennai,Cash on Delivery,2026-01-05,1
3142,1408,Jagvi Banik,Phone,Electronics,3,25000,75000,Mumbai,UPI,2026-03-31,1
3143,8657,Sarthak Yohannan,Headphones,Electronics,4,3000,12000,Mumbai,Debit Card,2025-08-23,1
3144,4865,Viraj Prakash,Laptop,Electronics,3,65000,195000,Mumbai,Net Banking,2026-05-27,7
3145,1049,Robert Barad,Shoes,Fashion,3,2500,7500,Ahmedabad,Credit Card,2025-10-26,6
3146,6188,Irya Tailor,Bottle,Home,1,600,600,Bengaluru,UPI,2026-02-07,3
3147,1620,Lakshmi Bora,Shoes,Fashion,5,2500,12500,Pune,Net Banking,2025-10-26,7
3148,9670,Jonathan Bhardwaj,Headphones,Electronics,4,3000,12000,Kolkata,Credit Card,2026-05-02,6
3149,8192,Saanvi Sarna,Laptop,Electronics,4,65000,260000,Mumbai,Cash on Delivery,2025-10-07,4
3150,2672,Gabriel Edwin,Shoes,Fashion,3,2500,7500,Chennai,Cash on Delivery,2025-10-04,1
3151,5696,Urmi Khanna,Phone,Electronics,4,25000,100000,Delhi,Cash on Delivery,2026-04-23,4
3152,4822,Vincent Morar,Headphones,Electronics,2,3000,6000,Bengaluru,Debit Card,2026-01-18,4
3153,5736,Aarna Vig,Phone,Electronics,5,25000,125000,Mumbai,Net Banking,2026-06-22,4
3154,5327,Warinder Palan,T-Shirt,Fashion,1,800,800,Bengaluru,Cash on Delivery,2026-07-26,7
3155,1431,Daksh Uppal,Bottle,Home,2,600,1200,Hyderabad,Cash on Delivery,2025-12-31,1
3156,3810,Irya Dhawan,Headphones,Electronics,5,3000,15000,Mumbai,UPI,2025-11-18,4
3157,1449,Baghyawati Goda,Laptop,Electronics,2,65000,130000,Pune,UPI,2025-10-27,7
3158,2371,Kabir Oza,Desk,Furniture,5,7000,35000,Hyderabad,Debit Card,2025-09-24,6
3159,9404,Saanvi Dhaliwal,Shoes,Fashion,5,2500,12500,Kolkata,Credit Card,2026-01-23,1
3160,1367,Anusha Bakshi,Laptop,Electronics,4,65000,260000,Pune,Net Banking,2026-05-05,1
3161,9955,Bachittar Khanna,T-Shirt,Fashion,1,800,800,Chennai,Debit Card,2026-06-27,3
3162,2970,Amrita De,Headphones,Electronics,2,3000,6000,Kolkata,Debit Card,2025-10-23,5
3163,8214,Shivani Kapoor,Headphones,Electronics,2,3000,6000,Ahmedabad,Cash on Delivery,2026-07-07,1
3164,1420,Unni Viswanathan,Headphones,Electronics,1,3000,3000,Pune,Net Banking,2026-02-07,1
3165,8754,Ikshita Gala,Headphones,Electronics,3,3000,9000,Mumbai,Credit Card,2025-08-13,7
3166,2394,Vanya Dewan,Phone,Electronics,5,25000,125000,Pune,Net Banking,2025-12-13,4
3167,3585,Mohammed Swaminathan,Laptop,Electronics,1,65000,65000,Kolkata,Net Banking,2025-09-09,3
3168,7938,Azaan Prakash,T-Shirt,Fashion,5,800,4000,Bengaluru,Cash on Delivery,2026-03-08,6
3169,8817,Logan Tella,T-Shirt,Fashion,5,800,4000,Delhi,Debit Card,2026-04-06,1
3170,2931,Upasna Bir,Headphones,Electronics,2,3000,6000,Pune,UPI,2026-07-13,7
3171,6809,Nathan Setty,Headphones,Electronics,1,3000,3000,Chennai,UPI,2026-04-12,4
3172,3900,Charan Palla,Watch,Accessories,2,5000,10000,Kolkata,Debit Card,2025-09-09,6
3173,4672,Mugdha Bala,Watch,Accessories,5,5000,25000,Ahmedabad,Cash on Delivery,2026-04-21,3
3174,7523,Harinakshi Ram,Phone,Electronics,4,25000,100000,Bengaluru,Debit Card,2025-12-16,6
3175,7908,Robert Randhawa,Laptop,Electronics,5,65000,325000,Pune,Net Banking,2026-06-11,4
3176,5338,Parth Ghose,Phone,Electronics,2,25000,50000,Chennai,UPI,2026-08-05,3
3177,3485,Unnati Sibal,Headphones,Electronics,3,3000,9000,Mumbai,Cash on Delivery,2026-04-25,1
3178,2674,Aayush Palan,Phone,Electronics,3,25000,75000,Chennai,Credit Card,2025-11-26,2
3179,4983,Harshil Deol,Bottle,Home,3,600,1800,Chennai,Debit Card,2025-08-23,5
3180,9233,Gopal Sengupta,Headphones,Electronics,1,3000,3000,Hyderabad,Debit Card,2026-05-03,5
3181,4734,Mason Trivedi,Headphones,Electronics,5,3000,15000,Delhi,Cash on Delivery,2026-03-23,2
3182,8856,Utkarsh Purohit,Bottle,Home,4,600,2400,Bengaluru,Net Banking,2026-06-03,4
3183,7961,Anmol Varghese,Shoes,Fashion,1,2500,2500,Delhi,Net Banking,2026-01-09,7
3184,2210,Shravya Sharma,Laptop,Electronics,3,65000,195000,Hyderabad,UPI,2026-04-02,5
3185,6861,Banjeet Sule,Watch,Accessories,2,5000,10000,Bengaluru,Credit Card,2026-05-06,6
3186,4495,Vansha Goyal,Headphones,Electronics,2,3000,6000,Kolkata,Cash on Delivery,2025-10-31,1
3187,1717,Praneel Rai,Phone,Electronics,2,25000,50000,Pune,Debit Card,2025-10-22,5
3188,6446,Zayyan Som,Headphones,Electronics,4,3000,12000,Delhi,Credit Card,2026-06-05,3
3189,5949,Zashil Lala,Book,Books,3,500,1500,Kolkata,Credit Card,2025-08-15,3
3190,8027,Ayushman Lala,Phone,Electronics,1,25000,25000,Ahmedabad,UPI,2026-04-18,7
3191,5482,Neha Chacko,Phone,Electronics,3,25000,75000,Delhi,Net Banking,2025-12-16,4
3192,8701,Lila Sarin,Headphones,Electronics,1,3000,3000,Kolkata,UPI,2026-07-02,7
3193,9818,Triya Dugar,Headphones,Electronics,3,3000,9000,Delhi,Net Banking,2026-08-01,5
3194,7565,Krishna Bora,Chair,Furniture,1,4000,4000,Kolkata,Net Banking,2025-10-12,2
3195,8255,Wriddhish Gala,Laptop,Electronics,1,65000,65000,Pune,Cash on Delivery,2026-02-25,5
3196,4710,Orinder Mangal,T-Shirt,Fashion,1,800,800,Ahmedabad,Net Banking,2025-10-15,2
3197,5342,Vasudha Karpe,Book,Books,4,500,2000,Chennai,Net Banking,2025-08-24,6
3198,7485,Krishna Prakash,Headphones,Electronics,2,3000,6000,Kolkata,Debit Card,2025-12-29,5
3199,2479,Xalak Morar,Phone,Electronics,3,25000,75000,Ahmedabad,Debit Card,2025-12-04,5
3200,1807,Upasna Walia,Phone,Electronics,3,25000,75000,Mumbai,UPI,2025-10-29,5
3201,3958,Laban Kunda,Phone,Electronics,5,25000,125000,Delhi,Cash on Delivery,2025-09-18,3
3202,1728,Advik Mand,Phone,Electronics,4,25000,100000,Ahmedabad,UPI,2025-10-14,1
3203,2013,Vanya Sandhu,Headphones,Electronics,4,3000,12000,Hyderabad,Net Banking,2025-09-07,5
3204,7469,Harini Jhaveri,T-Shirt,Fashion,5,800,4000,Hyderabad,Cash on Delivery,2025-12-18,3
3205,2638,Jagat Batra,Phone,Electronics,2,25000,50000,Pune,Debit Card,2025-08-19,3
3206,8954,Isha Butala,Headphones,Electronics,4,3000,12000,Delhi,UPI,2026-04-11,1
3207,5933,Vihaan Bhatti,Headphones,Electronics,5,3000,15000,Bengaluru,Debit Card,2025-08-21,5
3208,3931,Ganga Deo,Chair,Furniture,3,4000,12000,Delhi,Debit Card,2025-08-20,4
3209,8125,Vyanjana Kakar,Bottle,Home,3,600,1800,Chennai,Cash on Delivery,2025-11-26,4
3210,5294,Irya Chaudhry,Laptop,Electronics,4,65000,260000,Bengaluru,UPI,2026-07-07,7
3211,6156,Upkaar Mani,T-Shirt,Fashion,3,800,2400,Chennai,Debit Card,2025-10-31,4
3212,9806,Finn Bobal,T-Shirt,Fashion,3,800,2400,Delhi,Net Banking,2026-05-01,4
3213,6225,Yashawini Mohanty,T-Shirt,Fashion,3,800,2400,Hyderabad,Credit Card,2026-05-29,7
3214,1473,Tripti Saha,Headphones,Electronics,5,3000,15000,Chennai,Credit Card,2025-08-15,2
3215,5228,Yauvani Dutt,Watch,Accessories,3,5000,15000,Chennai,Cash on Delivery,2026-05-31,7
3216,7860,Libni D’Alia,Phone,Electronics,2,25000,50000,Ahmedabad,Debit Card,2026-06-20,1
3217,6685,Ekanta Soman,Phone,Electronics,3,25000,75000,Hyderabad,UPI,2025-12-25,1
3218,3625,Kiaan Raman,Shoes,Fashion,4,2500,10000,Bengaluru,UPI,2026-07-09,2
3219,8404,Peter Majumdar,Phone,Electronics,2,25000,50000,Chennai,Cash on Delivery,2025-09-25,6
3220,7573,Maanas Ratti,Shoes,Fashion,3,2500,7500,Bengaluru,Debit Card,2025-10-27,5
3221,2698,Faras Dar,Laptop,Electronics,1,65000,65000,Mumbai,Credit Card,2026-06-11,3
3222,2512,Yamini Mander,Shoes,Fashion,1,2500,2500,Ahmedabad,Net Banking,2026-03-09,7
3223,9471,Yashawini Kota,Chair,Furniture,5,4000,20000,Chennai,UPI,2025-08-09,1
3224,1245,Oni Nanda,T-Shirt,Fashion,5,800,4000,Mumbai,Cash on Delivery,2026-02-02,5
3225,8883,Yagnesh Yohannan,Headphones,Electronics,4,3000,12000,Kolkata,Net Banking,2026-07-07,2
3226,3832,Waida Yadav,Phone,Electronics,1,25000,25000,Ahmedabad,Cash on Delivery,2026-07-11,7
3227,8309,Wahab Mukherjee,Watch,Accessories,3,5000,15000,Bengaluru,Cash on Delivery,2026-05-21,7
3228,7963,Leena Chaudhary,Phone,Electronics,2,25000,50000,Mumbai,Credit Card,2025-09-03,6
3229,1876,Harini Baral,Phone,Electronics,2,25000,50000,Hyderabad,Net Banking,2025-09-27,3
3230,6605,Charan Wadhwa,Phone,Electronics,4,25000,100000,Hyderabad,Cash on Delivery,2026-02-14,3
3231,9721,Yatin Baria,Shoes,Fashion,4,2500,10000,Delhi,Cash on Delivery,2025-12-23,5
3232,7037,Nikita Dugar,Phone,Electronics,2,25000,50000,Pune,Net Banking,2025-11-15,2
3233,4810,Thomas Wagle,Phone,Electronics,1,25000,25000,Ahmedabad,Debit Card,2025-08-15,3
3234,1772,Dev Chauhan,T-Shirt,Fashion,3,800,2400,Delhi,Cash on Delivery,2025-11-14,3
3235,5672,Avi Nadig,Phone,Electronics,3,25000,75000,Kolkata,Debit Card,2026-02-26,6
3236,2256,Mekhala Sachdev,Phone,Electronics,2,25000,50000,Mumbai,Credit Card,2025-10-14,2
3237,5677,Bimala Chana,Phone,Electronics,4,25000,100000,Kolkata,Net Banking,2025-10-06,6
3238,8385,Dayita Dara,T-Shirt,Fashion,1,800,800,Kolkata,Cash on Delivery,2026-05-28,7
3239,3725,Megha Lal,Phone,Electronics,3,25000,75000,Kolkata,Credit Card,2025-08-29,1
3240,9829,Kala Narayan,Phone,Electronics,5,25000,125000,Chennai,Credit Card,2026-01-12,7
3241,6793,Kai Dugal,Laptop,Electronics,4,65000,260000,Delhi,Net Banking,2026-05-29,1
3242,7341,Jeet Ramesh,T-Shirt,Fashion,1,800,800,Hyderabad,UPI,2026-03-26,3
3243,1543,Jack Murty,Phone,Electronics,2,25000,50000,Chennai,Net Banking,2026-07-27,7
3244,9934,Charles Sehgal,Chair,Furniture,3,4000,12000,Bengaluru,Debit Card,2026-04-06,5
3245,4760,Rachit Mane,Watch,Accessories,3,5000,15000,Pune,UPI,2025-11-07,1
3246,9432,Ranbir Dhillon,Watch,Accessories,1,5000,5000,Mumbai,Cash on Delivery,2025-10-08,4
3247,9424,Shravya Narasimhan,Headphones,Electronics,3,3000,9000,Mumbai,Cash on Delivery,2025-11-17,3
3248,5163,Ekiya Pillay,Bottle,Home,3,600,1800,Pune,Debit Card,2026-02-26,3
3249,9711,Nachiket Kala,Phone,Electronics,1,25000,25000,Hyderabad,Net Banking,2026-01-29,3
3250,4562,Fiyaz Din,Shoes,Fashion,4,2500,10000,Kolkata,Net Banking,2026-01-13,1
3251,4947,Ekanta Balasubramanian,Laptop,Electronics,3,65000,195000,Mumbai,Credit Card,2025-11-15,5
3252,9396,Upadhriti Kothari,Headphones,Electronics,5,3000,15000,Pune,Net Banking,2026-06-30,6
3253,7972,Ijaya Chana,Phone,Electronics,5,25000,125000,Bengaluru,Net Banking,2025-08-25,1
3254,8884,Arya Bhatt,Phone,Electronics,3,25000,75000,Bengaluru,Cash on Delivery,2026-01-12,1
3255,3253,Nisha Garg,Phone,Electronics,4,25000,100000,Pune,Cash on Delivery,2025-11-16,2
3256,9854,Krishna Padmanabhan,Laptop,Electronics,1,65000,65000,Chennai,Debit Card,2025-08-11,2
3257,4709,Netra Shah,Phone,Electronics,2,25000,50000,Kolkata,Credit Card,2026-03-01,5
3258,2690,Tara Kant,Phone,Electronics,5,25000,125000,Bengaluru,UPI,2026-04-15,6
3259,1492,Aarna Bobal,Shoes,Fashion,4,2500,10000,Chennai,Credit Card,2026-05-13,5
3260,9471,Jairaj Luthra,Phone,Electronics,2,25000,50000,Delhi,Net Banking,2025-11-05,5
3261,3387,Nakul Mukhopadhyay,Book,Books,2,500,1000,Mumbai,UPI,2026-06-02,7
3262,4768,Rachana Saraf,Phone,Electronics,2,25000,50000,Bengaluru,UPI,2026-05-06,1
3263,7323,Rayaan Dewan,Laptop,Electronics,5,65000,325000,Kolkata,Cash on Delivery,2026-01-18,4
3264,9321,Chaman Mander,Phone,Electronics,1,25000,25000,Kolkata,Cash on Delivery,2026-02-17,1
3265,5841,Rachita Behl,Laptop,Electronics,1,65000,65000,Hyderabad,Debit Card,2026-05-24,4
3266,2011,Raghav Verma,T-Shirt,Fashion,3,800,2400,Hyderabad,Net Banking,2026-03-12,3
3267,2393,Leela Mukhopadhyay,Book,Books,2,500,1000,Delhi,Cash on Delivery,2025-11-04,3
3268,3265,Riya Rao,Headphones,Electronics,5,3000,15000,Hyderabad,Debit Card,2026-01-14,3
3269,6183,Omkaar Bhakta,Headphones,Electronics,5,3000,15000,Mumbai,UPI,2025-12-27,1
3270,8488,Ekbal Bir,Phone,Electronics,1,25000,25000,Chennai,Credit Card,2026-06-15,1
3271,6397,Logan Dixit,Phone,Electronics,3,25000,75000,Chennai,Cash on Delivery,2026-07-27,7
3272,1754,Yachana Shankar,Laptop,Electronics,1,65000,65000,Chennai,Cash on Delivery,2026-07-07,6
3273,2507,Abdul Taneja,Phone,Electronics,3,25000,75000,Mumbai,UPI,2026-01-05,6
3274,5900,Vihaan Sangha,Phone,Electronics,3,25000,75000,Mumbai,UPI,2025-09-24,6
3275,5623,Orinder Reddy,T-Shirt,Fashion,2,800,1600,Delhi,Cash on Delivery,2025-10-16,5
3276,5405,Guneet Bhakta,Phone,Electronics,4,25000,100000,Kolkata,UPI,2026-02-03,5
3277,4189,Faras Bahl,Shoes,Fashion,3,2500,7500,Chennai,Cash on Delivery,2025-12-14,5
3278,3307,Nidhi Desai,Phone,Electronics,5,25000,125000,Chennai,Net Banking,2025-08-27,6
3279,7639,Tanmayi Sood,Headphones,Electronics,5,3000,15000,Bengaluru,Cash on Delivery,2025-11-24,5
3280,9650,Ekbal Dora,Headphones,Electronics,1,3000,3000,Hyderabad,Net Banking,2026-06-02,4
3281,2938,Qarin Parmar,Headphones,Electronics,5,3000,15000,Kolkata,Net Banking,2026-03-21,6
3282,2190,Shaurya Shenoy,Shoes,Fashion,4,2500,10000,Ahmedabad,UPI,2026-05-19,3
3283,3959,Maanav Grover,T-Shirt,Fashion,4,800,3200,Ahmedabad,Cash on Delivery,2025-10-17,7
3284,7177,Yuvraj Tandon,Laptop,Electronics,4,65000,260000,Delhi,Net Banking,2025-10-15,2
3285,3174,Charan Bahl,Phone,Electronics,1,25000,25000,Chennai,Debit Card,2025-12-22,4
3286,4060,Kabir Pai,T-Shirt,Fashion,5,800,4000,Chennai,UPI,2026-06-06,3
3287,1095,Ishani Mane,Chair,Furniture,5,4000,20000,Ahmedabad,Credit Card,2025-12-18,1
3288,6498,Shivansh Maharaj,T-Shirt,Fashion,3,800,2400,Ahmedabad,UPI,2026-06-08,4
3289,2478,Bimala Acharya,Headphones,Electronics,3,3000,9000,Bengaluru,Cash on Delivery,2025-12-31,3
3290,2222,Nihal Thaman,Phone,Electronics,2,25000,50000,Mumbai,Net Banking,2026-05-28,6
3291,3370,Baljiwan Balakrishnan,T-Shirt,Fashion,5,800,4000,Pune,UPI,2026-02-26,5
3292,3257,Jagvi Issac,Shoes,Fashion,4,2500,10000,Chennai,Debit Card,2026-05-17,2
3293,8823,Veda Yadav,Phone,Electronics,5,25000,125000,Ahmedabad,Net Banking,2026-07-23,5
3294,5330,Ekta Sule,Laptop,Electronics,1,65000,65000,Ahmedabad,Debit Card,2026-02-18,2
3295,6678,Amruta Wable,Phone,Electronics,5,25000,125000,Pune,Debit Card,2026-02-16,4
3296,6225,Indrajit Saha,T-Shirt,Fashion,1,800,800,Chennai,Net Banking,2025-10-06,2
3297,3318,Vansha Ramanathan,Laptop,Electronics,5,65000,325000,Bengaluru,Debit Card,2026-05-07,4
3298,1295,Adweta Bal,T-Shirt,Fashion,5,800,4000,Delhi,UPI,2025-08-09,6
3299,7717,Yashodhara Patil,Phone,Electronics,3,25000,75000,Pune,UPI,2026-05-31,4
3300,5562,Yochana Bajwa,Phone,Electronics,2,25000,50000,Kolkata,Credit Card,2025-08-27,5
3301,6375,Zansi Babu,Phone,Electronics,5,25000,125000,Pune,UPI,2025-12-18,1
3302,9465,Warhi Ramanathan,Laptop,Electronics,5,65000,325000,Bengaluru,Credit Card,2025-08-27,6
3303,4938,Bhavya Shetty,Phone,Electronics,4,25000,100000,Mumbai,Credit Card,2026-03-13,4
3304,7113,Yoshita Bakshi,Laptop,Electronics,5,65000,325000,Delhi,Cash on Delivery,2026-07-24,1
3305,1966,Ishita Bhatti,Laptop,Electronics,3,65000,195000,Mumbai,UPI,2026-01-23,5
3306,3916,Nitara Murty,Phone,Electronics,1,25000,25000,Kolkata,UPI,2026-04-14,7
3307,4046,Saanvi Kala,Shoes,Fashion,3,2500,7500,Chennai,UPI,2025-12-19,6
3308,4725,Garima Krish,Watch,Accessories,3,5000,15000,Kolkata,UPI,2026-04-22,7
3309,1718,Bhavna Bhasin,Headphones,Electronics,2,3000,6000,Delhi,Cash on Delivery,2026-08-04,1
3310,6143,Kiaan Mody,T-Shirt,Fashion,5,800,4000,Delhi,UPI,2026-06-04,4
3311,9260,Dayamai Keer,Phone,Electronics,1,25000,25000,Pune,Net Banking,2026-05-12,6
3312,4719,Unnati Taneja,Phone,Electronics,3,25000,75000,Bengaluru,Net Banking,2025-08-31,5
3313,4495,Ekavir Dhingra,Headphones,Electronics,5,3000,15000,Chennai,Debit Card,2026-02-06,2
3314,8736,Gopal Sarna,Headphones,Electronics,3,3000,9000,Mumbai,Cash on Delivery,2026-05-03,7
3315,9432,Aashi Mall,Shoes,Fashion,5,2500,12500,Bengaluru,Cash on Delivery,2026-01-27,2
3316,2354,Naveen Chacko,T-Shirt,Fashion,5,800,4000,Hyderabad,UPI,2025-08-09,1
3317,3518,Darpan Borah,Phone,Electronics,1,25000,25000,Ahmedabad,Net Banking,2026-05-28,6
3318,4001,Tripti Ahluwalia,Shoes,Fashion,2,2500,5000,Mumbai,Cash on Delivery,2025-12-12,3
3319,8173,Raghav Tata,Phone,Electronics,3,25000,75000,Pune,Net Banking,2026-07-01,7
3320,6527,Yasti Khalsa,Watch,Accessories,2,5000,10000,Bengaluru,Cash on Delivery,2026-01-25,5
3321,9940,Praneel Bhakta,Laptop,Electronics,3,65000,195000,Chennai,UPI,2026-07-27,6
3322,9977,Shivansh Bath,Headphones,Electronics,2,3000,6000,Hyderabad,Debit Card,2026-01-11,3
3323,4198,Gaurangi Mangat,Desk,Furniture,5,7000,35000,Pune,Credit Card,2026-02-07,3
3324,5881,Amara Buch,T-Shirt,Fashion,4,800,3200,Chennai,Credit Card,2026-05-15,5
3325,1869,Harinakshi Memon,Laptop,Electronics,3,65000,195000,Kolkata,Cash on Delivery,2025-10-14,3
3326,6899,Tanmayi Bhavsar,Shoes,Fashion,4,2500,10000,Kolkata,Net Banking,2026-07-15,3
3327,7505,Adya Murthy,Phone,Electronics,3,25000,75000,Bengaluru,Credit Card,2026-05-14,5
3328,1557,Rudra Choudhury,Phone,Electronics,1,25000,25000,Ahmedabad,Debit Card,2026-02-18,1
3329,1451,Jack Viswanathan,Laptop,Electronics,3,65000,195000,Mumbai,Credit Card,2025-09-29,1
3330,8580,Jason Golla,Chair,Furniture,1,4000,4000,Chennai,UPI,2025-12-25,5
3331,3331,Yauvani Balasubramanian,Bottle,Home,1,600,600,Ahmedabad,Debit Card,2026-07-13,6
3332,1884,Yatin Sundaram,Desk,Furniture,4,7000,28000,Bengaluru,Credit Card,2025-11-06,6
3333,7077,Qasim Kuruvilla,Laptop,Electronics,5,65000,325000,Hyderabad,Debit Card,2026-01-17,7
3334,2362,Finn Chahal,Book,Books,3,500,1500,Bengaluru,UPI,2026-05-05,1
3335,8171,Faris Parikh,Shoes,Fashion,2,2500,5000,Ahmedabad,Net Banking,2025-09-14,3
3336,1173,Zayan Shetty,Watch,Accessories,1,5000,5000,Bengaluru,Cash on Delivery,2025-12-30,7
3337,2293,Jeevika Tak,T-Shirt,Fashion,1,800,800,Ahmedabad,UPI,2025-11-07,3
3338,6685,Tanveer Patla,Phone,Electronics,2,25000,50000,Pune,Cash on Delivery,2025-08-24,6
3339,1524,Dalaja Chand,Watch,Accessories,3,5000,15000,Kolkata,Debit Card,2026-02-23,1
3340,2636,Widisha Lall,Chair,Furniture,4,4000,16000,Kolkata,Credit Card,2025-11-25,7
3341,1811,Panini Mann,Phone,Electronics,5,25000,125000,Ahmedabad,Net Banking,2026-07-24,6
3342,4778,Nathan Hayer,Phone,Electronics,1,25000,25000,Mumbai,UPI,2026-01-17,1
3343,4542,Tarak Jhaveri,Bottle,Home,3,600,1800,Pune,UPI,2025-12-22,2
3344,2941,Naveen Ramaswamy,Shoes,Fashion,5,2500,12500,Delhi,Debit Card,2026-03-18,3
3345,4514,Harsh Gade,Phone,Electronics,1,25000,25000,Chennai,UPI,2025-09-08,5
3346,2055,Chanchal Hans,Shoes,Fashion,3,2500,7500,Mumbai,Net Banking,2025-10-06,3
3347,4627,Onkar Venkatesh,Shoes,Fashion,1,2500,2500,Ahmedabad,Net Banking,2026-07-19,5
3348,6884,Siya Sehgal,Watch,Accessories,5,5000,25000,Ahmedabad,Credit Card,2026-05-25,3
3349,3400,Bhavna Buch,Shoes,Fashion,3,2500,7500,Delhi,Debit Card,2026-02-28,4
3350,7677,Vidhi Chhabra,Laptop,Electronics,1,65000,65000,Kolkata,Net Banking,2025-11-15,5
3351,7517,Krish Contractor,Laptop,Electronics,1,65000,65000,Chennai,Net Banking,2026-02-27,1
3352,8196,Ira Kulkarni,Laptop,Electronics,4,65000,260000,Kolkata,Debit Card,2026-05-22,1
3353,8847,Advaith Devi,T-Shirt,Fashion,2,800,1600,Pune,Credit Card,2025-10-01,6
3354,4175,Harsh Ghose,Watch,Accessories,2,5000,10000,Pune,Debit Card,2026-02-19,5
3355,4686,Advika Sagar,Shoes,Fashion,3,2500,7500,Delhi,UPI,2026-02-15,4
3356,3575,Warhi Jhaveri,Headphones,Electronics,4,3000,12000,Ahmedabad,Debit Card,2026-07-26,1
3357,1181,Lipika Seth,Phone,Electronics,3,25000,75000,Mumbai,Cash on Delivery,2025-09-19,2
3358,5179,Teerth Dalal,Bottle,Home,3,600,1800,Bengaluru,Cash on Delivery,2025-09-16,2
3359,9802,Naksh Shenoy,Phone,Electronics,4,25000,100000,Pune,Credit Card,2025-09-22,5
3360,3448,Sudiksha Sen,Laptop,Electronics,2,65000,130000,Hyderabad,Credit Card,2026-05-01,3
3361,2142,Jack Dave,Phone,Electronics,1,25000,25000,Delhi,UPI,2025-08-12,5
3362,1760,Vasana Varughese,Laptop,Electronics,4,65000,260000,Ahmedabad,Credit Card,2026-02-24,1
3363,7783,Jeremiah Anand,Shoes,Fashion,5,2500,12500,Pune,Credit Card,2026-04-27,1
3364,2448,Manan Pau,Phone,Electronics,1,25000,25000,Chennai,Cash on Delivery,2026-06-06,4
3365,1106,Faras Dutta,Phone,Electronics,2,25000,50000,Pune,Debit Card,2025-10-08,4
3366,9897,Vedika Chatterjee,Phone,Electronics,5,25000,125000,Kolkata,Debit Card,2026-01-15,7
3367,2437,Anusha Ghosh,Headphones,Electronics,2,3000,6000,Bengaluru,Net Banking,2026-01-08,6
3368,6106,Lekha Chanda,Headphones,Electronics,4,3000,12000,Bengaluru,Cash on Delivery,2026-08-07,1
3369,7866,Hredhaan Koshy,Phone,Electronics,2,25000,50000,Bengaluru,UPI,2025-08-29,6
3370,6795,Ojas Natt,Phone,Electronics,3,25000,75000,Bengaluru,UPI,2026-08-02,3
3371,1404,Kashish Bhat,Headphones,Electronics,4,3000,12000,Bengaluru,UPI,2026-02-04,4
3372,3655,Nimrat Grover,Phone,Electronics,3,25000,75000,Hyderabad,Net Banking,2025-10-15,1
3373,3756,Riya Deshmukh,Phone,Electronics,4,25000,100000,Mumbai,Net Banking,2026-07-01,6
3374,6776,Ubika Dutt,Shoes,Fashion,1,2500,2500,Mumbai,Net Banking,2026-08-06,5
3375,6997,Pushti Barman,Book,Books,1,500,500,Mumbai,Cash on Delivery,2026-05-05,1
3376,8152,William Salvi,T-Shirt,Fashion,5,800,4000,Hyderabad,Net Banking,2026-02-22,3
3377,2336,Joshua Bose,Phone,Electronics,5,25000,125000,Ahmedabad,Net Banking,2026-01-24,6
3378,3743,Odika Lad,Headphones,Electronics,4,3000,12000,Mumbai,Cash on Delivery,2025-12-15,5
3379,6565,Balendra Tripathi,Headphones,Electronics,1,3000,3000,Hyderabad,Cash on Delivery,2026-06-06,5
3380,4538,Sachi Bhatnagar,T-Shirt,Fashion,5,800,4000,Mumbai,Net Banking,2026-07-29,4
3381,9331,Udant Solanki,Shoes,Fashion,2,2500,5000,Kolkata,Credit Card,2026-07-07,7
3382,6095,Chaitanya Rajagopalan,Headphones,Electronics,3,3000,9000,Delhi,UPI,2026-04-21,5
3383,3662,Yashawini Sampath,Phone,Electronics,4,25000,100000,Delhi,UPI,2025-11-24,2
3384,5825,Wakeeta Wagle,Headphones,Electronics,5,3000,15000,Bengaluru,Credit Card,2025-09-03,2
3385,1969,Vinaya Chaudhuri,Shoes,Fashion,2,2500,5000,Pune,UPI,2025-09-01,3
3386,4463,Rachit Balay,Phone,Electronics,3,25000,75000,Bengaluru,Net Banking,2026-07-25,6
3387,6896,Yauvani Thaker,Phone,Electronics,4,25000,100000,Hyderabad,UPI,2026-04-12,6
3388,3090,Ishita Kamdar,Phone,Electronics,1,25000,25000,Delhi,Credit Card,2025-09-15,1
3389,4588,Bhavna Mander,Phone,Electronics,2,25000,50000,Bengaluru,Credit Card,2025-12-08,6
3390,3083,Diya Nayak,Headphones,Electronics,3,3000,9000,Mumbai,Credit Card,2026-01-26,3
3391,3140,Victor Rao,Shoes,Fashion,1,2500,2500,Mumbai,Cash on Delivery,2026-06-07,3
3392,5152,Manan Lanka,Watch,Accessories,4,5000,20000,Chennai,Credit Card,2025-12-06,1
3393,6643,Anamika Purohit,Shoes,Fashion,1,2500,2500,Hyderabad,Cash on Delivery,2025-11-06,4
3394,2572,Ayushman Bhardwaj,Headphones,Electronics,4,3000,12000,Hyderabad,Credit Card,2026-03-11,7
3395,3652,Bina Ray,Laptop,Electronics,1,65000,65000,Mumbai,Cash on Delivery,2026-06-30,6
3396,8695,Christopher Lala,Watch,Accessories,1,5000,5000,Pune,Cash on Delivery,2026-01-26,7
3397,9698,Caleb Gopal,Shoes,Fashion,2,2500,5000,Hyderabad,UPI,2025-10-28,7
3398,9867,Noah De,Laptop,Electronics,2,65000,130000,Pune,UPI,2026-02-24,5
3399,3471,William Sampath,Phone,Electronics,2,25000,50000,Mumbai,Credit Card,2026-06-13,1
3400,9209,Pahal Sawhney,Headphones,Electronics,1,3000,3000,Delhi,Debit Card,2026-03-14,4
3401,7843,Yagnesh Salvi,Headphones,Electronics,3,3000,9000,Chennai,Cash on Delivery,2026-04-02,7
3402,7277,Lakshit Kurian,Watch,Accessories,1,5000,5000,Hyderabad,Cash on Delivery,2026-07-17,2
3403,7450,Ojas Karnik,Laptop,Electronics,5,65000,325000,Ahmedabad,Debit Card,2026-06-11,1
3404,5173,Ubika Natt,Phone,Electronics,3,25000,75000,Pune,UPI,2025-11-23,4
3405,4216,Pahal Prabhakar,Chair,Furniture,4,4000,16000,Pune,Net Banking,2026-03-10,7
3406,7829,Jack Tank,Phone,Electronics,2,25000,50000,Ahmedabad,UPI,2026-05-14,3
3407,3740,Bahadurjit Ranganathan,Shoes,Fashion,4,2500,10000,Kolkata,Credit Card,2026-05-24,2
3408,3206,Rushil Virk,T-Shirt,Fashion,4,800,3200,Chennai,UPI,2026-03-17,1
3409,5189,Leela Chad,Phone,Electronics,2,25000,50000,Hyderabad,Cash on Delivery,2025-10-12,6
3410,6252,Zarna Narang,Phone,Electronics,3,25000,75000,Pune,Credit Card,2025-12-23,1
3411,1643,William Mohanty,Shoes,Fashion,5,2500,12500,Kolkata,Net Banking,2025-11-07,6
3412,7677,Jason Subramanian,Shoes,Fashion,5,2500,12500,Bengaluru,Credit Card,2026-06-16,6
3413,7230,Turvi Gaba,Phone,Electronics,1,25000,25000,Pune,Credit Card,2026-02-19,2
3414,3195,Ishanvi Bal,Headphones,Electronics,2,3000,6000,Pune,Cash on Delivery,2026-03-19,2
3415,6974,Nihal Gokhale,Watch,Accessories,1,5000,5000,Hyderabad,Credit Card,2026-06-26,2
3416,1569,Anusha Ahluwalia,Phone,Electronics,2,25000,50000,Hyderabad,UPI,2026-02-03,1
3417,9667,Arya Buch,Shoes,Fashion,3,2500,7500,Kolkata,Cash on Delivery,2025-09-06,1
3418,7058,Isaiah Menon,Phone,Electronics,3,25000,75000,Kolkata,Cash on Delivery,2025-08-14,6
3419,9181,Elijah Chada,Headphones,Electronics,3,3000,9000,Ahmedabad,Cash on Delivery,2025-12-31,4
3420,6496,Chaman Khanna,Headphones,Electronics,3,3000,9000,Hyderabad,Debit Card,2026-08-05,2
3421,8736,Frado Sarraf,Headphones,Electronics,5,3000,15000,Pune,Cash on Delivery,2025-10-03,4
3422,9237,Yashica Master,Desk,Furniture,5,7000,35000,Chennai,UPI,2026-02-14,4
3423,3072,Chanakya Hans,Phone,Electronics,3,25000,75000,Mumbai,Credit Card,2025-09-08,3
3424,9773,Rishi Sharaf,Phone,Electronics,1,25000,25000,Delhi,Net Banking,2026-07-30,3
3425,6019,Hredhaan Bail,Book,Books,5,500,2500,Mumbai,Debit Card,2026-03-16,2
3426,3336,Chakradev Mand,T-Shirt,Fashion,5,800,4000,Ahmedabad,Debit Card,2025-10-16,5
3427,8318,Veda Salvi,Phone,Electronics,3,25000,75000,Bengaluru,UPI,2026-03-04,7
3428,8425,Frado Bir,Book,Books,1,500,500,Pune,Credit Card,2026-05-31,2
3429,2944,Shivansh Khatri,Phone,Electronics,5,25000,125000,Pune,Credit Card,2025-11-24,4
3430,1862,Udant Gaba,Phone,Electronics,3,25000,75000,Pune,Net Banking,2026-04-02,5
3431,7806,Eta Madan,Phone,Electronics,2,25000,50000,Mumbai,Debit Card,2026-08-03,7
3432,4497,Triveni Dayal,Phone,Electronics,3,25000,75000,Delhi,Cash on Delivery,2026-06-09,5
3433,4702,Bishakha Lall,Headphones,Electronics,4,3000,12000,Mumbai,UPI,2025-10-18,1
3434,9121,Udyati Bir,Headphones,Electronics,1,3000,3000,Ahmedabad,Credit Card,2026-02-06,2
3435,7035,Urvi Comar,Desk,Furniture,1,7000,7000,Kolkata,UPI,2026-02-10,5
3436,4426,Charan Chawla,Phone,Electronics,2,25000,50000,Ahmedabad,Debit Card,2026-05-14,6
3437,9281,Nilima Singh,Watch,Accessories,4,5000,20000,Kolkata,Debit Card,2025-10-31,3
3438,1796,Jonathan Shenoy,T-Shirt,Fashion,4,800,3200,Mumbai,Cash on Delivery,2026-02-26,2
3439,1414,Yashoda Sharma,Shoes,Fashion,2,2500,5000,Chennai,Debit Card,2025-10-15,6
3440,8286,Hitesh Parsa,T-Shirt,Fashion,2,800,1600,Kolkata,Cash on Delivery,2026-04-21,2
3441,6307,Aishani Bhardwaj,Headphones,Electronics,4,3000,12000,Chennai,Credit Card,2026-02-09,2
3442,5565,Yoshita Dutta,Headphones,Electronics,1,3000,3000,Delhi,UPI,2026-03-26,7
3443,3498,Liam Dewan,Shoes,Fashion,3,2500,7500,Kolkata,Net Banking,2025-11-08,1
3444,6332,Wishi Ghosh,Laptop,Electronics,3,65000,195000,Delhi,UPI,2026-07-02,1
3445,3919,Zilmil Tak,Book,Books,4,500,2000,Bengaluru,UPI,2026-03-17,3
3446,4192,Yug Yohannan,Phone,Electronics,4,25000,100000,Mumbai,Cash on Delivery,2026-07-15,1
3447,3022,Isaiah Loke,Shoes,Fashion,2,2500,5000,Hyderabad,Cash on Delivery,2026-04-12,5
3448,9099,Bahadurjit Mahal,T-Shirt,Fashion,1,800,800,Bengaluru,UPI,2025-09-29,2
3449,6666,Jhalak Krishna,Phone,Electronics,4,25000,100000,Ahmedabad,Credit Card,2026-07-09,5
3450,1438,Yug Wali,T-Shirt,Fashion,2,800,1600,Bengaluru,Net Banking,2025-11-25,6
3451,5032,Gaurika Gandhi,Shoes,Fashion,4,2500,10000,Ahmedabad,Credit Card,2025-10-21,6
3452,6771,Ranbir Anne,Phone,Electronics,5,25000,125000,Hyderabad,Credit Card,2026-02-18,2
3453,4716,Ekavir Taneja,Phone,Electronics,4,25000,100000,Hyderabad,Net Banking,2025-11-16,5
3454,5707,Urvashi Prasad,Shoes,Fashion,1,2500,2500,Ahmedabad,Cash on Delivery,2026-07-01,6
3455,6800,Owen Tella,Shoes,Fashion,2,2500,5000,Hyderabad,Credit Card,2026-06-16,2
3456,9311,Raagini Mishra,Headphones,Electronics,1,3000,3000,Ahmedabad,UPI,2026-01-25,4
3457,8522,Urvashi Sarkar,Phone,Electronics,1,25000,25000,Delhi,Net Banking,2026-07-02,2
3458,2979,Siya Bose,Phone,Electronics,4,25000,100000,Bengaluru,Credit Card,2025-12-06,4
3459,9050,Damyanti Jain,Laptop,Electronics,1,65000,65000,Mumbai,Credit Card,2026-05-07,4
3460,4641,Kevin Sehgal,Laptop,Electronics,5,65000,325000,Bengaluru,UPI,2026-06-10,7
3461,5294,Bimala Pathak,Headphones,Electronics,4,3000,12000,Pune,Cash on Delivery,2026-07-02,4
3462,5303,Charles Puri,Phone,Electronics,4,25000,100000,Bengaluru,Credit Card,2026-05-31,2
3463,3502,Forum Mital,Chair,Furniture,2,4000,8000,Bengaluru,Credit Card,2025-12-05,6
3464,5784,Abhimanyu Ravi,Headphones,Electronics,1,3000,3000,Pune,Credit Card,2026-06-04,3
3465,3527,Tamanna Vala,Headphones,Electronics,5,3000,15000,Bengaluru,Credit Card,2025-12-10,6
3466,1936,Raksha Trivedi,Chair,Furniture,4,4000,16000,Chennai,Credit Card,2025-09-04,7
3467,4458,Omaja Kalla,Watch,Accessories,3,5000,15000,Ahmedabad,UPI,2026-04-08,4
3468,5008,Priya Rau,Phone,Electronics,4,25000,100000,Mumbai,UPI,2026-02-09,5
3469,9057,Eesha Konda,Laptop,Electronics,4,65000,260000,Pune,UPI,2025-12-14,7
3470,6165,Vidhi Pradhan,Phone,Electronics,4,25000,100000,Hyderabad,Net Banking,2026-02-05,3
3471,6307,Amrita Varma,T-Shirt,Fashion,5,800,4000,Bengaluru,UPI,2025-08-09,6
3472,3859,Abeer Dhar,Laptop,Electronics,4,65000,260000,Chennai,UPI,2025-12-06,5
3473,4755,Dominic Ramesh,T-Shirt,Fashion,4,800,3200,Kolkata,Debit Card,2026-01-06,4
3474,8801,Oeshi Sangha,Laptop,Electronics,3,65000,195000,Delhi,Debit Card,2025-08-27,3
3475,3855,Neel Dora,Phone,Electronics,1,25000,25000,Mumbai,Debit Card,2025-10-08,1
3476,2179,Manan Mander,Headphones,Electronics,3,3000,9000,Mumbai,Net Banking,2026-07-24,7
3477,6405,Arin Atwal,Book,Books,3,500,1500,Chennai,Debit Card,2026-06-08,1
3478,7159,Osha Om,Headphones,Electronics,1,3000,3000,Hyderabad,Net Banking,2026-07-25,3
3479,6861,Luke Chanda,Headphones,Electronics,4,3000,12000,Bengaluru,UPI,2026-05-01,4
3480,1297,Oviya Saxena,T-Shirt,Fashion,2,800,1600,Pune,Credit Card,2026-03-19,4
3481,2165,Nandini Kumer,Chair,Furniture,1,4000,4000,Kolkata,UPI,2026-04-12,2
3482,3452,Manbir Solanki,Shoes,Fashion,1,2500,2500,Pune,UPI,2025-12-29,2
3483,7611,Rayaan Singh,Headphones,Electronics,4,3000,12000,Kolkata,Net Banking,2025-09-12,5
3484,1595,Rishi Bose,Shoes,Fashion,4,2500,10000,Kolkata,Credit Card,2026-04-25,1
3485,8927,Warda Kumer,Phone,Electronics,4,25000,100000,Hyderabad,UPI,2026-06-30,7
3486,3160,Darsh Sawhney,Shoes,Fashion,2,2500,5000,Kolkata,Cash on Delivery,2025-11-16,6
3487,6556,Harinakshi Thakkar,T-Shirt,Fashion,4,800,3200,Kolkata,Net Banking,2025-08-19,4
3488,6058,Upasna Mammen,Phone,Electronics,2,25000,50000,Hyderabad,UPI,2026-03-23,5
3489,6387,Zashil Oommen,Laptop,Electronics,4,65000,260000,Pune,Credit Card,2026-05-27,1
3490,6486,Bhavini Chaudhry,Chair,Furniture,5,4000,20000,Bengaluru,Credit Card,2026-07-20,1
3491,2983,Neel Prabhu,Phone,Electronics,2,25000,50000,Mumbai,Debit Card,2026-05-05,7
3492,8967,Siya Golla,Laptop,Electronics,3,65000,195000,Chennai,Debit Card,2026-07-18,3
3493,5654,Praneel Tak,Headphones,Electronics,4,3000,12000,Kolkata,UPI,2026-01-22,6
3494,7895,Vinaya Chowdhury,Laptop,Electronics,2,65000,130000,Kolkata,Cash on Delivery,2026-01-17,3
3495,9133,Girish Edwin,Phone,Electronics,4,25000,100000,Chennai,Debit Card,2026-03-04,5
3496,6071,Logan Morar,Headphones,Electronics,4,3000,12000,Mumbai,Cash on Delivery,2025-10-14,7
3497,7989,Indrajit Saxena,Phone,Electronics,3,25000,75000,Delhi,Debit Card,2026-03-01,7
3498,7663,Charles Ramesh,Phone,Electronics,1,25000,25000,Hyderabad,Debit Card,2026-01-08,3
3499,4263,Yashodhara Kamdar,Shoes,Fashion,4,2500,10000,Delhi,Net Banking,2025-10-11,6
3500,7989,Hredhaan Mane,Phone,Electronics,3,25000,75000,Bengaluru,Cash on Delivery,2025-08-18,4
3501,6867,Jonathan Kar,Laptop,Electronics,5,65000,325000,Bengaluru,Net Banking,2025-12-06,6
3502,4373,Michael Kuruvilla,Phone,Electronics,3,25000,75000,Delhi,Debit Card,2026-07-22,5
3503,3936,Alka Buch,Headphones,Electronics,1,3000,3000,Ahmedabad,Debit Card,2026-06-27,1
3504,8580,Samar Prakash,Phone,Electronics,2,25000,50000,Chennai,Credit Card,2026-05-24,4
3505,6144,Aishani Hari,Phone,Electronics,1,25000,25000,Pune,Net Banking,2025-12-09,5
3506,6495,Maanas De,T-Shirt,Fashion,5,800,4000,Chennai,Debit Card,2026-01-22,3
3507,5063,Bachittar Morar,Headphones,Electronics,4,3000,12000,Pune,Debit Card,2026-02-11,7
3508,4627,Aachal Kohli,Phone,Electronics,3,25000,75000,Pune,Debit Card,2026-01-26,7
3509,2987,Logan Dhawan,Laptop,Electronics,3,65000,195000,Chennai,Net Banking,2026-04-06,5
3510,4972,Rachana Hayer,Headphones,Electronics,5,3000,15000,Pune,Debit Card,2026-02-15,5
3511,5417,Yadavi Virk,Headphones,Electronics,2,3000,6000,Chennai,Debit Card,2026-05-23,1
3512,3807,Chaitaly Goda,Headphones,Electronics,5,3000,15000,Bengaluru,Credit Card,2025-10-31,1
3513,7883,Vedika Dugar,Headphones,Electronics,5,3000,15000,Bengaluru,Net Banking,2025-08-19,6
3514,9735,Ria Bhatnagar,Headphones,Electronics,2,3000,6000,Pune,UPI,2025-12-19,2
3515,8299,Kritika Sanghvi,Phone,Electronics,1,25000,25000,Bengaluru,UPI,2025-12-29,6
3516,1710,Hitesh Varughese,Phone,Electronics,4,25000,100000,Kolkata,Debit Card,2026-05-30,3
3517,6697,Vedika Deo,Watch,Accessories,5,5000,25000,Hyderabad,Debit Card,2026-01-31,6
3518,7070,Chakrika Gill,Shoes,Fashion,4,2500,10000,Ahmedabad,Cash on Delivery,2026-07-12,7
3519,1610,Radha Cherian,Headphones,Electronics,2,3000,6000,Hyderabad,UPI,2026-04-05,1
3520,8091,Timothy More,Phone,Electronics,5,25000,125000,Pune,Cash on Delivery,2025-09-21,1
3521,4660,Tanay Balay,Phone,Electronics,5,25000,125000,Delhi,UPI,2025-09-25,2
3522,2747,Laban Wali,Watch,Accessories,3,5000,15000,Bengaluru,UPI,2026-03-25,2
3523,6461,Atharv Mallick,Shoes,Fashion,4,2500,10000,Chennai,Debit Card,2026-02-06,5
3524,4118,Jagat Nagarajan,Shoes,Fashion,4,2500,10000,Ahmedabad,Net Banking,2025-11-17,3
3525,1037,Jatin Sawhney,Shoes,Fashion,4,2500,10000,Chennai,UPI,2025-11-06,5
3526,5277,Mekhala Ramanathan,Shoes,Fashion,1,2500,2500,Ahmedabad,Net Banking,2025-10-05,3
3527,7497,Ridhi Dua,Phone,Electronics,3,25000,75000,Chennai,Credit Card,2025-09-03,1
3528,7078,Ekavir Shere,Laptop,Electronics,5,65000,325000,Delhi,Credit Card,2025-10-08,3
3529,7674,Kabir Nayar,Watch,Accessories,2,5000,10000,Bengaluru,Credit Card,2025-10-12,1
3530,6079,Maanav Buch,Watch,Accessories,2,5000,10000,Kolkata,Debit Card,2026-07-07,2
3531,2765,Aachal Mukherjee,Phone,Electronics,2,25000,50000,Delhi,Debit Card,2025-12-26,2
3532,7810,Zilmil Dyal,Shoes,Fashion,5,2500,12500,Chennai,Net Banking,2025-10-29,7
3533,6141,Krisha More,Laptop,Electronics,5,65000,325000,Bengaluru,Net Banking,2026-03-29,7
3534,1821,Harrison Dave,Phone,Electronics,5,25000,125000,Bengaluru,UPI,2026-06-10,6
3535,8178,Kritika Patel,Shoes,Fashion,4,2500,10000,Pune,UPI,2025-11-04,4
3536,5949,Lucky Sur,Phone,Electronics,1,25000,25000,Hyderabad,Debit Card,2026-01-02,1
3537,7006,Vamakshi Bhat,Phone,Electronics,5,25000,125000,Delhi,Credit Card,2026-06-15,2
3538,5592,Udant Apte,T-Shirt,Fashion,5,800,4000,Chennai,Cash on Delivery,2026-05-11,3
3539,3612,Raagini Sandhu,Phone,Electronics,3,25000,75000,Hyderabad,Credit Card,2026-05-08,2
3540,4830,Hemang Swaminathan,Headphones,Electronics,2,3000,6000,Delhi,Credit Card,2025-10-19,1
3541,2766,Ekaja Brahmbhatt,Phone,Electronics,4,25000,100000,Hyderabad,Credit Card,2026-02-05,1
3542,4232,Liam Gole,Phone,Electronics,2,25000,50000,Pune,Cash on Delivery,2025-09-23,4
3543,8008,Vedika Sami,Headphones,Electronics,1,3000,3000,Kolkata,Debit Card,2025-12-02,7
3544,3326,Imaran Deshmukh,Laptop,Electronics,4,65000,260000,Kolkata,Net Banking,2025-08-28,5
3545,5081,Waida Nagy,Phone,Electronics,3,25000,75000,Delhi,Credit Card,2025-11-01,3
3546,1918,Hamsini Manda,Shoes,Fashion,2,2500,5000,Mumbai,Credit Card,2026-01-18,2
3547,5232,Isaac Din,Shoes,Fashion,5,2500,12500,Kolkata,Credit Card,2026-05-26,2
3548,3159,Hiral Bava,Laptop,Electronics,3,65000,195000,Delhi,Credit Card,2026-08-04,5
3549,1268,Advika Basu,Phone,Electronics,1,25000,25000,Mumbai,Cash on Delivery,2025-08-19,6
3550,3169,Bhavika Chahal,Phone,Electronics,2,25000,50000,Pune,UPI,2025-10-17,3
3551,5242,Vansha Dugar,Laptop,Electronics,4,65000,260000,Kolkata,UPI,2026-06-10,7
3552,6261,Nirja Agrawal,Book,Books,4,500,2000,Pune,Cash on Delivery,2026-06-07,1
3553,3996,Tanvi Issac,Shoes,Fashion,5,2500,12500,Pune,UPI,2026-03-02,4
3554,4725,Irya Buch,Phone,Electronics,5,25000,125000,Kolkata,Credit Card,2025-09-15,7
3555,6562,Damini Rout,Shoes,Fashion,2,2500,5000,Mumbai,Credit Card,2026-07-20,2
3556,6623,Saksham Tandon,Phone,Electronics,1,25000,25000,Chennai,Cash on Delivery,2025-11-07,7
3557,9308,Yadavi Sane,Headphones,Electronics,3,3000,9000,Bengaluru,Credit Card,2026-03-08,4
3558,8395,Rajata Ram,Phone,Electronics,2,25000,50000,Mumbai,Credit Card,2026-07-04,1
3559,1772,Frederick Ghose,Phone,Electronics,1,25000,25000,Mumbai,Net Banking,2025-11-21,4
3560,4861,Rudra Golla,Chair,Furniture,1,4000,4000,Ahmedabad,Net Banking,2026-06-30,4
3561,1819,Arya Buch,T-Shirt,Fashion,5,800,4000,Mumbai,Cash on Delivery,2026-01-14,7
3562,5773,Suhani Prakash,Laptop,Electronics,4,65000,260000,Delhi,Credit Card,2025-10-30,5
3563,5125,Dalaja Nath,Phone,Electronics,1,25000,25000,Ahmedabad,Credit Card,2025-09-11,5
3564,9093,Arunima Shan,Phone,Electronics,1,25000,25000,Mumbai,Credit Card,2025-09-25,2
3565,7353,Aarnav Bawa,Phone,Electronics,4,25000,100000,Pune,Credit Card,2026-06-21,2
3566,3679,Elijah Karpe,Headphones,Electronics,2,3000,6000,Delhi,Debit Card,2025-11-04,7
3567,2851,Naveen Mammen,Phone,Electronics,2,25000,50000,Chennai,Credit Card,2025-08-16,4
3568,7266,Leena Pall,Shoes,Fashion,3,2500,7500,Hyderabad,Credit Card,2026-05-05,6
3569,4203,Zashil Verma,Shoes,Fashion,5,2500,12500,Hyderabad,Debit Card,2026-03-06,3
3570,5992,Indali Sethi,Phone,Electronics,1,25000,25000,Kolkata,Net Banking,2025-12-15,5
3571,1192,Anjali Kuruvilla,Headphones,Electronics,3,3000,9000,Pune,Cash on Delivery,2026-04-18,1
3572,7130,Yahvi Ravi,T-Shirt,Fashion,1,800,800,Chennai,Net Banking,2026-04-11,6
3573,6131,Girish Chahal,Phone,Electronics,5,25000,125000,Hyderabad,Cash on Delivery,2026-07-22,4
3574,7508,Balhaar Lad,Phone,Electronics,2,25000,50000,Chennai,Credit Card,2026-08-03,2
3575,6186,Suhani Ratti,Desk,Furniture,5,7000,35000,Chennai,Credit Card,2026-03-31,3
3576,8768,Frado Mann,Phone,Electronics,4,25000,100000,Ahmedabad,Credit Card,2026-03-03,2
3577,3516,Raghav Vohra,Book,Books,5,500,2500,Delhi,Cash on Delivery,2026-05-29,1
3578,9892,Dominic Mammen,Watch,Accessories,3,5000,15000,Mumbai,Credit Card,2025-12-15,7
3579,7043,Kavya Acharya,Shoes,Fashion,1,2500,2500,Bengaluru,Credit Card,2026-06-28,5
3580,6285,Nitara Kakar,Phone,Electronics,1,25000,25000,Chennai,Credit Card,2026-03-22,1
3581,6174,Banjeet Ganesh,Phone,Electronics,3,25000,75000,Chennai,Credit Card,2025-12-20,4
3582,7694,Indira Kala,Phone,Electronics,2,25000,50000,Bengaluru,Net Banking,2026-08-06,6
3583,1700,Manya Chand,Phone,Electronics,2,25000,50000,Chennai,Cash on Delivery,2025-12-04,1
3584,9427,Aayush Kunda,Phone,Electronics,3,25000,75000,Delhi,Net Banking,2026-05-27,3
3585,2752,Maanas Deep,Laptop,Electronics,2,65000,130000,Hyderabad,Net Banking,2025-10-25,7
3586,5466,Janaki Devan,Watch,Accessories,1,5000,5000,Hyderabad,Credit Card,2026-05-27,1
3587,3896,Nidhi Mitter,T-Shirt,Fashion,1,800,800,Bengaluru,UPI,2025-09-16,7
3588,7096,Advaith Desai,Phone,Electronics,1,25000,25000,Pune,Net Banking,2026-04-05,6
3589,7102,Tanvi Sama,Book,Books,1,500,500,Bengaluru,Cash on Delivery,2026-05-03,5
3590,7577,Ranveer Bora,Headphones,Electronics,4,3000,12000,Pune,UPI,2026-05-18,1
3591,9697,Turvi Handa,T-Shirt,Fashion,1,800,800,Ahmedabad,Debit Card,2026-02-24,5
3592,6067,Niharika Pandey,Headphones,Electronics,4,3000,12000,Pune,Credit Card,2026-03-28,7
3593,1697,Tejas Basak,T-Shirt,Fashion,1,800,800,Chennai,Credit Card,2025-12-21,5
3594,8245,Nirja Rao,Book,Books,4,500,2000,Kolkata,Credit Card,2026-03-24,7
3595,7352,Gopal Tella,Phone,Electronics,3,25000,75000,Chennai,Debit Card,2025-10-05,7
3596,2945,Xalak Balakrishnan,Phone,Electronics,3,25000,75000,Chennai,Credit Card,2026-06-07,2
3597,2831,Laksh Din,Phone,Electronics,2,25000,50000,Bengaluru,Cash on Delivery,2026-01-16,7
3598,4167,Bahadurjit Varma,Phone,Electronics,1,25000,25000,Bengaluru,UPI,2025-10-11,3
3599,5658,Harsh Gara,Shoes,Fashion,1,2500,2500,Bengaluru,Net Banking,2026-03-16,3
3600,5610,Chaitaly Mann,Headphones,Electronics,1,3000,3000,Kolkata,Net Banking,2026-02-22,5
3601,2475,Zayan De,T-Shirt,Fashion,1,800,800,Kolkata,Net Banking,2026-03-14,4
3602,5549,Bhanumati Nagi,Phone,Electronics,4,25000,100000,Mumbai,Credit Card,2025-11-17,5
3603,1326,Hamsini Sarkar,Shoes,Fashion,1,2500,2500,Delhi,Credit Card,2026-01-10,4
3604,3754,Faras Krishnamurthy,Headphones,Electronics,1,3000,3000,Delhi,UPI,2026-05-29,1
3605,3642,Chakradev Hayer,Phone,Electronics,2,25000,50000,Ahmedabad,Credit Card,2025-11-21,5
3606,1063,Vyanjana Divan,Phone,Electronics,1,25000,25000,Ahmedabad,UPI,2025-11-11,3
3607,5002,Aarav Banerjee,T-Shirt,Fashion,3,800,2400,Hyderabad,Net Banking,2026-03-08,6
3608,3651,Faraj Master,Laptop,Electronics,3,65000,195000,Chennai,Net Banking,2025-12-17,2
3609,2023,George Bawa,Shoes,Fashion,5,2500,12500,Delhi,Cash on Delivery,2025-09-05,4
3610,3687,Chavvi Andra,Headphones,Electronics,4,3000,12000,Kolkata,Cash on Delivery,2026-04-26,2
3611,4388,Ekaja Bedi,Watch,Accessories,2,5000,10000,Chennai,Credit Card,2025-08-21,2
3612,2364,Vedant Choudhary,T-Shirt,Fashion,4,800,3200,Ahmedabad,UPI,2026-03-02,6
3613,3900,Kamya Sarin,Chair,Furniture,4,4000,16000,Chennai,Cash on Delivery,2026-01-10,1
3614,5992,Sanaya Krishna,Phone,Electronics,5,25000,125000,Mumbai,UPI,2026-07-08,1
3615,3569,Lipika Chakraborty,Phone,Electronics,5,25000,125000,Hyderabad,Credit Card,2025-09-26,6
3616,9856,Darsh Grewal,Shoes,Fashion,1,2500,2500,Hyderabad,Debit Card,2025-10-17,2
3617,2037,Krishna Biswas,Headphones,Electronics,5,3000,15000,Kolkata,Debit Card,2026-08-03,6
3618,7652,Chameli Mital,Desk,Furniture,1,7000,7000,Kolkata,Cash on Delivery,2025-09-02,4
3619,7922,Varenya Sarma,Laptop,Electronics,1,65000,65000,Ahmedabad,Net Banking,2026-01-13,2
3620,9563,Balendra Sagar,Laptop,Electronics,5,65000,325000,Mumbai,Debit Card,2026-06-11,2
3621,3087,Ishaan Bail,T-Shirt,Fashion,5,800,4000,Kolkata,Net Banking,2026-03-09,4
3622,8547,Samaksh Shere,Chair,Furniture,1,4000,4000,Mumbai,Debit Card,2026-07-09,5
3623,5046,Aryan Bhardwaj,Headphones,Electronics,5,3000,15000,Pune,Debit Card,2025-09-13,6
3624,3468,Yahvi Seth,Headphones,Electronics,1,3000,3000,Chennai,Cash on Delivery,2026-04-10,3
3625,9746,Krishna Kar,Shoes,Fashion,4,2500,10000,Chennai,Credit Card,2025-12-05,5
3626,2543,Viraj Dar,Watch,Accessories,5,5000,25000,Bengaluru,Debit Card,2026-04-24,4
3627,9310,Prisha Murty,Phone,Electronics,5,25000,125000,Bengaluru,Debit Card,2025-08-17,3
3628,8129,Arin Saha,Phone,Electronics,3,25000,75000,Delhi,Cash on Delivery,2026-02-12,6
3629,1368,Tanish Batta,Phone,Electronics,2,25000,50000,Kolkata,Debit Card,2026-05-14,6
3630,7750,Sathvik Kannan,Headphones,Electronics,5,3000,15000,Chennai,Net Banking,2026-05-22,3
3631,7493,Mohini Kanda,Laptop,Electronics,4,65000,260000,Kolkata,UPI,2025-11-12,5
3632,8492,Hamsini Mangat,Laptop,Electronics,5,65000,325000,Pune,Cash on Delivery,2025-09-15,3
3633,5656,Guneet Konda,Headphones,Electronics,5,3000,15000,Chennai,Debit Card,2025-11-11,1
3634,9258,Divya Nagar,Chair,Furniture,2,4000,8000,Pune,UPI,2026-06-26,4
3635,8509,Forum Barad,Headphones,Electronics,3,3000,9000,Ahmedabad,Credit Card,2026-01-03,4
3636,9736,Upasna Ghosh,Shoes,Fashion,5,2500,12500,Mumbai,Cash on Delivery,2025-12-18,3
3637,1458,Agastya Bhargava,T-Shirt,Fashion,5,800,4000,Pune,Debit Card,2026-07-07,3
3638,3730,Caleb Date,Laptop,Electronics,5,65000,325000,Chennai,UPI,2026-08-06,3
3639,1514,Urmi Dewan,Chair,Furniture,1,4000,4000,Bengaluru,Cash on Delivery,2025-11-07,2
3640,7499,Lopa Varughese,Chair,Furniture,1,4000,4000,Chennai,Debit Card,2025-10-04,5
3641,1296,Yochana Bajaj,Shoes,Fashion,1,2500,2500,Bengaluru,Debit Card,2025-12-19,5
3642,9521,Lila Natarajan,T-Shirt,Fashion,3,800,2400,Mumbai,Credit Card,2025-11-27,1
3643,4112,Caleb Sengupta,Headphones,Electronics,5,3000,15000,Delhi,Debit Card,2026-01-24,4
3644,4882,Kevin Arya,Phone,Electronics,5,25000,125000,Kolkata,Debit Card,2026-04-09,7
3645,6695,Lajita Shah,Watch,Accessories,1,5000,5000,Chennai,Credit Card,2025-11-12,1
3646,7071,Zarna Suri,Phone,Electronics,4,25000,100000,Delhi,UPI,2026-03-28,1
3647,7395,Nathaniel Majumdar,Phone,Electronics,3,25000,75000,Chennai,UPI,2025-12-29,5
3648,6830,Ekavir Dubey,Watch,Accessories,5,5000,25000,Hyderabad,UPI,2025-10-15,3
3649,5277,Pooja Jain,Phone,Electronics,1,25000,25000,Hyderabad,Cash on Delivery,2026-08-01,5
3650,8077,Ati Karnik,Shoes,Fashion,3,2500,7500,Kolkata,Net Banking,2026-04-22,1
3651,1319,Sai Mangat,Headphones,Electronics,4,3000,12000,Mumbai,Net Banking,2025-12-04,4
3652,1511,Diya Kant,Phone,Electronics,1,25000,25000,Mumbai,Credit Card,2026-01-23,4
3653,1779,Ayaan Bandi,Phone,Electronics,1,25000,25000,Hyderabad,Debit Card,2025-08-23,3
3654,3154,Utkarsh Swaminathan,Phone,Electronics,3,25000,75000,Delhi,Cash on Delivery,2026-03-07,4
3655,7913,Yatin Sarma,Phone,Electronics,3,25000,75000,Chennai,Debit Card,2026-02-11,2
3656,7190,Saksham Menon,Phone,Electronics,1,25000,25000,Bengaluru,Credit Card,2025-11-15,1
3657,8146,Yashvi Varkey,Phone,Electronics,3,25000,75000,Kolkata,Credit Card,2026-04-09,3
3658,4018,Samesh Anne,Desk,Furniture,2,7000,14000,Bengaluru,UPI,2026-06-20,5
3659,4530,Dalaja Loyal,Laptop,Electronics,2,65000,130000,Pune,Cash on Delivery,2026-01-19,7
3660,6034,Lakshit Murthy,Laptop,Electronics,4,65000,260000,Kolkata,Cash on Delivery,2025-12-18,3
3661,7100,Jacob Borah,Headphones,Electronics,3,3000,9000,Hyderabad,Net Banking,2025-10-24,4
3662,4797,Aarnav Gulati,Phone,Electronics,1,25000,25000,Hyderabad,Debit Card,2026-04-22,1
3663,3247,Vrinda Roy,Headphones,Electronics,1,3000,3000,Pune,Debit Card,2025-11-24,6
3664,3723,Irya Choudhry,Phone,Electronics,1,25000,25000,Delhi,UPI,2026-07-24,6
3665,4028,Arin Memon,Phone,Electronics,2,25000,50000,Mumbai,UPI,2025-08-27,6
3666,3345,Hemang Loke,T-Shirt,Fashion,2,800,1600,Kolkata,Cash on Delivery,2026-06-18,2
3667,9782,Baghyawati Nanda,Headphones,Electronics,3,3000,9000,Hyderabad,Net Banking,2026-03-13,3
3668,6320,Azad Radhakrishnan,Headphones,Electronics,3,3000,9000,Bengaluru,Credit Card,2026-04-11,5
3669,6673,Tanmayi Oommen,Shoes,Fashion,2,2500,5000,Bengaluru,Debit Card,2025-11-08,1
3670,6368,Yash Krish,Headphones,Electronics,5,3000,15000,Kolkata,Debit Card,2026-01-09,5
3671,1896,Isaiah Bassi,Laptop,Electronics,1,65000,65000,Ahmedabad,UPI,2025-12-16,5
3672,6951,Oliver Sarin,Watch,Accessories,1,5000,5000,Pune,Net Banking,2025-12-21,1
3673,6034,Ekantika Ravel,Phone,Electronics,4,25000,100000,Pune,Cash on Delivery,2025-11-30,2
3674,6842,Nikita Iyer,T-Shirt,Fashion,2,800,1600,Bengaluru,Debit Card,2025-09-22,4
3675,2837,Bahadurjit Shere,Watch,Accessories,3,5000,15000,Kolkata,UPI,2025-11-08,3
3676,8527,Luke Pant,Headphones,Electronics,5,3000,15000,Hyderabad,Debit Card,2026-01-27,3
3677,4328,Waida Prabhakar,T-Shirt,Fashion,5,800,4000,Delhi,Debit Card,2025-08-18,2
3678,1496,Gaurika Upadhyay,Headphones,Electronics,5,3000,15000,Hyderabad,Credit Card,2026-04-15,1
3679,2362,Farhan Wason,Headphones,Electronics,4,3000,12000,Mumbai,Credit Card,2025-08-27,2
3680,3985,Vincent Mahal,T-Shirt,Fashion,5,800,4000,Chennai,UPI,2025-12-10,5
3681,3868,Gautam Sabharwal,Headphones,Electronics,5,3000,15000,Mumbai,Debit Card,2025-10-30,7
3682,8785,Hamsini Garg,Phone,Electronics,5,25000,125000,Hyderabad,UPI,2025-11-21,3
3683,4013,Advay Mital,T-Shirt,Fashion,4,800,3200,Ahmedabad,UPI,2026-04-28,3
3684,6009,Faqid Wadhwa,Phone,Electronics,4,25000,100000,Chennai,Debit Card,2026-06-18,7
3685,4709,Anamika Basu,Shoes,Fashion,3,2500,7500,Kolkata,Net Banking,2026-05-03,1
3686,2759,Utkarsh Singhal,Phone,Electronics,5,25000,125000,Ahmedabad,Cash on Delivery,2026-07-12,6
3687,5574,Warda Dave,Headphones,Electronics,3,3000,9000,Chennai,Cash on Delivery,2026-03-06,1
3688,7207,Januja Swaminathan,Shoes,Fashion,4,2500,10000,Bengaluru,Net Banking,2026-06-24,7
3689,6085,Oni Dhar,Phone,Electronics,1,25000,25000,Hyderabad,Credit Card,2025-11-03,7
3690,5209,Aditya Menon,Phone,Electronics,5,25000,125000,Chennai,Cash on Delivery,2026-03-01,3
3691,1862,Anjali Batra,Chair,Furniture,3,4000,12000,Delhi,UPI,2026-01-08,1
3692,6575,Ekantika Chatterjee,Laptop,Electronics,5,65000,325000,Kolkata,Credit Card,2026-05-06,5
3693,6576,Rachit Magar,Laptop,Electronics,2,65000,130000,Bengaluru,UPI,2026-05-29,6
3694,7710,Aditya Dass,Laptop,Electronics,5,65000,325000,Pune,Debit Card,2025-11-10,2
3695,5537,Lohit Lad,Shoes,Fashion,4,2500,10000,Pune,Net Banking,2025-10-20,7
3696,8500,David Sampath,Desk,Furniture,5,7000,35000,Ahmedabad,Cash on Delivery,2025-12-10,2
3697,9032,Finn Chada,Headphones,Electronics,3,3000,9000,Ahmedabad,Net Banking,2026-04-18,3
3698,9492,Pratyush Garg,T-Shirt,Fashion,2,800,1600,Mumbai,Net Banking,2026-05-04,1
3699,8227,Reyansh Bora,Phone,Electronics,1,25000,25000,Kolkata,Net Banking,2026-05-06,5
3700,3255,Gagan Khatri,Shoes,Fashion,1,2500,2500,Pune,Net Banking,2025-11-19,5
3701,8403,Oscar Nori,Phone,Electronics,5,25000,125000,Mumbai,Cash on Delivery,2026-06-22,1
3702,9669,Nimrat Mahal,Book,Books,5,500,2500,Pune,Debit Card,2025-09-24,3
3703,4376,Sanaya Loyal,T-Shirt,Fashion,3,800,2400,Chennai,Cash on Delivery,2025-12-06,7
3704,7409,Vivaan Buch,Watch,Accessories,5,5000,25000,Mumbai,UPI,2026-04-10,2
3705,4439,Daksh Chacko,Shoes,Fashion,1,2500,2500,Ahmedabad,Cash on Delivery,2025-12-28,7
3706,5026,Pushti Barad,Headphones,Electronics,1,3000,3000,Kolkata,Net Banking,2025-11-11,1
3707,1186,Hitesh Bedi,Phone,Electronics,3,25000,75000,Delhi,Net Banking,2025-11-06,6
3708,3734,Advika Shere,Book,Books,5,500,2500,Mumbai,Cash on Delivery,2026-01-19,4
3709,6171,Balhaar Saxena,Headphones,Electronics,3,3000,9000,Bengaluru,Net Banking,2026-03-28,7
3710,4403,Charvi Kar,Headphones,Electronics,4,3000,12000,Hyderabad,Debit Card,2026-05-06,1
3711,9267,Isaiah Baral,Shoes,Fashion,3,2500,7500,Delhi,Cash on Delivery,2026-03-06,6
3712,4197,Lakshmi Bhatia,Laptop,Electronics,3,65000,195000,Bengaluru,Cash on Delivery,2026-03-13,1
3713,2996,Osha Bhavsar,Shoes,Fashion,1,2500,2500,Hyderabad,Net Banking,2026-01-19,1
3714,3058,Mitesh Sharaf,Laptop,Electronics,5,65000,325000,Kolkata,Debit Card,2026-04-29,2
3715,6727,Geetika Gandhi,Shoes,Fashion,3,2500,7500,Mumbai,Credit Card,2026-07-29,6
3716,1967,Vivaan Dey,Headphones,Electronics,5,3000,15000,Ahmedabad,Net Banking,2026-03-12,7
3717,3015,Odika Lal,Phone,Electronics,5,25000,125000,Delhi,Debit Card,2025-12-02,3
3718,5904,Yachana Sundaram,Laptop,Electronics,2,65000,130000,Hyderabad,Cash on Delivery,2026-06-20,2
3719,9698,Shivansh Bir,Headphones,Electronics,3,3000,9000,Kolkata,Credit Card,2026-03-17,4
3720,8206,Victor Nagy,T-Shirt,Fashion,2,800,1600,Mumbai,Credit Card,2025-11-23,6
3721,7569,Chasmum Padmanabhan,Phone,Electronics,5,25000,125000,Hyderabad,Credit Card,2025-09-27,3
3722,1988,Farhan Mander,Phone,Electronics,5,25000,125000,Delhi,Debit Card,2026-01-28,5
3723,2480,Joshua Varghese,Phone,Electronics,4,25000,100000,Ahmedabad,Debit Card,2026-04-01,4
3724,6477,Nakul Srivastava,Shoes,Fashion,1,2500,2500,Chennai,Cash on Delivery,2025-12-15,2
3725,4046,Yashodhara Bajwa,Headphones,Electronics,5,3000,15000,Ahmedabad,Debit Card,2026-05-01,7
3726,7223,Omisha Som,Watch,Accessories,1,5000,5000,Pune,Credit Card,2025-11-11,4
3727,1697,Ganga Yadav,Chair,Furniture,5,4000,20000,Bengaluru,Net Banking,2025-08-29,2
3728,8486,Priya Sen,Headphones,Electronics,2,3000,6000,Delhi,Credit Card,2026-03-16,5
3729,7715,Vincent Bansal,Headphones,Electronics,4,3000,12000,Delhi,Debit Card,2026-03-31,2
3730,2346,Amol Dyal,Phone,Electronics,5,25000,125000,Chennai,Debit Card,2025-12-26,3
3731,2254,Ishaan Baral,Laptop,Electronics,4,65000,260000,Delhi,UPI,2025-08-09,5
3732,6297,Urishilla Dewan,Bottle,Home,4,600,2400,Hyderabad,Debit Card,2026-07-26,5
3733,7710,Zarna Gandhi,Watch,Accessories,3,5000,15000,Pune,UPI,2025-08-09,3
3734,4095,Sarthak Thaker,Chair,Furniture,1,4000,4000,Delhi,Credit Card,2026-05-16,4
3735,5326,Odika Parikh,Bottle,Home,1,600,600,Bengaluru,Cash on Delivery,2026-03-01,4
3736,9341,Gautam Batra,Phone,Electronics,2,25000,50000,Mumbai,Debit Card,2026-03-29,6
3737,8426,Janani Anne,Phone,Electronics,3,25000,75000,Mumbai,Net Banking,2026-02-27,7
3738,6193,Yahvi Murthy,Headphones,Electronics,5,3000,15000,Hyderabad,UPI,2026-05-14,5
3739,7854,Faqid Mutti,Headphones,Electronics,1,3000,3000,Kolkata,Cash on Delivery,2025-10-06,3
3740,1058,Meghana Suresh,Shoes,Fashion,5,2500,12500,Bengaluru,Credit Card,2026-05-24,5
3741,9341,Finn Chauhan,Headphones,Electronics,3,3000,9000,Kolkata,Debit Card,2025-08-30,7
3742,2833,Faqid Chowdhury,Phone,Electronics,3,25000,75000,Hyderabad,Debit Card,2026-03-21,5
3743,3224,Xavier Deol,Shoes,Fashion,4,2500,10000,Kolkata,UPI,2025-08-24,4
3744,1348,Bhanumati Nigam,Phone,Electronics,2,25000,50000,Chennai,Net Banking,2026-03-14,5
3745,7287,Pushti Varma,Bottle,Home,1,600,600,Pune,UPI,2025-12-08,2
3746,9255,Veda Rao,Phone,Electronics,2,25000,50000,Mumbai,Net Banking,2025-09-25,4
3747,8261,Jason Bandi,Phone,Electronics,4,25000,100000,Ahmedabad,Net Banking,2025-11-18,2
3748,7630,Waida Seshadri,Shoes,Fashion,2,2500,5000,Pune,Cash on Delivery,2026-01-27,4
3749,2544,Udyati Peri,Laptop,Electronics,3,65000,195000,Hyderabad,UPI,2026-01-28,5
3750,6719,Yoshita Misra,Laptop,Electronics,1,65000,65000,Hyderabad,Net Banking,2025-12-20,7
3751,1379,Abhimanyu Nigam,Shoes,Fashion,4,2500,10000,Bengaluru,Net Banking,2025-10-23,2
3752,5333,Vyanjana Sur,Phone,Electronics,3,25000,75000,Bengaluru,UPI,2026-01-17,3
3753,4811,Urvashi Sama,Laptop,Electronics,2,65000,130000,Mumbai,Net Banking,2026-03-13,1
3754,8376,Varsha Zachariah,Shoes,Fashion,3,2500,7500,Kolkata,Credit Card,2026-03-14,1
3755,2086,Ojas Chana,Phone,Electronics,3,25000,75000,Delhi,UPI,2025-12-14,6
3756,5458,Upadhriti Deep,Shoes,Fashion,5,2500,12500,Mumbai,Net Banking,2025-12-05,2
3757,4935,Urmi Barad,Phone,Electronics,3,25000,75000,Mumbai,UPI,2025-10-04,5
3758,6071,Farhan Mani,Headphones,Electronics,5,3000,15000,Mumbai,Credit Card,2026-05-30,2
3759,8628,Omya Mane,T-Shirt,Fashion,5,800,4000,Delhi,Net Banking,2026-05-20,6
3760,3474,Yasti Kulkarni,Shoes,Fashion,4,2500,10000,Chennai,Debit Card,2026-07-07,7
3761,4353,Udant Kunda,Desk,Furniture,4,7000,28000,Bengaluru,Credit Card,2025-10-26,3
3762,5891,Ishita Anand,Laptop,Electronics,4,65000,260000,Bengaluru,Credit Card,2026-06-18,3
3763,3824,Rajata Chokshi,Laptop,Electronics,2,65000,130000,Chennai,UPI,2025-10-01,1
3764,1845,Jacob Bir,Headphones,Electronics,5,3000,15000,Delhi,Credit Card,2026-01-24,3
3765,2625,Yashica Bath,Phone,Electronics,4,25000,100000,Chennai,Credit Card,2026-03-15,1
3766,9948,Varenya Bera,Headphones,Electronics,2,3000,6000,Chennai,Cash on Delivery,2026-06-26,6
3767,3481,Chaitaly Dhingra,Shoes,Fashion,1,2500,2500,Delhi,UPI,2026-04-21,5
3768,7404,Noah Ganguly,Phone,Electronics,2,25000,50000,Chennai,Credit Card,2026-07-24,1
3769,7705,Zashil Ramaswamy,Headphones,Electronics,2,3000,6000,Delhi,UPI,2026-05-14,3
3770,6128,Dayita Subramaniam,Headphones,Electronics,5,3000,15000,Delhi,UPI,2025-09-19,1
3771,6464,Abhimanyu Swamy,Headphones,Electronics,2,3000,6000,Delhi,UPI,2026-05-12,7
3772,8560,Chandresh Rama,Headphones,Electronics,5,3000,15000,Mumbai,Credit Card,2026-01-21,7
3773,3812,Advik Kohli,T-Shirt,Fashion,4,800,3200,Bengaluru,UPI,2025-12-20,1
3774,1675,Harish Behl,Phone,Electronics,4,25000,100000,Kolkata,UPI,2026-06-04,6
3775,4041,Nimrat Banerjee,Phone,Electronics,2,25000,50000,Mumbai,UPI,2025-10-06,7
3776,5576,Maanas Malhotra,T-Shirt,Fashion,3,800,2400,Chennai,UPI,2025-09-04,4
3777,9964,Mohammed Sen,Phone,Electronics,2,25000,50000,Mumbai,Cash on Delivery,2025-12-25,7
3778,6019,Arin Sha,Laptop,Electronics,3,65000,195000,Hyderabad,Cash on Delivery,2025-08-24,1
3779,4695,Rudra Ramaswamy,Bottle,Home,2,600,1200,Pune,Debit Card,2026-07-25,7
3780,4009,Yug Tank,T-Shirt,Fashion,2,800,1600,Ahmedabad,Credit Card,2026-02-18,1
3781,3360,Bina Mani,Shoes,Fashion,1,2500,2500,Ahmedabad,Credit Card,2025-12-26,2
3782,2348,Advik Khare,Book,Books,3,500,1500,Bengaluru,UPI,2025-08-21,5
3783,8773,Ekaja Pau,Phone,Electronics,4,25000,100000,Bengaluru,Cash on Delivery,2025-09-20,5
3784,7892,Bahadurjit Jaggi,Laptop,Electronics,2,65000,130000,Ahmedabad,Debit Card,2025-11-28,1
3785,8705,Pavani Gade,Phone,Electronics,2,25000,50000,Chennai,UPI,2026-01-11,6
3786,1394,Andrew Puri,Headphones,Electronics,3,3000,9000,Bengaluru,Debit Card,2026-02-28,3
3787,9848,Viraj Chauhan,T-Shirt,Fashion,3,800,2400,Ahmedabad,UPI,2026-01-24,4
3788,2741,Kevin Soman,Laptop,Electronics,1,65000,65000,Mumbai,Debit Card,2026-02-16,5
3789,3797,Ridhi Ghosh,Headphones,Electronics,1,3000,3000,Chennai,Net Banking,2026-07-05,4
3790,9779,Tristan Bose,Bottle,Home,3,600,1800,Chennai,Debit Card,2025-08-08,4
3791,7902,Eta Parikh,Headphones,Electronics,5,3000,15000,Bengaluru,Credit Card,2026-03-13,4
3792,1158,Amaira Vaidya,Phone,Electronics,1,25000,25000,Pune,Debit Card,2026-02-04,4
3793,4780,Kamya Mahajan,Phone,Electronics,5,25000,125000,Kolkata,Net Banking,2025-10-13,1
3794,1532,Keya Sanghvi,Chair,Furniture,1,4000,4000,Kolkata,Debit Card,2026-03-26,5
3795,2404,Chakrika Gade,T-Shirt,Fashion,2,800,1600,Chennai,Debit Card,2026-07-07,1
3796,9668,Aashi Bir,Laptop,Electronics,5,65000,325000,Hyderabad,Cash on Delivery,2026-01-18,5
3797,4233,Ladli Bhardwaj,Chair,Furniture,2,4000,8000,Ahmedabad,Credit Card,2026-04-14,3
3798,8160,Gautami Tella,Headphones,Electronics,5,3000,15000,Pune,Cash on Delivery,2026-05-11,1
3799,4670,Tarak Tailor,Headphones,Electronics,1,3000,3000,Chennai,Debit Card,2026-02-14,3
3800,1159,Ikshita Deshmukh,Headphones,Electronics,2,3000,6000,Bengaluru,UPI,2025-09-28,2
3801,3431,Urvi Parmer,Phone,Electronics,4,25000,100000,Delhi,Debit Card,2025-11-16,3
3802,4568,Harita Tara,Laptop,Electronics,2,65000,130000,Delhi,UPI,2025-12-06,1
3803,7175,Darika Bawa,Laptop,Electronics,5,65000,325000,Hyderabad,Debit Card,2026-06-03,6
3804,8429,Bhavna Iyer,Shoes,Fashion,4,2500,10000,Hyderabad,Net Banking,2025-09-23,1
3805,9456,Jhalak Ghose,Shoes,Fashion,1,2500,2500,Mumbai,UPI,2026-02-28,3
3806,1379,Nathaniel Khosla,Phone,Electronics,1,25000,25000,Mumbai,Cash on Delivery,2025-08-23,5
3807,4851,Sai Chauhan,T-Shirt,Fashion,2,800,1600,Bengaluru,Cash on Delivery,2026-02-28,2
3808,9715,Libni Guha,Desk,Furniture,5,7000,35000,Kolkata,Net Banking,2025-12-13,1
3809,6518,Leela Swaminathan,Phone,Electronics,5,25000,125000,Pune,Net Banking,2026-04-12,7
3810,7967,Harinakshi Walia,Chair,Furniture,5,4000,20000,Kolkata,Debit Card,2025-12-13,4
3811,1377,Chaaya Sathe,Phone,Electronics,1,25000,25000,Pune,Credit Card,2026-06-18,2
3812,5002,Jacob Chaudry,Headphones,Electronics,1,3000,3000,Kolkata,UPI,2025-08-09,1
3813,6215,Shivani Kulkarni,Headphones,Electronics,1,3000,3000,Mumbai,Net Banking,2026-05-16,5
3814,6402,Samaksh Bala,Shoes,Fashion,3,2500,7500,Bengaluru,Net Banking,2026-05-01,7
3815,4098,Manan Master,Phone,Electronics,1,25000,25000,Pune,UPI,2026-02-05,1
3816,4918,Damini Toor,Phone,Electronics,3,25000,75000,Pune,Cash on Delivery,2025-10-10,4
3817,7145,Jason Hari,Laptop,Electronics,3,65000,195000,Pune,Debit Card,2025-08-22,5
3818,7626,Azad Goda,Watch,Accessories,3,5000,15000,Chennai,Cash on Delivery,2025-09-02,2
3819,1959,Ranbir Bobal,Shoes,Fashion,1,2500,2500,Bengaluru,Debit Card,2026-05-30,6
3820,9832,Ishanvi Sane,Shoes,Fashion,2,2500,5000,Mumbai,Net Banking,2026-07-22,2
3821,9410,Jairaj Dutta,Book,Books,2,500,1000,Kolkata,Net Banking,2025-11-10,7
3822,3445,Nitara Srinivas,Phone,Electronics,1,25000,25000,Chennai,Credit Card,2026-05-18,1
3823,2147,Harish Krish,Headphones,Electronics,5,3000,15000,Kolkata,Debit Card,2026-04-29,6
3824,8660,Fiyaz Venkatesh,Phone,Electronics,2,25000,50000,Hyderabad,Debit Card,2026-07-14,6
3825,6104,Maanas Bawa,Chair,Furniture,4,4000,16000,Bengaluru,Credit Card,2025-12-25,3
3826,1137,Urmi Chaudhuri,Bottle,Home,1,600,600,Pune,UPI,2026-03-13,2
3827,3285,Anita Deshpande,Shoes,Fashion,5,2500,12500,Ahmedabad,UPI,2026-05-07,5
3828,2137,Kevin Sarraf,Phone,Electronics,4,25000,100000,Bengaluru,Debit Card,2025-12-14,3
3829,7513,Gayathri Gade,Headphones,Electronics,3,3000,9000,Mumbai,UPI,2026-04-10,1
3830,4589,Tripti Ganesan,Headphones,Electronics,2,3000,6000,Delhi,Debit Card,2026-02-01,4
3831,2396,Krish Gupta,Headphones,Electronics,1,3000,3000,Bengaluru,Net Banking,2026-03-26,2
3832,2419,Laksh Vyas,Headphones,Electronics,4,3000,12000,Delhi,UPI,2026-05-12,6
3833,4285,Aadhya Kakar,Watch,Accessories,2,5000,10000,Bengaluru,Net Banking,2026-06-16,6
3834,2124,Azaan Goel,Bottle,Home,4,600,2400,Ahmedabad,UPI,2026-06-13,2
3835,9722,Dipta Hora,Laptop,Electronics,3,65000,195000,Ahmedabad,UPI,2026-01-23,4
3836,6326,Irya Sama,Shoes,Fashion,4,2500,10000,Hyderabad,Debit Card,2025-11-04,3
3837,6004,Harita Chakraborty,Phone,Electronics,1,25000,25000,Bengaluru,Credit Card,2026-06-05,4
3838,5912,Omaja Zachariah,Headphones,Electronics,2,3000,6000,Chennai,UPI,2025-12-05,1
3839,4876,Amrita Bhagat,Shoes,Fashion,3,2500,7500,Delhi,Debit Card,2026-04-03,4
3840,6064,Meera Pingle,Shoes,Fashion,2,2500,5000,Kolkata,Credit Card,2025-10-11,3
3841,7911,Anvi Dora,Phone,Electronics,5,25000,125000,Mumbai,Cash on Delivery,2026-03-12,4
3842,6207,Zinal Kara,Headphones,Electronics,2,3000,6000,Mumbai,Credit Card,2025-11-23,7
3843,7459,Gautami Devi,Headphones,Electronics,2,3000,6000,Kolkata,UPI,2025-11-15,5
3844,7347,Andrew Raman,Phone,Electronics,4,25000,100000,Ahmedabad,Cash on Delivery,2025-11-12,2
3845,2254,Tamanna Wable,Watch,Accessories,3,5000,15000,Kolkata,Cash on Delivery,2025-09-01,7
3846,5416,Ekansh Nigam,Headphones,Electronics,5,3000,15000,Pune,Cash on Delivery,2025-11-28,4
3847,1984,Xiti Bhavsar,T-Shirt,Fashion,2,800,1600,Hyderabad,Debit Card,2026-07-15,1
3848,9360,Abha Kanda,Laptop,Electronics,1,65000,65000,Pune,Net Banking,2025-11-03,5
3849,3385,Harini Master,Headphones,Electronics,3,3000,9000,Bengaluru,Credit Card,2026-06-26,3
3850,6039,Shivani Thakur,Watch,Accessories,2,5000,10000,Delhi,Debit Card,2026-04-18,6
3851,9973,Charles Kala,Headphones,Electronics,4,3000,12000,Bengaluru,UPI,2026-06-27,2
3852,5141,Forum Raju,Laptop,Electronics,4,65000,260000,Ahmedabad,Credit Card,2026-04-28,3
3853,1281,Sai Devan,Phone,Electronics,2,25000,50000,Chennai,Debit Card,2026-05-15,7
3854,3027,Sanya More,Phone,Electronics,1,25000,25000,Mumbai,Net Banking,2026-06-22,4
3855,2315,Anika Ramakrishnan,T-Shirt,Fashion,5,800,4000,Bengaluru,Cash on Delivery,2026-01-23,2
3856,4825,Vamakshi Jha,Laptop,Electronics,4,65000,260000,Pune,Credit Card,2026-06-28,3
3857,9199,Sai Kaul,Shoes,Fashion,3,2500,7500,Bengaluru,UPI,2026-05-02,5
3858,7877,Triya Srivastava,Headphones,Electronics,5,3000,15000,Delhi,Cash on Delivery,2025-10-24,4
3859,6690,Hamsini Murthy,Phone,Electronics,1,25000,25000,Mumbai,UPI,2025-10-04,1
3860,7079,Lakshit Luthra,Phone,Electronics,2,25000,50000,Pune,Credit Card,2026-05-06,6
3861,4055,Mugdha Jayaraman,Shoes,Fashion,1,2500,2500,Hyderabad,UPI,2025-12-01,1
3862,6094,Orinder Bahl,Shoes,Fashion,1,2500,2500,Chennai,UPI,2026-02-19,7
3863,3331,Keya Warrior,Desk,Furniture,4,7000,28000,Mumbai,Net Banking,2026-07-31,4
3864,4319,Azad Nagar,Laptop,Electronics,1,65000,65000,Bengaluru,UPI,2025-09-07,6
3865,8319,Teerth Magar,Phone,Electronics,5,25000,125000,Delhi,UPI,2026-02-21,1
3866,1216,Ishanvi Sinha,T-Shirt,Fashion,1,800,800,Hyderabad,Debit Card,2026-03-05,4
3867,2752,Krish Dua,T-Shirt,Fashion,2,800,1600,Kolkata,UPI,2025-11-16,5
3868,7798,Chakrika Chokshi,T-Shirt,Fashion,5,800,4000,Delhi,UPI,2026-01-15,6
3869,6812,Omaja Srinivas,T-Shirt,Fashion,2,800,1600,Delhi,Net Banking,2026-07-17,3
3870,8645,Veda Sami,Laptop,Electronics,3,65000,195000,Ahmedabad,Debit Card,2026-01-16,1
3871,4375,Nimrat Nagarajan,Shoes,Fashion,1,2500,2500,Kolkata,Debit Card,2026-05-19,2
3872,2955,Kashvi Mane,Phone,Electronics,2,25000,50000,Delhi,Cash on Delivery,2025-09-22,2
3873,9562,Warjas Gera,Headphones,Electronics,4,3000,12000,Delhi,Cash on Delivery,2026-01-19,2
3874,1921,Irya Contractor,T-Shirt,Fashion,5,800,4000,Hyderabad,Cash on Delivery,2026-03-05,1
3875,7991,Gabriel Ratti,Desk,Furniture,1,7000,7000,Delhi,Net Banking,2026-06-12,6
3876,8700,Aarnav Srivastava,Headphones,Electronics,5,3000,15000,Bengaluru,Credit Card,2026-03-30,2
3877,7294,Kalpit Sarma,Shoes,Fashion,5,2500,12500,Pune,Cash on Delivery,2026-04-01,4
3878,4243,Rachit Borah,T-Shirt,Fashion,5,800,4000,Kolkata,Debit Card,2026-04-29,7
3879,7868,Manbir Bala,Phone,Electronics,4,25000,100000,Mumbai,UPI,2026-06-02,2
3880,1244,Luke Bawa,T-Shirt,Fashion,5,800,4000,Ahmedabad,Debit Card,2026-03-11,4
3881,1515,Indira Chaudhuri,Watch,Accessories,5,5000,25000,Delhi,Credit Card,2025-11-10,6
3882,4181,Jagdish Jaggi,Phone,Electronics,3,25000,75000,Bengaluru,Credit Card,2025-12-22,4
3883,2991,Harini Sathe,Chair,Furniture,2,4000,8000,Chennai,Net Banking,2026-02-16,1
3884,7265,Pahal Rana,T-Shirt,Fashion,4,800,3200,Ahmedabad,Cash on Delivery,2026-03-02,3
3885,1326,Ridhi Raval,Phone,Electronics,4,25000,100000,Chennai,Cash on Delivery,2026-06-14,6
3886,8158,Hema Tailor,Shoes,Fashion,1,2500,2500,Mumbai,Credit Card,2026-01-25,5
3887,3327,Amara Peri,T-Shirt,Fashion,3,800,2400,Mumbai,Debit Card,2026-02-27,1
3888,5885,Jasmit Rege,Shoes,Fashion,4,2500,10000,Bengaluru,Cash on Delivery,2025-10-07,1
3889,4564,Gaurang Minhas,Laptop,Electronics,1,65000,65000,Hyderabad,Debit Card,2026-05-08,1
3890,5227,Charan Varkey,Chair,Furniture,5,4000,20000,Bengaluru,Debit Card,2026-02-12,7
3891,9817,Tanay Kannan,Phone,Electronics,1,25000,25000,Hyderabad,Net Banking,2026-01-31,2
3892,9247,Indali Anne,Phone,Electronics,3,25000,75000,Mumbai,Credit Card,2025-12-27,1
3893,7964,Karan Gupta,Laptop,Electronics,1,65000,65000,Mumbai,UPI,2026-03-29,3
3894,3414,Vasatika Saran,Watch,Accessories,1,5000,5000,Mumbai,Debit Card,2026-06-19,1
3895,7359,Yashoda Mittal,Phone,Electronics,3,25000,75000,Pune,Cash on Delivery,2025-10-22,6
3896,6406,Timothy Amble,T-Shirt,Fashion,2,800,1600,Hyderabad,Debit Card,2026-06-30,5
3897,6338,Rushil Zacharia,Laptop,Electronics,1,65000,65000,Delhi,UPI,2025-11-17,7
3898,7891,Jalsa Majumdar,Phone,Electronics,4,25000,100000,Pune,Credit Card,2026-07-04,4
3899,7954,Rudra Sawhney,Headphones,Electronics,5,3000,15000,Mumbai,Debit Card,2025-11-04,4
3900,6258,Dev Desai,Phone,Electronics,3,25000,75000,Mumbai,Credit Card,2025-12-01,5
3901,9072,Ikbal Doshi,T-Shirt,Fashion,4,800,3200,Ahmedabad,UPI,2026-04-16,2
3902,9155,Ijaya Sarkar,Phone,Electronics,3,25000,75000,Mumbai,Debit Card,2026-04-25,3
3903,1747,Maanas Garde,Phone,Electronics,4,25000,100000,Kolkata,Credit Card,2026-07-14,2
3904,3515,Onkar Krishna,Shoes,Fashion,1,2500,2500,Pune,Debit Card,2025-11-09,4
3905,5590,Qushi Dayal,T-Shirt,Fashion,3,800,2400,Chennai,Cash on Delivery,2026-04-26,4
3906,2059,Maanas Mukherjee,Phone,Electronics,3,25000,75000,Kolkata,UPI,2026-05-26,1
3907,9192,Anthony Chhabra,Headphones,Electronics,1,3000,3000,Kolkata,UPI,2026-04-19,3
3908,8875,Krish Choudhury,Phone,Electronics,3,25000,75000,Hyderabad,Cash on Delivery,2025-09-18,6
3909,2600,Vasudha Deol,Shoes,Fashion,2,2500,5000,Kolkata,Debit Card,2025-08-14,3
3910,1261,Gabriel Srivastava,Chair,Furniture,5,4000,20000,Bengaluru,Cash on Delivery,2026-01-23,3
3911,9245,Wakeeta Nanda,T-Shirt,Fashion,3,800,2400,Ahmedabad,Cash on Delivery,2026-01-31,6
3912,3654,Vincent Munshi,Phone,Electronics,1,25000,25000,Bengaluru,Debit Card,2025-09-23,3
3913,9652,Ganga Barman,T-Shirt,Fashion,4,800,3200,Chennai,Credit Card,2025-09-25,4
3914,5919,Damini Keer,Phone,Electronics,5,25000,125000,Delhi,Cash on Delivery,2026-01-25,4
3915,1168,Dev Nadkarni,Headphones,Electronics,2,3000,6000,Kolkata,Cash on Delivery,2025-08-19,6
3916,2107,Ridhi Venkatesh,Phone,Electronics,4,25000,100000,Hyderabad,Debit Card,2025-12-01,2
3917,8796,Tejas Grewal,Shoes,Fashion,4,2500,10000,Chennai,Credit Card,2026-02-26,3
3918,9667,Keya Mammen,Shoes,Fashion,2,2500,5000,Chennai,Net Banking,2026-08-04,7
3919,7659,Tanvi Naik,Headphones,Electronics,1,3000,3000,Delhi,Debit Card,2026-04-07,5
3920,7445,Shivansh Dua,Book,Books,5,500,2500,Hyderabad,Credit Card,2026-07-11,1
3921,4855,Vansha Goswami,Shoes,Fashion,3,2500,7500,Pune,UPI,2026-07-19,3
3922,3372,Ayushman Wable,T-Shirt,Fashion,5,800,4000,Kolkata,Credit Card,2025-12-28,5
3923,6363,Bakhshi Vasa,Headphones,Electronics,1,3000,3000,Kolkata,Cash on Delivery,2026-05-04,3
3924,4143,Vasatika Mandal,T-Shirt,Fashion,3,800,2400,Ahmedabad,Cash on Delivery,2025-09-13,4
3925,9195,Tanveer Malhotra,Laptop,Electronics,4,65000,260000,Kolkata,Cash on Delivery,2025-11-27,6
3926,3601,Vasudha Bhatia,Phone,Electronics,3,25000,75000,Chennai,UPI,2026-02-10,5
3927,4952,Shivani Tripathi,Shoes,Fashion,1,2500,2500,Pune,Credit Card,2026-04-23,7
3928,7593,Alka Raval,Phone,Electronics,2,25000,50000,Bengaluru,Cash on Delivery,2025-09-23,6
3929,3884,Fariq Gara,Phone,Electronics,1,25000,25000,Bengaluru,Credit Card,2026-05-11,4
3930,8615,Ethan Kari,Phone,Electronics,1,25000,25000,Ahmedabad,Cash on Delivery,2026-03-19,4
3931,2746,Matthew Balay,Shoes,Fashion,4,2500,10000,Chennai,Credit Card,2026-07-15,1
3932,9899,Meghana Mandal,T-Shirt,Fashion,2,800,1600,Ahmedabad,UPI,2026-04-06,3
3933,7621,Mugdha Sidhu,Phone,Electronics,5,25000,125000,Hyderabad,UPI,2025-12-15,3
3934,7960,Triveni Patil,Phone,Electronics,1,25000,25000,Delhi,Credit Card,2025-08-20,5
3935,4066,Rushil Cherian,Watch,Accessories,2,5000,10000,Delhi,Credit Card,2025-10-16,6
3936,1227,Gautam Balay,Headphones,Electronics,5,3000,15000,Mumbai,Debit Card,2025-12-09,2
3937,9117,Vedhika Bandi,Shoes,Fashion,3,2500,7500,Mumbai,UPI,2026-07-30,4
3938,8382,Amaira Golla,Headphones,Electronics,1,3000,3000,Kolkata,UPI,2026-02-28,2
3939,7554,Naveen Khosla,T-Shirt,Fashion,1,800,800,Hyderabad,Cash on Delivery,2025-10-25,7
3940,1176,Shaurya Rout,Laptop,Electronics,3,65000,195000,Delhi,Debit Card,2025-12-27,5
3941,7770,William Dixit,Phone,Electronics,2,25000,50000,Kolkata,Credit Card,2026-04-22,3
3942,4667,Fitan Mandal,Book,Books,4,500,2000,Mumbai,Cash on Delivery,2025-11-15,2
3943,8098,Panini Seshadri,Headphones,Electronics,4,3000,12000,Hyderabad,Net Banking,2026-01-20,1
3944,1532,Zinal Seshadri,Headphones,Electronics,5,3000,15000,Chennai,Debit Card,2026-03-01,3
3945,6325,Kevin Butala,Laptop,Electronics,3,65000,195000,Mumbai,Net Banking,2025-12-09,2
3946,3084,Kamala Brahmbhatt,Shoes,Fashion,2,2500,5000,Kolkata,Credit Card,2026-03-06,7
3947,2425,Utkarsh Chakraborty,Headphones,Electronics,5,3000,15000,Bengaluru,Net Banking,2026-04-27,1
3948,6702,Krishna Goel,T-Shirt,Fashion,2,800,1600,Delhi,Debit Card,2026-07-22,7
3949,1974,Harshil Shere,Headphones,Electronics,4,3000,12000,Bengaluru,Cash on Delivery,2025-12-27,6
3950,6425,Manan Savant,Headphones,Electronics,4,3000,12000,Bengaluru,Cash on Delivery,2025-11-12,7
3951,6831,Akshay Chander,Phone,Electronics,3,25000,75000,Hyderabad,Net Banking,2025-11-25,4
3952,7121,Zinal Bose,Phone,Electronics,5,25000,125000,Delhi,Cash on Delivery,2026-07-04,6
3953,8124,Aayush Ratta,Laptop,Electronics,5,65000,325000,Pune,UPI,2026-04-07,4
3954,7763,Unni Jhaveri,Shoes,Fashion,3,2500,7500,Delhi,Credit Card,2025-11-01,1
3955,3814,Meghana Raval,Headphones,Electronics,1,3000,3000,Delhi,Credit Card,2026-07-17,2
3956,5903,Vaishnavi Kibe,T-Shirt,Fashion,3,800,2400,Hyderabad,Net Banking,2025-12-13,1
3957,1566,Anay Natt,Phone,Electronics,5,25000,125000,Hyderabad,Credit Card,2025-12-11,2
3958,5051,Varenya Choudhury,Phone,Electronics,2,25000,50000,Hyderabad,Credit Card,2026-03-02,1
3959,6857,Bina Nagarajan,Chair,Furniture,2,4000,8000,Mumbai,UPI,2025-12-21,2
3960,6636,Oliver Singhal,T-Shirt,Fashion,3,800,2400,Delhi,UPI,2026-03-08,5
3961,6531,Hredhaan Naidu,Watch,Accessories,2,5000,10000,Pune,Debit Card,2026-04-09,7
3962,4703,Barkha Shenoy,Shoes,Fashion,1,2500,2500,Chennai,Net Banking,2026-06-29,5
3963,5666,Rajata Ramaswamy,T-Shirt,Fashion,5,800,4000,Hyderabad,Net Banking,2026-06-20,2
3964,4157,David Nath,T-Shirt,Fashion,2,800,1600,Bengaluru,Debit Card,2026-07-20,7
3965,7991,Yoshita Patil,Phone,Electronics,2,25000,50000,Bengaluru,UPI,2025-12-29,7
3966,9820,Harsh Mangat,Headphones,Electronics,3,3000,9000,Hyderabad,UPI,2026-04-22,2
3967,5427,Vivaan Patel,T-Shirt,Fashion,3,800,2400,Mumbai,Credit Card,2026-03-03,5
3968,7435,Noah Chaudhary,Laptop,Electronics,3,65000,195000,Ahmedabad,Net Banking,2026-05-11,5
3969,2931,Rachit Keer,Shoes,Fashion,1,2500,2500,Bengaluru,Credit Card,2026-01-28,4
3970,8882,Gunbir Jha,Headphones,Electronics,1,3000,3000,Kolkata,Debit Card,2026-07-12,5
3971,2074,Caleb Karpe,Phone,Electronics,2,25000,50000,Delhi,Cash on Delivery,2026-06-05,2
3972,2522,Lakshit Chana,Headphones,Electronics,3,3000,9000,Hyderabad,Cash on Delivery,2025-08-14,3
3973,3169,Anthony Shere,Shoes,Fashion,1,2500,2500,Bengaluru,Cash on Delivery,2026-05-08,4
3974,2636,David Bobal,Laptop,Electronics,2,65000,130000,Kolkata,Debit Card,2025-10-08,2
3975,7939,Gagan Lal,Shoes,Fashion,2,2500,5000,Pune,Cash on Delivery,2026-03-02,3
3976,7531,Vrishti Mann,Phone,Electronics,5,25000,125000,Pune,Cash on Delivery,2026-02-11,1
3977,1416,Faras Chatterjee,Watch,Accessories,2,5000,10000,Chennai,UPI,2026-05-05,4
3978,1433,Adya Gandhi,T-Shirt,Fashion,2,800,1600,Delhi,Net Banking,2026-03-02,5
3979,5400,Baghyawati Varghese,Phone,Electronics,5,25000,125000,Ahmedabad,Credit Card,2026-02-15,3
3980,2734,Kamala Bhalla,Laptop,Electronics,2,65000,130000,Mumbai,Debit Card,2026-06-03,6
3981,6810,Triya Ramanathan,Phone,Electronics,3,25000,75000,Delhi,Debit Card,2026-06-21,1
3982,2644,Jeevika Halder,Phone,Electronics,2,25000,50000,Mumbai,Debit Card,2025-12-16,2
3983,9477,Xavier Sehgal,Shoes,Fashion,1,2500,2500,Kolkata,Cash on Delivery,2026-03-02,5
3984,5275,Veer Sethi,Headphones,Electronics,2,3000,6000,Kolkata,Net Banking,2026-01-26,2
3985,3151,Ekalinga Oak,Phone,Electronics,3,25000,75000,Bengaluru,UPI,2026-04-30,5
3986,6264,Anita Johal,Headphones,Electronics,3,3000,9000,Mumbai,Net Banking,2025-09-07,2
3987,5956,Yachana Bali,Shoes,Fashion,1,2500,2500,Kolkata,Cash on Delivery,2025-09-11,1
3988,4248,Dev Lala,Headphones,Electronics,4,3000,12000,Hyderabad,Credit Card,2026-07-09,7
3989,8045,Falan Bera,Phone,Electronics,5,25000,125000,Ahmedabad,UPI,2026-01-31,3
3990,3718,Nathan Merchant,Watch,Accessories,1,5000,5000,Ahmedabad,Cash on Delivery,2025-09-27,6
3991,8099,Nakul Iyengar,Headphones,Electronics,3,3000,9000,Pune,UPI,2026-04-22,5
3992,6886,Faras Bali,Phone,Electronics,5,25000,125000,Hyderabad,Net Banking,2026-02-24,2
3993,8163,Oscar Sheth,Chair,Furniture,3,4000,12000,Kolkata,Credit Card,2026-04-29,4
3994,9321,Hemangini Lata,T-Shirt,Fashion,1,800,800,Pune,Cash on Delivery,2026-07-11,4
3995,3757,Ranbir Bahl,Phone,Electronics,5,25000,125000,Ahmedabad,Debit Card,2025-09-01,2
3996,7115,Abha Garg,Watch,Accessories,3,5000,15000,Mumbai,Net Banking,2026-03-27,4
3997,3828,Bishakha Yogi,Phone,Electronics,2,25000,50000,Bengaluru,Debit Card,2026-04-17,1
3998,4004,Chameli Korpal,T-Shirt,Fashion,5,800,4000,Ahmedabad,Cash on Delivery,2026-05-27,2
3999,8327,Jason Palla,T-Shirt,Fashion,3,800,2400,Bengaluru,Net Banking,2026-01-12,4
4000,3953,Robert Gala,Phone,Electronics,3,25000,75000,Delhi,UPI,2026-07-18,7
4001,5025,Varenya Agate,Desk,Furniture,2,7000,14000,Pune,UPI,2026-03-04,3
4002,1187,Dayita Cherian,Headphones,Electronics,2,3000,6000,Delhi,Net Banking,2025-10-02,6
4003,3789,Nachiket Sheth,Shoes,Fashion,4,2500,10000,Kolkata,UPI,2025-10-03,2
4004,5297,Jasmit Das,Headphones,Electronics,1,3000,3000,Ahmedabad,UPI,2025-10-20,5
4005,4032,Hredhaan Saraf,Phone,Electronics,2,25000,50000,Mumbai,Cash on Delivery,2025-10-10,7
4006,1307,Liam Babu,Phone,Electronics,1,25000,25000,Hyderabad,Net Banking,2025-10-02,1
4007,4598,Omya Saran,Laptop,Electronics,1,65000,65000,Hyderabad,Debit Card,2025-12-16,7
4008,3910,Madhav Kannan,Phone,Electronics,5,25000,125000,Bengaluru,Credit Card,2026-01-28,3
4009,2422,Daksha Chaudry,T-Shirt,Fashion,1,800,800,Hyderabad,Cash on Delivery,2026-05-05,7
4010,7879,Mitali Garg,Laptop,Electronics,1,65000,65000,Delhi,Net Banking,2026-02-18,2
4011,6248,Vrinda Sinha,Headphones,Electronics,1,3000,3000,Chennai,Debit Card,2025-11-30,4
4012,1899,Charles Das,Phone,Electronics,4,25000,100000,Kolkata,Cash on Delivery,2025-10-24,7
4013,4578,Azad Kibe,Phone,Electronics,3,25000,75000,Ahmedabad,UPI,2025-12-17,1
4014,8586,Charles Salvi,Headphones,Electronics,2,3000,6000,Bengaluru,Credit Card,2025-09-22,3
4015,7973,Bachittar Yogi,Headphones,Electronics,4,3000,12000,Bengaluru,Credit Card,2026-02-04,6
4016,7723,Max Sekhon,Phone,Electronics,2,25000,50000,Mumbai,UPI,2026-03-27,6
4017,5243,Yauvani Narayanan,Desk,Furniture,5,7000,35000,Pune,UPI,2025-08-14,4
4018,2624,Arjun Talwar,Phone,Electronics,2,25000,50000,Chennai,Debit Card,2025-12-18,3
4019,2905,Kamya Gupta,Watch,Accessories,3,5000,15000,Hyderabad,Cash on Delivery,2026-04-20,2
4020,9574,Meghana Kapadia,Headphones,Electronics,4,3000,12000,Ahmedabad,Cash on Delivery,2026-07-02,4
4021,7913,Ekansh Sankaran,Watch,Accessories,1,5000,5000,Hyderabad,Debit Card,2025-09-11,5
4022,1737,Chaman Buch,Phone,Electronics,5,25000,125000,Pune,Cash on Delivery,2026-07-21,7
4023,6573,Rachita Shan,Laptop,Electronics,3,65000,195000,Mumbai,Net Banking,2025-10-25,5
4024,9100,Yamini Thaker,Headphones,Electronics,1,3000,3000,Hyderabad,Credit Card,2025-11-18,3
4025,3763,Devika Bhat,Shoes,Fashion,1,2500,2500,Pune,Net Banking,2026-03-22,2
4026,5379,Laksh Toor,Headphones,Electronics,3,3000,9000,Mumbai,Cash on Delivery,2025-12-13,2
4027,8018,Bina Kade,Phone,Electronics,3,25000,75000,Ahmedabad,Credit Card,2026-06-15,5
4028,5186,Chatura Chadha,T-Shirt,Fashion,5,800,4000,Kolkata,Net Banking,2025-10-16,7
4029,6880,Vanya Mitter,Bottle,Home,2,600,1200,Pune,Net Banking,2026-07-29,3
4030,3241,Yatan Purohit,Shoes,Fashion,4,2500,10000,Chennai,Net Banking,2025-10-20,5
4031,3833,Idika Kala,Laptop,Electronics,4,65000,260000,Hyderabad,Net Banking,2025-10-04,4
4032,2035,Rajata Rai,Shoes,Fashion,3,2500,7500,Delhi,UPI,2025-09-15,5
4033,6524,Anika Bhatt,Phone,Electronics,5,25000,125000,Ahmedabad,Cash on Delivery,2025-11-23,6
4034,2497,Dalbir Mohanty,Desk,Furniture,2,7000,14000,Chennai,Debit Card,2026-01-18,2
4035,1262,Aarav Vora,Phone,Electronics,5,25000,125000,Delhi,Net Banking,2025-12-30,7
4036,2272,Zaitra Mannan,Phone,Electronics,5,25000,125000,Pune,Cash on Delivery,2025-12-08,1
4037,2537,Rushil Kale,Phone,Electronics,4,25000,100000,Pune,Credit Card,2025-08-20,4
4038,5291,Chakradhar Guha,Headphones,Electronics,5,3000,15000,Pune,Credit Card,2026-06-13,4
4039,2349,Baljiwan Kapadia,Laptop,Electronics,4,65000,260000,Kolkata,Debit Card,2026-07-19,4
4040,8657,Neel Mitter,Phone,Electronics,4,25000,100000,Bengaluru,Cash on Delivery,2025-12-25,7
4041,2100,Priya Vyas,Phone,Electronics,5,25000,125000,Ahmedabad,Debit Card,2026-03-06,6
4042,9479,Banjeet Bhattacharyya,Laptop,Electronics,3,65000,195000,Delhi,UPI,2026-06-03,2
4043,2802,Ekanta Swaminathan,Headphones,Electronics,2,3000,6000,Delhi,Net Banking,2026-01-27,3
4044,7308,Girindra Borah,Phone,Electronics,4,25000,100000,Delhi,Debit Card,2026-01-04,2
4045,1545,Anthony Salvi,Phone,Electronics,4,25000,100000,Ahmedabad,UPI,2025-12-09,2
4046,5374,Nicholas Cheema,Shoes,Fashion,4,2500,10000,Chennai,Net Banking,2026-06-27,5
4047,7493,Warjas Bassi,Phone,Electronics,1,25000,25000,Kolkata,Cash on Delivery,2026-07-17,6
4048,8716,Ayush Kata,Phone,Electronics,4,25000,100000,Mumbai,Net Banking,2026-03-19,2
4049,7891,Garima Sodhi,Phone,Electronics,2,25000,50000,Chennai,Cash on Delivery,2025-09-05,5
4050,1264,Madhav Jhaveri,Shoes,Fashion,1,2500,2500,Kolkata,Net Banking,2026-04-03,6
4051,4572,Raghav Suresh,Headphones,Electronics,3,3000,9000,Ahmedabad,Net Banking,2025-10-22,7
4052,8712,Isaac Kashyap,T-Shirt,Fashion,4,800,3200,Hyderabad,Net Banking,2026-01-08,4
4053,9438,Sudiksha Bose,Phone,Electronics,2,25000,50000,Kolkata,Cash on Delivery,2025-08-14,1
4054,6286,Falguni Mahajan,Shoes,Fashion,3,2500,7500,Delhi,Debit Card,2026-04-10,5
4055,8461,Janaki Ahluwalia,Phone,Electronics,1,25000,25000,Delhi,Debit Card,2025-12-12,6
4056,2273,Ojasvi Rajan,Watch,Accessories,4,5000,20000,Chennai,Cash on Delivery,2025-08-21,1
4057,4060,Janaki Pathak,Headphones,Electronics,2,3000,6000,Delhi,UPI,2026-06-18,4
4058,1242,Qabil Shetty,T-Shirt,Fashion,5,800,4000,Kolkata,Credit Card,2025-12-18,7
4059,9338,Vrinda Dave,Headphones,Electronics,2,3000,6000,Mumbai,Net Banking,2025-08-20,7
4060,9036,Hemal Suri,Headphones,Electronics,2,3000,6000,Mumbai,Net Banking,2026-06-16,2
4061,4343,Chakradev Luthra,Headphones,Electronics,3,3000,9000,Hyderabad,Cash on Delivery,2026-03-12,1
4062,9747,Tara Saxena,Headphones,Electronics,1,3000,3000,Chennai,Debit Card,2026-04-19,5
4063,5783,Idika Mand,Phone,Electronics,4,25000,100000,Bengaluru,UPI,2025-12-11,2
4064,9774,Pallavi Deep,Shoes,Fashion,5,2500,12500,Hyderabad,UPI,2026-04-24,6
4065,5955,Aadi Ray,T-Shirt,Fashion,3,800,2400,Delhi,UPI,2026-05-18,3
4066,7857,Widisha Talwar,Phone,Electronics,5,25000,125000,Kolkata,UPI,2026-07-29,4
4067,6570,Onveer Johal,Headphones,Electronics,1,3000,3000,Kolkata,Credit Card,2026-07-27,1
4068,9691,Praneel Iyengar,Phone,Electronics,5,25000,125000,Bengaluru,Debit Card,2026-01-02,2
4069,5553,Aadhya Aggarwal,Headphones,Electronics,5,3000,15000,Hyderabad,UPI,2025-10-11,6
4070,8633,Avi Sharaf,Phone,Electronics,1,25000,25000,Mumbai,Cash on Delivery,2026-04-13,4
4071,7330,Nikita Andra,Headphones,Electronics,1,3000,3000,Chennai,Debit Card,2026-07-17,6
4072,6631,Gaurika Deep,Phone,Electronics,1,25000,25000,Delhi,UPI,2026-03-18,4
4073,3325,Ekaja Som,Shoes,Fashion,3,2500,7500,Mumbai,Debit Card,2026-04-23,1
4074,1759,Meera Sodhi,Phone,Electronics,4,25000,100000,Mumbai,Cash on Delivery,2026-04-20,1
4075,7754,Ekantika Bakshi,Desk,Furniture,2,7000,14000,Pune,UPI,2025-12-12,4
4076,1509,Chatresh Dora,Watch,Accessories,2,5000,10000,Delhi,Net Banking,2025-09-08,6
4077,8442,Forum Thakkar,Watch,Accessories,1,5000,5000,Bengaluru,Cash on Delivery,2025-11-27,2
4078,7793,Ansh Solanki,Headphones,Electronics,5,3000,15000,Bengaluru,Debit Card,2026-02-26,7
4079,6345,Yasti Tara,Phone,Electronics,5,25000,125000,Delhi,UPI,2026-06-16,4
4080,6552,Vedika Goyal,Phone,Electronics,5,25000,125000,Bengaluru,Cash on Delivery,2026-06-12,6
4081,7864,Alka Aurora,Phone,Electronics,1,25000,25000,Delhi,Cash on Delivery,2026-01-23,5
4082,7305,Yug Desai,Shoes,Fashion,5,2500,12500,Mumbai,Credit Card,2026-02-13,7
4083,3169,Barkha Bajaj,Headphones,Electronics,4,3000,12000,Delhi,Net Banking,2026-04-16,1
4084,4933,Damyanti Dasgupta,Headphones,Electronics,1,3000,3000,Mumbai,Cash on Delivery,2025-12-28,1
4085,7902,Vedika Patil,Shoes,Fashion,2,2500,5000,Hyderabad,Debit Card,2026-03-18,3
4086,7250,Lopa Sehgal,Phone,Electronics,3,25000,75000,Bengaluru,Debit Card,2026-01-08,3
4087,1096,Liam Sidhu,Bottle,Home,4,600,2400,Mumbai,Credit Card,2025-09-28,1
4088,3336,Zilmil Narula,Shoes,Fashion,3,2500,7500,Pune,Credit Card,2025-12-30,6
4089,7681,Tamanna Buch,Watch,Accessories,2,5000,10000,Delhi,Net Banking,2026-02-23,1
4090,4650,Ekansh Karan,Desk,Furniture,2,7000,14000,Kolkata,Debit Card,2026-07-27,2
4091,5362,Azaan Varughese,Laptop,Electronics,5,65000,325000,Kolkata,Cash on Delivery,2025-10-17,7
4092,5094,Mekhala Srivastava,T-Shirt,Fashion,1,800,800,Chennai,Cash on Delivery,2025-11-02,1
4093,4969,Kamya Bakshi,Phone,Electronics,3,25000,75000,Chennai,Debit Card,2025-11-19,2
4094,1688,Ganga Barman,T-Shirt,Fashion,3,800,2400,Ahmedabad,Debit Card,2025-09-15,2
4095,5191,Ganga Seshadri,Shoes,Fashion,4,2500,10000,Mumbai,Net Banking,2026-01-23,7
4096,5561,Ayush Sagar,Headphones,Electronics,3,3000,9000,Delhi,Credit Card,2026-07-20,7
4097,9356,Caleb Jaggi,Headphones,Electronics,3,3000,9000,Bengaluru,UPI,2026-08-05,3
4098,8401,Krisha Manne,Watch,Accessories,5,5000,25000,Kolkata,Credit Card,2026-07-25,5
4099,7735,Yashoda Loke,Phone,Electronics,4,25000,100000,Bengaluru,Credit Card,2026-06-28,2
4100,7244,Charles Gade,Phone,Electronics,1,25000,25000,Chennai,Cash on Delivery,2025-11-08,5
4101,7680,Nilima Sheth,T-Shirt,Fashion,5,800,4000,Pune,Net Banking,2025-09-03,1
4102,6085,Dakshesh Butala,Phone,Electronics,5,25000,125000,Kolkata,Credit Card,2026-04-13,2
4103,4047,Fariq Pai,Shoes,Fashion,3,2500,7500,Chennai,Credit Card,2025-10-17,2
4104,3110,Warinder Kibe,Chair,Furniture,5,4000,20000,Delhi,Cash on Delivery,2025-11-12,4
4105,7687,Neelima Bobal,Phone,Electronics,4,25000,100000,Bengaluru,Credit Card,2025-12-29,3
4106,3528,Saumya Sankar,Phone,Electronics,5,25000,125000,Hyderabad,Credit Card,2025-11-23,3
4107,7550,Utkarsh Ganguly,T-Shirt,Fashion,4,800,3200,Kolkata,Cash on Delivery,2026-02-26,4
4108,8107,Leena Kara,Shoes,Fashion,3,2500,7500,Delhi,Debit Card,2026-03-22,1
4109,3828,Udyati Nazareth,Phone,Electronics,5,25000,125000,Delhi,Net Banking,2025-08-17,7
4110,5047,Jyoti Sodhi,T-Shirt,Fashion,5,800,4000,Mumbai,Debit Card,2026-07-17,2
4111,2386,Falan Nagarajan,Shoes,Fashion,2,2500,5000,Bengaluru,Credit Card,2025-11-19,4
4112,2089,Yahvi Narasimhan,Laptop,Electronics,1,65000,65000,Pune,Debit Card,2025-12-06,1
4113,7535,Vasatika Ahluwalia,Shoes,Fashion,4,2500,10000,Bengaluru,Net Banking,2026-03-01,6
4114,5996,Aradhana Sethi,Shoes,Fashion,1,2500,2500,Hyderabad,UPI,2025-12-16,7
4115,2158,Upasna Mann,Phone,Electronics,5,25000,125000,Hyderabad,Debit Card,2025-12-27,1
4116,9121,Qushi Sandal,Laptop,Electronics,5,65000,325000,Ahmedabad,Credit Card,2025-10-04,6
4117,3169,Amaira Kota,T-Shirt,Fashion,4,800,3200,Delhi,Net Banking,2026-03-07,5
4118,7287,Victor Prashad,Headphones,Electronics,3,3000,9000,Pune,Credit Card,2026-03-18,6
4119,5863,Chaitaly Modi,T-Shirt,Fashion,2,800,1600,Delhi,Debit Card,2025-10-30,5
4120,1911,Bimala Walla,Chair,Furniture,2,4000,8000,Bengaluru,Credit Card,2026-08-03,3
4121,8937,Aarini Viswanathan,T-Shirt,Fashion,1,800,800,Chennai,Cash on Delivery,2026-05-30,5
4122,5276,Yashodhara Roy,Desk,Furniture,1,7000,7000,Chennai,Credit Card,2026-03-15,5
4123,1556,Tripti Amble,Desk,Furniture,5,7000,35000,Ahmedabad,Cash on Delivery,2026-04-12,5
4124,2395,Rishi Luthra,Phone,Electronics,1,25000,25000,Kolkata,Debit Card,2026-06-25,2
4125,8349,Balendra Singh,Shoes,Fashion,1,2500,2500,Chennai,Cash on Delivery,2025-08-09,1
4126,6459,Qasim Sami,Desk,Furniture,4,7000,28000,Kolkata,Credit Card,2025-10-03,7
4127,1110,Jackson Magar,T-Shirt,Fashion,3,800,2400,Pune,Credit Card,2026-03-30,7
4128,5220,Upasna Vig,Desk,Furniture,4,7000,28000,Mumbai,Credit Card,2025-11-28,3
4129,4181,Henry Dubey,Phone,Electronics,1,25000,25000,Kolkata,Net Banking,2025-09-29,3
4130,1208,Falak Khare,Watch,Accessories,1,5000,5000,Delhi,Cash on Delivery,2026-01-12,4
4131,2200,Alexander Kumer,Headphones,Electronics,2,3000,6000,Kolkata,Debit Card,2026-04-11,1
4132,3938,Henry Patla,Phone,Electronics,1,25000,25000,Delhi,Credit Card,2026-04-23,6
4133,2162,Zansi Mishra,Phone,Electronics,5,25000,125000,Hyderabad,Net Banking,2026-01-25,4
4134,1660,Tanish Kari,Phone,Electronics,4,25000,100000,Hyderabad,Debit Card,2025-12-11,6
4135,6087,Ekaraj Maharaj,Phone,Electronics,3,25000,75000,Pune,Cash on Delivery,2026-05-29,3
4136,5438,Ekta Chakrabarti,Headphones,Electronics,1,3000,3000,Kolkata,Cash on Delivery,2026-03-01,1
4137,7815,Noah Rege,Headphones,Electronics,5,3000,15000,Bengaluru,Credit Card,2026-01-21,3
4138,8707,Bhavani Lall,Bottle,Home,1,600,600,Chennai,Debit Card,2025-12-13,1
4139,2168,Neha Kothari,T-Shirt,Fashion,5,800,4000,Kolkata,UPI,2025-10-18,6
4140,2471,Jason Sarin,Headphones,Electronics,3,3000,9000,Kolkata,Credit Card,2026-08-07,6
4141,6687,Dhriti Wali,Phone,Electronics,5,25000,125000,Mumbai,Debit Card,2026-01-26,3
4142,1606,Unnati Sachar,Phone,Electronics,3,25000,75000,Mumbai,Net Banking,2025-12-05,7
4143,6641,Anthony Mander,Phone,Electronics,1,25000,25000,Ahmedabad,Net Banking,2026-02-09,6
4144,6258,Adya Kade,Laptop,Electronics,1,65000,65000,Kolkata,Debit Card,2025-09-22,3
4145,7429,Ekapad Lala,Shoes,Fashion,5,2500,12500,Ahmedabad,Credit Card,2026-08-01,5
4146,1768,Avni Varkey,Shoes,Fashion,4,2500,10000,Kolkata,Cash on Delivery,2025-10-24,1
4147,5027,Isaiah Nigam,Laptop,Electronics,1,65000,65000,Delhi,Debit Card,2026-01-28,3
4148,9840,Frado Thaker,Watch,Accessories,1,5000,5000,Pune,UPI,2025-11-07,7
4149,3451,Maanav Basu,Phone,Electronics,5,25000,125000,Bengaluru,UPI,2025-09-28,7
4150,7268,Ekaraj Chacko,Headphones,Electronics,2,3000,6000,Chennai,Credit Card,2026-06-29,7
4151,4908,Rajata Chanda,Desk,Furniture,1,7000,7000,Ahmedabad,Net Banking,2026-04-12,5
4152,1344,Ganga Kumer,Phone,Electronics,3,25000,75000,Kolkata,Net Banking,2025-12-04,5
4153,6270,Sarthak Panchal,Laptop,Electronics,4,65000,260000,Bengaluru,Net Banking,2025-11-13,6
4154,5628,Chatura Mohanty,Phone,Electronics,4,25000,100000,Chennai,Net Banking,2026-03-07,2
4155,6612,Sanya Nath,Watch,Accessories,2,5000,10000,Chennai,Credit Card,2025-08-26,2
4156,8674,Pahal Mall,Laptop,Electronics,2,65000,130000,Pune,Debit Card,2026-02-08,7
4157,1875,Anya Soni,Laptop,Electronics,5,65000,325000,Chennai,Cash on Delivery,2026-01-12,1
4158,8912,Arin Ramaswamy,Headphones,Electronics,5,3000,15000,Delhi,Net Banking,2025-09-26,2
4159,2518,Mugdha Bali,Laptop,Electronics,1,65000,65000,Pune,Credit Card,2026-06-19,1
4160,7386,Anamika Modi,Laptop,Electronics,2,65000,130000,Chennai,UPI,2026-04-18,1
4161,6546,Vedant Agrawal,Phone,Electronics,3,25000,75000,Delhi,Debit Card,2025-10-14,2
4162,4055,Vyanjana Aurora,T-Shirt,Fashion,2,800,1600,Mumbai,UPI,2026-01-05,5
4163,5837,Dalaja Sami,Shoes,Fashion,1,2500,2500,Kolkata,Credit Card,2025-11-09,2
4164,8706,Ayush Bhakta,Laptop,Electronics,2,65000,130000,Delhi,Cash on Delivery,2026-03-14,4
4165,5563,Bakhshi Goel,Chair,Furniture,3,4000,12000,Pune,Cash on Delivery,2026-07-26,6
4166,9713,Maya Chhabra,Shoes,Fashion,1,2500,2500,Bengaluru,Credit Card,2026-05-14,1
4167,5739,Frado Tandon,Headphones,Electronics,1,3000,3000,Chennai,UPI,2026-05-03,7
4168,4995,Maya Yadav,Shoes,Fashion,3,2500,7500,Pune,Cash on Delivery,2026-02-25,7
4169,7687,Bhavna Anand,Headphones,Electronics,4,3000,12000,Bengaluru,Cash on Delivery,2025-09-18,2
4170,7159,Faqid Nath,Phone,Electronics,5,25000,125000,Delhi,Debit Card,2025-11-15,2
4171,7297,Ekaraj Ratta,Chair,Furniture,2,4000,8000,Mumbai,Net Banking,2026-01-11,3
4172,8965,Kalpit Kade,Laptop,Electronics,3,65000,195000,Kolkata,UPI,2026-08-03,2
4173,7574,Atharv Dada,Book,Books,5,500,2500,Delhi,Debit Card,2026-06-13,7
4174,1680,Eiravati Hayre,Laptop,Electronics,2,65000,130000,Chennai,Cash on Delivery,2025-10-11,2
4175,7077,Chandran Sandal,Headphones,Electronics,1,3000,3000,Delhi,Credit Card,2026-06-29,6
4176,8027,Zayan Sundaram,Headphones,Electronics,1,3000,3000,Pune,UPI,2026-03-10,5
4177,1179,Yachana Deshmukh,Headphones,Electronics,1,3000,3000,Hyderabad,Net Banking,2026-03-13,1
4178,1961,Tanveer Hans,Headphones,Electronics,2,3000,6000,Hyderabad,UPI,2026-01-21,2
4179,5297,Ranveer Kaur,Phone,Electronics,1,25000,25000,Ahmedabad,Credit Card,2026-02-12,6
4180,7078,Sneha Sridhar,Phone,Electronics,4,25000,100000,Kolkata,Net Banking,2025-11-01,3
4181,4058,Aayush Sura,Phone,Electronics,1,25000,25000,Chennai,UPI,2026-02-08,1
4182,8051,Yug Bhatnagar,Shoes,Fashion,5,2500,12500,Delhi,Credit Card,2025-12-20,7
4183,9077,Dominic Raj,Chair,Furniture,3,4000,12000,Pune,Debit Card,2025-11-11,3
4184,3245,Ayaan Kant,T-Shirt,Fashion,5,800,4000,Delhi,Debit Card,2026-06-28,3
4185,5612,Hamsini Khurana,Shoes,Fashion,5,2500,12500,Pune,Debit Card,2026-06-13,2
4186,1266,Mohini Divan,Headphones,Electronics,1,3000,3000,Mumbai,Net Banking,2025-12-14,5
4187,9673,Leela Handa,Phone,Electronics,3,25000,75000,Hyderabad,Debit Card,2026-02-10,7
4188,7523,Ira Kata,T-Shirt,Fashion,3,800,2400,Chennai,Credit Card,2025-09-19,7
4189,3447,Meghana Devi,Phone,Electronics,3,25000,75000,Mumbai,Cash on Delivery,2026-03-17,5
4190,7674,Simon Goel,Headphones,Electronics,3,3000,9000,Chennai,UPI,2025-12-12,2
4191,2680,Avni Kapoor,Chair,Furniture,4,4000,16000,Chennai,Credit Card,2026-07-04,3
4192,8334,Reva Shan,Headphones,Electronics,1,3000,3000,Delhi,Debit Card,2026-02-23,4
4193,7907,Waida Dara,Watch,Accessories,2,5000,10000,Chennai,UPI,2025-09-26,2
4194,6996,Shivansh Chowdhury,Phone,Electronics,1,25000,25000,Ahmedabad,UPI,2026-03-19,1
4195,1071,Jacob Narayanan,Phone,Electronics,2,25000,50000,Mumbai,Cash on Delivery,2026-06-22,2
4196,7933,Zinal Rajagopal,Shoes,Fashion,1,2500,2500,Kolkata,UPI,2025-12-24,3
4197,9627,Frederick Maharaj,Headphones,Electronics,3,3000,9000,Kolkata,Net Banking,2026-07-26,1
4198,5188,Gavin Dhawan,Phone,Electronics,2,25000,50000,Pune,UPI,2026-05-12,2
4199,6039,Simon Murthy,Phone,Electronics,3,25000,75000,Kolkata,Net Banking,2025-10-19,3
4200,5328,Daniel Thakur,Laptop,Electronics,4,65000,260000,Ahmedabad,Credit Card,2026-07-12,1
4201,8660,Yochana Walla,Shoes,Fashion,3,2500,7500,Delhi,Debit Card,2026-07-14,6
4202,2309,Manan Palla,Headphones,Electronics,5,3000,15000,Chennai,Cash on Delivery,2026-03-31,6
4203,4519,Bachittar Borra,Desk,Furniture,4,7000,28000,Chennai,Debit Card,2026-02-03,4
4204,4851,Yutika Narayan,Watch,Accessories,5,5000,25000,Hyderabad,Debit Card,2025-09-27,6
4205,8536,Xavier Aggarwal,Shoes,Fashion,3,2500,7500,Chennai,Net Banking,2026-07-04,1
4206,1805,Shivansh Vaidya,Phone,Electronics,4,25000,100000,Bengaluru,Credit Card,2026-07-04,6
4207,2453,Jack Mangal,Shoes,Fashion,4,2500,10000,Pune,Credit Card,2026-02-04,7
4208,4041,Avni Naidu,Laptop,Electronics,1,65000,65000,Bengaluru,UPI,2025-08-25,5
4209,4963,Aarnav Bal,Phone,Electronics,4,25000,100000,Hyderabad,Credit Card,2025-09-19,7
4210,8848,Aarush Mangat,T-Shirt,Fashion,5,800,4000,Hyderabad,Credit Card,2025-11-05,2
4211,5736,Faris Soni,Headphones,Electronics,4,3000,12000,Pune,UPI,2026-06-21,2
4212,6278,Anthony Manne,Watch,Accessories,2,5000,10000,Hyderabad,Credit Card,2026-02-02,7
4213,7161,Ekansh Chaudhari,Phone,Electronics,4,25000,100000,Bengaluru,Debit Card,2026-03-01,2
4214,3612,Omisha Sankaran,Headphones,Electronics,2,3000,6000,Hyderabad,Net Banking,2026-04-13,7
4215,1765,Nisha Batra,Phone,Electronics,2,25000,50000,Bengaluru,Credit Card,2026-08-06,6
4216,2538,Theodore Dhingra,Phone,Electronics,5,25000,125000,Pune,UPI,2025-10-29,1
4217,4734,Pranav Vaidya,Headphones,Electronics,2,3000,6000,Bengaluru,Net Banking,2026-01-07,3
4218,5864,Janani Sha,Phone,Electronics,2,25000,50000,Kolkata,UPI,2026-05-29,5
4219,1148,Zansi Banerjee,Headphones,Electronics,2,3000,6000,Kolkata,Debit Card,2026-03-10,7
4220,6378,Sneha Shanker,Phone,Electronics,1,25000,25000,Pune,Debit Card,2026-01-20,2
4221,8250,Chanchal Wable,Watch,Accessories,1,5000,5000,Ahmedabad,Cash on Delivery,2025-10-19,5
4222,2137,Fiyaz Brahmbhatt,Shoes,Fashion,5,2500,12500,Hyderabad,Net Banking,2026-03-04,2
4223,7444,Henry Parikh,Phone,Electronics,1,25000,25000,Pune,Credit Card,2025-09-04,2
4224,8086,Patrick Pradhan,Shoes,Fashion,2,2500,5000,Bengaluru,Credit Card,2026-03-04,4
4225,4577,Yauvani Dar,Headphones,Electronics,4,3000,12000,Hyderabad,UPI,2026-04-12,4
4226,1553,Yashica Gara,Watch,Accessories,5,5000,25000,Chennai,Cash on Delivery,2025-09-19,3
4227,8257,Kashish Ganguly,Shoes,Fashion,1,2500,2500,Delhi,Credit Card,2025-10-15,5
4228,7200,Yauvani Suresh,Phone,Electronics,2,25000,50000,Delhi,Debit Card,2025-08-23,5
4229,9248,Advaith Nair,Phone,Electronics,5,25000,125000,Pune,Credit Card,2026-01-19,6
4230,8748,Hamsini Karan,Phone,Electronics,1,25000,25000,Pune,UPI,2025-11-05,2
4231,1303,Turvi Sarin,Watch,Accessories,3,5000,15000,Chennai,Cash on Delivery,2025-11-11,7
4232,3736,Sneha Thaman,T-Shirt,Fashion,5,800,4000,Chennai,Cash on Delivery,2026-06-26,4
4233,1039,Tripti Pall,Phone,Electronics,5,25000,125000,Chennai,Credit Card,2026-05-25,1
4234,7632,Baghyawati Chand,T-Shirt,Fashion,2,800,1600,Hyderabad,Net Banking,2025-08-27,6
4235,5298,Anita Wadhwa,Bottle,Home,4,600,2400,Chennai,UPI,2026-06-08,3
4236,6161,Yachana Balasubramanian,Headphones,Electronics,3,3000,9000,Kolkata,Net Banking,2026-01-19,2
4237,8936,Daniel Bajwa,Phone,Electronics,2,25000,50000,Pune,Net Banking,2025-10-30,7
4238,9291,Hemang Kaul,Laptop,Electronics,5,65000,325000,Chennai,UPI,2025-12-26,5
4239,6137,Tripti Ramesh,Shoes,Fashion,3,2500,7500,Delhi,Debit Card,2026-07-19,5
4240,3341,Isaiah Sha,Shoes,Fashion,2,2500,5000,Chennai,Cash on Delivery,2026-04-02,3
4241,4644,Mekhala Behl,Phone,Electronics,2,25000,50000,Pune,Cash on Delivery,2026-05-20,1
4242,9979,Anya Dayal,Phone,Electronics,2,25000,50000,Mumbai,UPI,2025-08-20,3
4243,6561,Joshua Rana,Shoes,Fashion,5,2500,12500,Hyderabad,Debit Card,2026-07-11,1
4244,3989,Pranav Varma,Laptop,Electronics,1,65000,65000,Kolkata,Cash on Delivery,2026-03-13,6
4245,3252,Aarna Apte,Shoes,Fashion,2,2500,5000,Hyderabad,Net Banking,2025-12-03,5
4246,9154,Anusha Kala,Shoes,Fashion,3,2500,7500,Pune,Credit Card,2025-10-10,7
4247,6587,Fariq Upadhyay,Watch,Accessories,2,5000,10000,Chennai,Cash on Delivery,2025-08-08,6
4248,2052,Aarini Shetty,Headphones,Electronics,4,3000,12000,Bengaluru,Credit Card,2026-03-30,2
4249,8914,Sanya Mohanty,Headphones,Electronics,5,3000,15000,Delhi,Debit Card,2025-10-14,6
4250,2104,Ayush Khare,Headphones,Electronics,3,3000,9000,Chennai,Net Banking,2026-03-29,1
4251,4275,Urishilla Thaker,Phone,Electronics,1,25000,25000,Pune,Net Banking,2025-12-26,6
4252,8660,Tanish Dutt,Phone,Electronics,3,25000,75000,Pune,Cash on Delivery,2025-08-12,1
4253,9442,Wazir Apte,T-Shirt,Fashion,3,800,2400,Chennai,Cash on Delivery,2025-12-15,5
4254,4158,Chanchal Dass,Phone,Electronics,4,25000,100000,Hyderabad,UPI,2026-06-24,7
4255,3525,Hemani Nigam,Shoes,Fashion,4,2500,10000,Hyderabad,Cash on Delivery,2025-12-28,7
4256,1972,Sudiksha Loyal,Phone,Electronics,5,25000,125000,Bengaluru,Cash on Delivery,2026-05-23,1
4257,1121,Anya Basu,Phone,Electronics,2,25000,50000,Mumbai,Cash on Delivery,2025-08-12,3
4258,8366,Qadim Loke,Phone,Electronics,3,25000,75000,Chennai,Debit Card,2026-03-03,3
4259,7530,Samarth Keer,Headphones,Electronics,5,3000,15000,Ahmedabad,Debit Card,2026-01-26,7
4260,6768,Krish Din,T-Shirt,Fashion,4,800,3200,Mumbai,Credit Card,2025-09-28,3
4261,1093,Utkarsh Lata,Headphones,Electronics,3,3000,9000,Delhi,UPI,2025-12-11,4
4262,9536,Sanaya Sahota,Headphones,Electronics,3,3000,9000,Chennai,Net Banking,2025-12-14,7
4263,6855,Mitesh Lal,Phone,Electronics,1,25000,25000,Mumbai,Cash on Delivery,2026-07-02,4
4264,2745,Advika Sawhney,Phone,Electronics,3,25000,75000,Bengaluru,Credit Card,2025-08-09,3
4265,2125,Nihal Gaba,Watch,Accessories,3,5000,15000,Kolkata,Debit Card,2025-10-02,1
4266,4302,Warjas Mani,Phone,Electronics,2,25000,50000,Chennai,Net Banking,2025-11-21,4
4267,6214,Bhavna Jha,Laptop,Electronics,2,65000,130000,Kolkata,UPI,2025-08-18,6
4268,5016,Jagrati Oza,Laptop,Electronics,1,65000,65000,Chennai,Credit Card,2026-05-19,1
4269,5387,Upasna Mody,Watch,Accessories,3,5000,15000,Bengaluru,Credit Card,2025-08-12,5
4270,3840,Qasim Tara,Shoes,Fashion,1,2500,2500,Delhi,Debit Card,2026-06-02,6
4271,9760,Shravya Balay,Laptop,Electronics,5,65000,325000,Hyderabad,UPI,2026-06-12,5
4272,2133,Chaaya Chowdhury,T-Shirt,Fashion,3,800,2400,Hyderabad,Debit Card,2026-06-01,6
4273,8098,Gavin Soni,Headphones,Electronics,5,3000,15000,Mumbai,Net Banking,2025-10-10,4
4274,8978,Zashil Gopal,Headphones,Electronics,5,3000,15000,Bengaluru,Debit Card,2025-12-04,3
4275,5402,Sneha Kaur,Bottle,Home,5,600,3000,Mumbai,Credit Card,2026-01-15,3
4276,9628,Nisha Chad,Phone,Electronics,3,25000,75000,Delhi,Debit Card,2025-08-19,3
4277,4352,Yagnesh Grover,Book,Books,4,500,2000,Ahmedabad,Cash on Delivery,2026-06-19,7
4278,9346,Pooja Sachdeva,Shoes,Fashion,3,2500,7500,Delhi,Net Banking,2026-03-03,3
4279,5115,Libni Batta,Headphones,Electronics,2,3000,6000,Delhi,Debit Card,2025-10-31,5
4280,1739,Timothy Kata,T-Shirt,Fashion,5,800,4000,Bengaluru,Cash on Delivery,2026-04-05,1
4281,5111,Neel Venkatesh,Phone,Electronics,5,25000,125000,Pune,Credit Card,2026-02-03,6
4282,4821,Noah Kannan,Watch,Accessories,1,5000,5000,Mumbai,Debit Card,2026-01-23,5
4283,6441,Triveni Narasimhan,Shoes,Fashion,2,2500,5000,Pune,Net Banking,2026-05-26,7
4284,4132,Avni Gara,Watch,Accessories,4,5000,20000,Pune,Credit Card,2026-01-29,1
4285,8209,Aradhana Grewal,Phone,Electronics,5,25000,125000,Kolkata,Cash on Delivery,2025-12-26,3
4286,6940,Gautami Lanka,Headphones,Electronics,4,3000,12000,Ahmedabad,UPI,2026-04-02,6
4287,7969,Tanish Guha,Phone,Electronics,5,25000,125000,Pune,Net Banking,2026-07-28,6
4288,9206,Hiral Bajaj,Phone,Electronics,1,25000,25000,Bengaluru,Net Banking,2025-11-14,3
4289,7495,Tanmayi Garg,T-Shirt,Fashion,5,800,4000,Pune,UPI,2025-12-01,5
4290,4600,Bhanumati Prasad,Headphones,Electronics,2,3000,6000,Bengaluru,Cash on Delivery,2026-01-17,1
4291,9988,Veer Dhingra,Shoes,Fashion,3,2500,7500,Chennai,Net Banking,2025-11-22,7
4292,7881,Gautam Bhatia,Phone,Electronics,4,25000,100000,Kolkata,Debit Card,2026-02-22,5
4293,4153,Qasim Nayar,Phone,Electronics,4,25000,100000,Delhi,Cash on Delivery,2025-09-07,4
4294,4500,Vihaan Lalla,Phone,Electronics,5,25000,125000,Mumbai,Debit Card,2026-02-09,1
4295,2479,Manan Solanki,Bottle,Home,5,600,3000,Kolkata,Net Banking,2025-10-26,5
4296,7250,Lekha Verma,Phone,Electronics,2,25000,50000,Ahmedabad,Debit Card,2026-07-16,5
4297,9990,Bhavika Cheema,Phone,Electronics,5,25000,125000,Delhi,Cash on Delivery,2025-10-21,2
4298,3366,Bahadurjit Vohra,Phone,Electronics,4,25000,100000,Hyderabad,Cash on Delivery,2026-06-17,1
4299,1441,Manthan Rama,Headphones,Electronics,5,3000,15000,Bengaluru,Credit Card,2026-01-21,2
4300,1927,Falguni Singh,Headphones,Electronics,5,3000,15000,Delhi,Cash on Delivery,2025-09-07,3
4301,8340,Lavanya Malhotra,T-Shirt,Fashion,5,800,4000,Delhi,Net Banking,2026-05-06,3
4302,6291,Xalak Baria,T-Shirt,Fashion,4,800,3200,Pune,UPI,2026-01-06,6
4303,9133,Imaran Dutta,T-Shirt,Fashion,4,800,3200,Ahmedabad,Debit Card,2026-06-19,2
4304,9923,Dalbir Sha,Headphones,Electronics,1,3000,3000,Delhi,Cash on Delivery,2026-03-08,6
4305,2086,Kai Sama,Phone,Electronics,5,25000,125000,Ahmedabad,Net Banking,2026-02-13,1
4306,1951,Faraj Vaidya,Phone,Electronics,5,25000,125000,Pune,Debit Card,2025-09-15,5
4307,3746,Tanmayi Dugal,Bottle,Home,4,600,2400,Chennai,Net Banking,2025-08-15,2
4308,9384,Simon Majumdar,Headphones,Electronics,5,3000,15000,Kolkata,Cash on Delivery,2025-11-17,2
4309,1276,Netra Doctor,Headphones,Electronics,2,3000,6000,Kolkata,Cash on Delivery,2025-10-28,1
4310,7539,Xavier Karpe,Phone,Electronics,5,25000,125000,Mumbai,Credit Card,2026-03-16,1
4311,1456,Sathvik Agrawal,Desk,Furniture,5,7000,35000,Ahmedabad,UPI,2025-09-08,5
4312,2634,Sarthak Sidhu,Watch,Accessories,5,5000,25000,Bengaluru,Net Banking,2026-08-06,6
4313,7340,Matthew Pandya,T-Shirt,Fashion,5,800,4000,Mumbai,Net Banking,2026-06-07,7
4314,9002,Upasna Upadhyay,Phone,Electronics,1,25000,25000,Delhi,Cash on Delivery,2025-08-23,4
4315,1600,Brinda Das,Shoes,Fashion,5,2500,12500,Mumbai,UPI,2026-03-03,4
4316,8881,Oni Bahri,Headphones,Electronics,2,3000,6000,Bengaluru,Net Banking,2026-05-06,5
4317,4784,Nidhi Keer,Phone,Electronics,5,25000,125000,Hyderabad,Debit Card,2025-10-10,6
4318,5977,Tristan Dewan,Headphones,Electronics,4,3000,12000,Kolkata,UPI,2026-04-15,2
4319,7893,Balendra Palla,Shoes,Fashion,1,2500,2500,Kolkata,Debit Card,2025-11-20,4
4320,9496,Omisha Ahluwalia,Headphones,Electronics,4,3000,12000,Hyderabad,Credit Card,2026-05-28,3
4321,1217,Vidhi Suresh,Phone,Electronics,4,25000,100000,Kolkata,Cash on Delivery,2025-08-27,2
4322,4572,Abha Pillai,Shoes,Fashion,2,2500,5000,Mumbai,Debit Card,2026-01-04,3
4323,6214,Daksha Goda,Phone,Electronics,1,25000,25000,Kolkata,UPI,2025-10-16,3
4324,9598,Gavin Swamy,Phone,Electronics,1,25000,25000,Kolkata,Net Banking,2025-11-23,5
4325,9463,Ishita Gandhi,Shoes,Fashion,2,2500,5000,Pune,Debit Card,2026-07-02,3
4326,9341,Lakshit Badal,Laptop,Electronics,3,65000,195000,Hyderabad,UPI,2025-12-24,1
4327,8919,Jalsa Kothari,Phone,Electronics,3,25000,75000,Delhi,UPI,2026-07-04,7
4328,6287,Ubika Bandi,Phone,Electronics,2,25000,50000,Delhi,Credit Card,2026-03-28,4
4329,2865,Eiravati Sahota,Headphones,Electronics,4,3000,12000,Ahmedabad,Cash on Delivery,2026-01-06,7
4330,2223,Veer Ravel,Desk,Furniture,5,7000,35000,Delhi,Net Banking,2025-11-29,6
4331,8313,Peter Hans,Headphones,Electronics,4,3000,12000,Delhi,Credit Card,2025-12-01,2
4332,5374,Jagvi Maharaj,Shoes,Fashion,3,2500,7500,Ahmedabad,Cash on Delivery,2025-10-05,5
4333,8750,Hredhaan Seth,Phone,Electronics,4,25000,100000,Pune,UPI,2026-02-21,7
4334,8000,Leena Kashyap,Bottle,Home,4,600,2400,Pune,UPI,2026-06-25,1
4335,6231,Manbir Oommen,Headphones,Electronics,2,3000,6000,Kolkata,Credit Card,2026-03-11,7
4336,2950,Balhaar Mandal,Headphones,Electronics,2,3000,6000,Ahmedabad,Net Banking,2026-03-02,4
4337,3413,Eiravati Gade,Phone,Electronics,2,25000,50000,Kolkata,Credit Card,2025-12-01,1
4338,4414,Caleb Oommen,Headphones,Electronics,5,3000,15000,Delhi,Credit Card,2026-01-12,5
4339,7034,Michael Bava,T-Shirt,Fashion,3,800,2400,Pune,Credit Card,2025-11-05,7
4340,5916,Aarnav Narayan,Phone,Electronics,2,25000,50000,Mumbai,Cash on Delivery,2026-04-29,7
4341,2130,Lajita Grewal,Bottle,Home,3,600,1800,Ahmedabad,Debit Card,2026-07-06,5
4342,7374,Pahal Palla,Phone,Electronics,4,25000,100000,Delhi,Cash on Delivery,2025-10-12,2
4343,8715,Jason Mitter,Phone,Electronics,4,25000,100000,Pune,Cash on Delivery,2026-02-13,2
4344,6844,Jhalak Deo,Shoes,Fashion,3,2500,7500,Pune,UPI,2025-12-25,6
4345,2882,Avi Chaudhuri,Headphones,Electronics,5,3000,15000,Chennai,UPI,2026-04-03,4
4346,3647,Vincent Sridhar,Laptop,Electronics,1,65000,65000,Bengaluru,UPI,2025-11-07,5
4347,2176,Zehaan Manda,Shoes,Fashion,4,2500,10000,Pune,UPI,2026-01-14,2
4348,5480,Nitara Parekh,T-Shirt,Fashion,3,800,2400,Kolkata,Cash on Delivery,2025-08-08,6
4349,5180,Nicholas Thaman,Watch,Accessories,5,5000,25000,Hyderabad,Cash on Delivery,2025-09-05,7
4350,3104,Frederick Bhavsar,Headphones,Electronics,1,3000,3000,Bengaluru,Net Banking,2025-09-01,4
4351,4297,Avi Amble,Phone,Electronics,2,25000,50000,Delhi,Credit Card,2025-09-27,4
4352,1484,Ethan Oommen,Chair,Furniture,3,4000,12000,Chennai,Credit Card,2025-10-16,1
4353,7809,Siya Oak,Headphones,Electronics,2,3000,6000,Chennai,Cash on Delivery,2025-10-14,4
4354,7807,Aachal Saini,Phone,Electronics,4,25000,100000,Chennai,Cash on Delivery,2025-09-20,1
4355,7457,Frado Parsa,Laptop,Electronics,3,65000,195000,Hyderabad,Debit Card,2026-04-20,2
4356,3202,Ethan Minhas,T-Shirt,Fashion,1,800,800,Bengaluru,Credit Card,2025-11-06,6
4357,5401,Harita Ghosh,Shoes,Fashion,2,2500,5000,Delhi,UPI,2025-08-26,2
4358,4616,Frederick Dara,Shoes,Fashion,4,2500,10000,Chennai,Cash on Delivery,2025-10-02,3
4359,2536,Theodore Raghavan,Shoes,Fashion,1,2500,2500,Kolkata,Cash on Delivery,2025-11-28,5
4360,5987,Samar Shukla,Laptop,Electronics,2,65000,130000,Pune,Cash on Delivery,2025-09-22,1
4361,3690,Gopal Chanda,Phone,Electronics,1,25000,25000,Hyderabad,Credit Card,2026-07-06,7
4362,8502,Mitesh Puri,Watch,Accessories,1,5000,5000,Pune,Cash on Delivery,2025-12-30,3
4363,3295,Baghyawati Palla,Headphones,Electronics,3,3000,9000,Chennai,UPI,2026-05-17,1
4364,9021,Wriddhish Hayer,Headphones,Electronics,2,3000,6000,Bengaluru,Cash on Delivery,2025-10-08,2
4365,6844,Ladli Mukherjee,Laptop,Electronics,5,65000,325000,Chennai,Net Banking,2026-03-23,6
4366,3587,Yashica Oommen,Phone,Electronics,5,25000,125000,Bengaluru,Cash on Delivery,2026-02-18,6
4367,2518,Wahab Menon,Headphones,Electronics,3,3000,9000,Pune,Net Banking,2025-11-03,1
4368,6298,Karan Sura,Laptop,Electronics,5,65000,325000,Delhi,Credit Card,2026-06-07,6
4369,2041,Nathan Naidu,T-Shirt,Fashion,3,800,2400,Hyderabad,Debit Card,2026-07-04,7
4370,7542,Utkarsh Subramaniam,Phone,Electronics,3,25000,75000,Kolkata,Credit Card,2025-12-06,2
4371,4746,Tripti Garg,Headphones,Electronics,5,3000,15000,Delhi,Debit Card,2026-06-02,4
4372,2083,Yagnesh Palla,T-Shirt,Fashion,2,800,1600,Pune,Debit Card,2026-01-04,3
4373,7124,Mohammed Ghose,Phone,Electronics,1,25000,25000,Kolkata,Debit Card,2026-02-16,5
4374,6858,Rohan Rattan,T-Shirt,Fashion,2,800,1600,Mumbai,UPI,2026-05-11,3
4375,8503,Ikshita Mand,Shoes,Fashion,5,2500,12500,Kolkata,Net Banking,2026-02-13,7
4376,3195,Gaurangi Nadig,Phone,Electronics,1,25000,25000,Delhi,Debit Card,2026-07-22,1
4377,4995,Radha Nadkarni,Headphones,Electronics,3,3000,9000,Kolkata,Cash on Delivery,2026-03-02,6
4378,9418,Utkarsh Kakar,Headphones,Electronics,1,3000,3000,Hyderabad,UPI,2025-11-30,6
4379,9225,Avni Subramaniam,Headphones,Electronics,3,3000,9000,Delhi,UPI,2026-03-20,1
4380,8871,Raksha Ahuja,Shoes,Fashion,5,2500,12500,Hyderabad,UPI,2026-06-03,3
4381,6317,Amaira Padmanabhan,Phone,Electronics,1,25000,25000,Mumbai,UPI,2026-05-08,3
4382,9763,Xavier Luthra,Phone,Electronics,4,25000,100000,Chennai,Credit Card,2026-04-12,6
4383,8960,Henry Toor,Phone,Electronics,1,25000,25000,Mumbai,Net Banking,2026-04-22,4
4384,7641,Tripti Bose,Laptop,Electronics,5,65000,325000,Ahmedabad,Cash on Delivery,2026-03-01,3
4385,1866,Indrajit Parekh,Phone,Electronics,4,25000,100000,Chennai,Net Banking,2025-09-11,6
4386,8009,Devansh Thakur,T-Shirt,Fashion,2,800,1600,Hyderabad,Credit Card,2026-02-05,7
4387,5313,Bhanumati Jhaveri,Shoes,Fashion,3,2500,7500,Bengaluru,Credit Card,2025-12-26,1
4388,4025,Alexander Bhagat,Headphones,Electronics,1,3000,3000,Hyderabad,UPI,2025-09-28,2
4389,6492,Yuvraj Balakrishnan,Chair,Furniture,4,4000,16000,Ahmedabad,UPI,2026-05-20,6
4390,3755,Mugdha Varughese,Phone,Electronics,2,25000,50000,Pune,UPI,2026-06-05,1
4391,1447,Yoshita Tripathi,Phone,Electronics,2,25000,50000,Chennai,Cash on Delivery,2025-08-31,4
4392,2235,Neha Zachariah,Laptop,Electronics,3,65000,195000,Pune,Debit Card,2026-07-04,6
4393,1312,Jack Badami,Headphones,Electronics,2,3000,6000,Mumbai,Cash on Delivery,2025-11-03,4
4394,9508,Anthony Suri,Watch,Accessories,2,5000,10000,Bengaluru,Credit Card,2026-05-10,2
4395,1612,Alka Konda,Watch,Accessories,3,5000,15000,Delhi,Debit Card,2026-08-05,2
4396,3137,Quincy Pillay,Watch,Accessories,5,5000,25000,Bengaluru,Credit Card,2026-03-25,1
4397,1451,Ria Banik,Phone,Electronics,2,25000,50000,Mumbai,Net Banking,2025-11-21,7
4398,2865,Hemangini Pandit,Laptop,Electronics,1,65000,65000,Hyderabad,Debit Card,2026-04-02,5
4399,2655,Yoshita Gokhale,Phone,Electronics,2,25000,50000,Hyderabad,Credit Card,2026-05-30,6
4400,9470,Timothy Chokshi,Phone,Electronics,2,25000,50000,Chennai,UPI,2025-11-18,7
4401,5164,Owen Bail,Phone,Electronics,2,25000,50000,Ahmedabad,Cash on Delivery,2025-11-15,6
4402,4548,Zinal Devan,Phone,Electronics,2,25000,50000,Pune,Credit Card,2026-07-07,5
4403,8253,Tanvi Mandal,Phone,Electronics,3,25000,75000,Chennai,UPI,2025-11-06,2
4404,8045,Orinder Hari,Phone,Electronics,5,25000,125000,Chennai,Credit Card,2026-05-19,3
4405,6842,Gaurang Pall,Phone,Electronics,1,25000,25000,Hyderabad,Cash on Delivery,2025-09-12,7
4406,4973,Andrew Ravel,Headphones,Electronics,4,3000,12000,Pune,Net Banking,2025-11-17,5
4407,3905,Udarsh Naik,Shoes,Fashion,3,2500,7500,Kolkata,Credit Card,2026-06-18,3
4408,6482,Wahab Dhillon,Headphones,Electronics,1,3000,3000,Bengaluru,Cash on Delivery,2026-02-15,4
4409,2086,Chanakya Mander,Phone,Electronics,3,25000,75000,Pune,Cash on Delivery,2026-07-27,7
4410,7057,Ojas Tandon,Watch,Accessories,2,5000,10000,Hyderabad,Net Banking,2026-02-05,1
4411,7823,Varsha Bobal,Shoes,Fashion,4,2500,10000,Pune,UPI,2026-05-05,3
4412,4590,Ekaraj Pandey,Headphones,Electronics,3,3000,9000,Hyderabad,Cash on Delivery,2025-10-31,7
4413,3609,Ekantika Bali,Headphones,Electronics,3,3000,9000,Pune,Cash on Delivery,2026-06-08,7
4414,7452,Rehaan Nayar,Bottle,Home,3,600,1800,Chennai,Debit Card,2026-08-01,6
4415,7680,Anay Narula,Phone,Electronics,2,25000,50000,Bengaluru,Net Banking,2025-09-25,5
4416,3524,Ayaan Mahajan,Watch,Accessories,2,5000,10000,Pune,Credit Card,2025-08-10,6
4417,9091,Pratyush Narayan,T-Shirt,Fashion,4,800,3200,Bengaluru,Debit Card,2026-02-21,1
4418,3566,Neha Nadig,Phone,Electronics,1,25000,25000,Kolkata,Cash on Delivery,2025-08-26,2
4419,4679,Chandran Narasimhan,Shoes,Fashion,5,2500,12500,Ahmedabad,Debit Card,2026-08-02,2
4420,7730,Henry Bhattacharyya,Desk,Furniture,3,7000,21000,Ahmedabad,Net Banking,2026-05-09,6
4421,1428,Krishna Soman,Headphones,Electronics,5,3000,15000,Chennai,UPI,2025-10-11,4
4422,5850,Falan Kunda,Shoes,Fashion,2,2500,5000,Kolkata,Net Banking,2026-03-21,6
4423,9951,Damyanti Chaudhary,Phone,Electronics,5,25000,125000,Mumbai,Cash on Delivery,2026-04-25,1
4424,9193,Tanay Tank,Phone,Electronics,2,25000,50000,Mumbai,UPI,2026-01-13,4
4425,4223,Vedant Ghosh,Watch,Accessories,5,5000,25000,Kolkata,UPI,2026-07-05,1
4426,4411,Mason Chaudhry,Phone,Electronics,4,25000,100000,Kolkata,Credit Card,2025-10-04,4
4427,1066,Yatan Joshi,Laptop,Electronics,2,65000,130000,Mumbai,Debit Card,2025-10-16,5
4428,1312,Gautami More,Shoes,Fashion,4,2500,10000,Bengaluru,Cash on Delivery,2025-09-08,6
4429,2930,Harinakshi Batra,Phone,Electronics,2,25000,50000,Bengaluru,UPI,2025-11-05,3
4430,5879,Yashawini Chaudhary,Phone,Electronics,2,25000,50000,Kolkata,Cash on Delivery,2025-11-11,2
4431,3361,Ekani Mittal,Phone,Electronics,3,25000,75000,Bengaluru,Cash on Delivery,2025-12-04,7
4432,7643,Manbir Mishra,Shoes,Fashion,3,2500,7500,Hyderabad,Credit Card,2025-11-25,5
4433,5924,Harinakshi Parekh,Phone,Electronics,2,25000,50000,Delhi,Credit Card,2026-03-09,4
4434,9284,Omya Saran,T-Shirt,Fashion,3,800,2400,Mumbai,UPI,2025-08-31,2
4435,5786,Vedant Mukhopadhyay,Shoes,Fashion,4,2500,10000,Kolkata,UPI,2025-11-09,5
4436,7745,Ekta Kalla,Headphones,Electronics,1,3000,3000,Hyderabad,Credit Card,2025-09-30,3
4437,1538,Netra Barad,Phone,Electronics,1,25000,25000,Mumbai,Cash on Delivery,2026-05-25,1
4438,1451,Chandresh Chada,Phone,Electronics,5,25000,125000,Mumbai,Cash on Delivery,2025-09-07,7
4439,5458,Wakeeta Pradhan,Shoes,Fashion,5,2500,12500,Delhi,UPI,2026-01-01,2
4440,5454,Akshay Cherian,Phone,Electronics,3,25000,75000,Hyderabad,Cash on Delivery,2026-06-12,6
4441,4360,Radhika Guha,Headphones,Electronics,4,3000,12000,Pune,Net Banking,2026-05-19,7
4442,9937,Girik Bahl,Phone,Electronics,1,25000,25000,Pune,UPI,2026-07-16,6
4443,8113,Bhavani Kurian,Laptop,Electronics,1,65000,65000,Kolkata,Net Banking,2026-06-19,2
4444,9919,Dominic Barad,Laptop,Electronics,3,65000,195000,Mumbai,UPI,2025-09-11,4
4445,2360,Balendra Sinha,Laptop,Electronics,3,65000,195000,Delhi,UPI,2026-04-26,7
4446,1633,Rajeshri Sura,Phone,Electronics,2,25000,50000,Bengaluru,Net Banking,2025-09-14,5
4447,7832,Jeremiah Swaminathan,T-Shirt,Fashion,4,800,3200,Mumbai,Cash on Delivery,2025-12-07,5
4448,1648,Harrison Keer,Bottle,Home,1,600,600,Hyderabad,Debit Card,2025-11-10,2
4449,5224,Ekiya Varkey,Phone,Electronics,2,25000,50000,Ahmedabad,Debit Card,2026-01-30,5
4450,1981,Yagnesh Mani,Phone,Electronics,2,25000,50000,Hyderabad,Debit Card,2025-08-19,2
4451,8832,Madhav Dewan,Laptop,Electronics,1,65000,65000,Mumbai,Cash on Delivery,2026-06-04,7
4452,2633,Upkaar Narayanan,Desk,Furniture,5,7000,35000,Hyderabad,Net Banking,2026-07-19,4
4453,8873,Forum Sandhu,Laptop,Electronics,3,65000,195000,Mumbai,UPI,2026-07-12,7
4454,3215,Kamala Krishnan,Headphones,Electronics,2,3000,6000,Mumbai,Net Banking,2025-11-18,6
4455,3217,Sara Narang,Phone,Electronics,1,25000,25000,Pune,Cash on Delivery,2025-12-08,6
4456,9532,Chandran Kala,Watch,Accessories,2,5000,10000,Mumbai,Debit Card,2026-03-12,1
4457,8526,Nikita Aurora,Phone,Electronics,5,25000,125000,Pune,Debit Card,2026-06-26,2
4458,4491,Anika Mohanty,Book,Books,1,500,500,Chennai,Cash on Delivery,2026-05-08,7
4459,7235,Dipta Dasgupta,Headphones,Electronics,4,3000,12000,Pune,Cash on Delivery,2026-05-10,2
4460,2305,Chatura Swaminathan,Shoes,Fashion,2,2500,5000,Delhi,Cash on Delivery,2026-02-05,3
4461,7208,Gabriel Bajaj,Shoes,Fashion,1,2500,2500,Mumbai,Net Banking,2025-11-08,3
4462,2949,Keya Som,Phone,Electronics,2,25000,50000,Ahmedabad,Debit Card,2025-12-14,1
4463,2350,Darpan Johal,Laptop,Electronics,2,65000,130000,Ahmedabad,Credit Card,2026-06-23,3
4464,8099,Jeremiah Bora,Laptop,Electronics,5,65000,325000,Bengaluru,Cash on Delivery,2026-05-24,1
4465,6642,Umang Dhingra,Headphones,Electronics,3,3000,9000,Ahmedabad,Credit Card,2026-05-30,3
4466,6109,Vrishti Sathe,Phone,Electronics,4,25000,100000,Mumbai,UPI,2026-07-17,2
4467,8971,Falan Loke,Shoes,Fashion,3,2500,7500,Mumbai,Cash on Delivery,2026-07-16,5
4468,5520,Leela Bandi,Headphones,Electronics,5,3000,15000,Ahmedabad,Cash on Delivery,2026-07-01,4
4469,4619,Pahal Trivedi,Shoes,Fashion,5,2500,12500,Delhi,UPI,2026-07-12,3
4470,8089,Chasmum Oza,Phone,Electronics,3,25000,75000,Kolkata,Debit Card,2025-11-08,6
4471,6990,Ekaja Pandit,Book,Books,2,500,1000,Ahmedabad,Net Banking,2026-01-28,3
4472,8344,Sachi Shroff,Watch,Accessories,2,5000,10000,Mumbai,Cash on Delivery,2025-10-20,2
4473,6924,Zansi Natt,Phone,Electronics,2,25000,50000,Chennai,Debit Card,2026-06-08,1
4474,8805,Ayush Mohan,Phone,Electronics,1,25000,25000,Delhi,UPI,2026-05-16,1
4475,2822,Lajita Konda,Phone,Electronics,3,25000,75000,Hyderabad,UPI,2026-04-29,7
4476,3949,Gayathri Bhasin,Phone,Electronics,4,25000,100000,Pune,UPI,2025-08-19,7
4477,2681,Jeremiah Divan,Shoes,Fashion,4,2500,10000,Delhi,UPI,2025-11-18,6
4478,7703,Triya Jain,Bottle,Home,4,600,2400,Delhi,Debit Card,2026-07-19,7
4479,3221,Gunbir Mall,T-Shirt,Fashion,4,800,3200,Bengaluru,UPI,2026-07-01,4
4480,9216,Jairaj Bedi,Headphones,Electronics,2,3000,6000,Mumbai,UPI,2026-03-16,3
4481,3293,Abhiram Lalla,Watch,Accessories,2,5000,10000,Hyderabad,Credit Card,2026-07-12,5
4482,3539,Kashvi Iyengar,Phone,Electronics,2,25000,50000,Pune,UPI,2025-11-03,5
4483,3548,Chakradhar Mistry,Phone,Electronics,3,25000,75000,Hyderabad,Debit Card,2026-02-23,5
4484,1523,Keya Ramakrishnan,Headphones,Electronics,3,3000,9000,Delhi,Debit Card,2026-05-08,1
4485,5390,Chatura Tella,Laptop,Electronics,5,65000,325000,Kolkata,Net Banking,2026-01-15,7
4486,2667,Dipta Parekh,Phone,Electronics,3,25000,75000,Mumbai,Credit Card,2026-07-15,3
4487,4182,David Bhandari,Shoes,Fashion,3,2500,7500,Ahmedabad,Cash on Delivery,2026-05-26,2
4488,3150,Qabil Srinivasan,Phone,Electronics,5,25000,125000,Delhi,Cash on Delivery,2025-08-31,3
4489,9017,Shivansh Raghavan,Phone,Electronics,3,25000,75000,Delhi,Net Banking,2025-10-03,7
4490,1478,Aahana Mistry,Headphones,Electronics,2,3000,6000,Bengaluru,Net Banking,2025-10-31,1
4491,5916,Yug Goda,Watch,Accessories,1,5000,5000,Mumbai,Net Banking,2025-12-19,3
4492,4974,Manan Koshy,Book,Books,3,500,1500,Pune,UPI,2026-07-09,5
4493,9364,Kashish Nagarajan,Phone,Electronics,2,25000,50000,Mumbai,Debit Card,2026-06-28,3
4494,8440,Chakrika Bava,Headphones,Electronics,4,3000,12000,Pune,Credit Card,2026-06-01,5
4495,9354,Ansh Pandit,Laptop,Electronics,1,65000,65000,Hyderabad,UPI,2026-08-07,4
4496,9154,Hamsini Kaur,Phone,Electronics,3,25000,75000,Delhi,Credit Card,2025-09-02,4
4497,3390,Yashoda Sathe,Headphones,Electronics,1,3000,3000,Mumbai,Credit Card,2025-10-04,7
4498,5105,Varenya Parekh,Shoes,Fashion,4,2500,10000,Hyderabad,Cash on Delivery,2026-04-08,5
4499,6438,Champak Desai,Headphones,Electronics,3,3000,9000,Ahmedabad,Debit Card,2025-11-08,4
4500,6014,Dakshesh Pathak,T-Shirt,Fashion,5,800,4000,Delhi,Net Banking,2026-08-01,7
4501,1010,Harshil Borra,Phone,Electronics,5,25000,125000,Chennai,Net Banking,2025-12-06,4
4502,5883,Radha Handa,Headphones,Electronics,1,3000,3000,Ahmedabad,Credit Card,2026-06-25,5
4503,8031,Tamanna Zacharia,Shoes,Fashion,5,2500,12500,Delhi,Cash on Delivery,2026-07-25,1
4504,6432,Divya Agate,Shoes,Fashion,4,2500,10000,Chennai,Cash on Delivery,2026-04-03,2
4505,7082,Bishakha Subramanian,Phone,Electronics,3,25000,75000,Kolkata,UPI,2026-02-28,1
4506,8277,Udarsh Kunda,Phone,Electronics,2,25000,50000,Chennai,UPI,2026-05-14,2
4507,2132,Aachal Bala,Headphones,Electronics,5,3000,15000,Pune,Net Banking,2026-06-17,5
4508,4603,Darsh Mandal,Laptop,Electronics,3,65000,195000,Delhi,Net Banking,2026-04-15,3
4509,3633,Sarthak Mukherjee,Phone,Electronics,4,25000,100000,Chennai,Debit Card,2025-12-09,3
4510,3954,Gaurika Bhargava,Phone,Electronics,4,25000,100000,Ahmedabad,UPI,2026-02-19,5
4511,4938,Tanay Khalsa,Phone,Electronics,2,25000,50000,Bengaluru,Debit Card,2026-04-16,2
4512,1078,Tanvi Peri,Phone,Electronics,5,25000,125000,Delhi,Debit Card,2025-11-29,1
4513,6043,Neha Sodhi,Headphones,Electronics,2,3000,6000,Mumbai,Debit Card,2025-12-17,3
4514,2769,Ati Banik,Phone,Electronics,4,25000,100000,Ahmedabad,Net Banking,2025-10-09,3
4515,1471,Dayamai Lala,Phone,Electronics,3,25000,75000,Chennai,Credit Card,2025-11-08,7
4516,1244,Oliver Contractor,Headphones,Electronics,4,3000,12000,Bengaluru,Debit Card,2026-08-04,2
4517,4918,Leela Barman,Phone,Electronics,1,25000,25000,Hyderabad,Credit Card,2025-11-19,6
4518,5769,Vidhi Kara,Phone,Electronics,3,25000,75000,Ahmedabad,Credit Card,2026-06-02,2
4519,9811,Vasatika Dara,T-Shirt,Fashion,3,800,2400,Bengaluru,Net Banking,2025-09-16,4
4520,1331,Niharika Dey,Phone,Electronics,3,25000,75000,Bengaluru,Net Banking,2025-12-08,4
4521,2485,Alka Karnik,Phone,Electronics,5,25000,125000,Kolkata,Credit Card,2025-12-17,1
4522,3274,Bina Raju,Headphones,Electronics,2,3000,6000,Bengaluru,UPI,2026-06-17,3
4523,9873,Nitesh Kale,Laptop,Electronics,4,65000,260000,Bengaluru,UPI,2025-11-14,3
4524,3885,Sneha Chaudhary,Shoes,Fashion,5,2500,12500,Chennai,Cash on Delivery,2026-03-23,5
4525,7491,Amrita Varughese,Phone,Electronics,1,25000,25000,Hyderabad,Credit Card,2025-08-21,7
4526,4529,Radha Varma,Phone,Electronics,1,25000,25000,Mumbai,Credit Card,2026-01-06,5
4527,5949,Mitali Ram,Phone,Electronics,1,25000,25000,Ahmedabad,UPI,2026-04-25,2
4528,2560,Harsh Jain,Phone,Electronics,4,25000,100000,Delhi,UPI,2026-06-16,5
4529,4467,Faraj Wable,Phone,Electronics,2,25000,50000,Ahmedabad,Net Banking,2026-06-03,2
4530,2388,Unnati Kuruvilla,Headphones,Electronics,4,3000,12000,Delhi,UPI,2026-01-21,1
4531,6596,Yagnesh Munshi,Shoes,Fashion,2,2500,5000,Chennai,UPI,2025-08-15,4
4532,7169,Kai Palla,Phone,Electronics,3,25000,75000,Pune,Cash on Delivery,2026-04-16,1
4533,6798,Darika Mand,Headphones,Electronics,3,3000,9000,Pune,UPI,2025-08-31,6
4534,3336,Jagdish Karnik,Headphones,Electronics,5,3000,15000,Hyderabad,UPI,2026-04-06,3
4535,4558,Zayyan Memon,T-Shirt,Fashion,3,800,2400,Bengaluru,Credit Card,2025-09-06,1
4536,8626,Ikbal Wadhwa,Chair,Furniture,4,4000,16000,Mumbai,Debit Card,2025-12-11,3
4537,5717,Aarini Magar,Phone,Electronics,4,25000,100000,Hyderabad,Cash on Delivery,2026-07-31,1
4538,5844,Zinal Thaker,T-Shirt,Fashion,1,800,800,Ahmedabad,Credit Card,2026-07-12,6
4539,2315,Azaan Bhalla,Shoes,Fashion,1,2500,2500,Kolkata,Cash on Delivery,2025-10-10,4
4540,6570,Jatin Joshi,Chair,Furniture,4,4000,16000,Delhi,Debit Card,2026-01-05,2
4541,2096,Anay Rattan,Shoes,Fashion,4,2500,10000,Bengaluru,UPI,2026-06-11,7
4542,2417,Pranav Johal,Headphones,Electronics,5,3000,15000,Ahmedabad,Cash on Delivery,2025-11-06,5
4543,1980,Vaishnavi Rege,Laptop,Electronics,1,65000,65000,Bengaluru,Credit Card,2025-08-24,2
4544,7402,Aadi Rajagopal,Laptop,Electronics,1,65000,65000,Kolkata,Net Banking,2025-10-26,6
4545,7330,Yash Gokhale,Book,Books,1,500,500,Kolkata,Cash on Delivery,2025-10-10,2
4546,3476,Ojas Bajaj,Phone,Electronics,2,25000,50000,Hyderabad,Cash on Delivery,2025-12-07,1
4547,3544,Vincent Bhagat,Headphones,Electronics,5,3000,15000,Mumbai,Credit Card,2025-10-27,4
4548,5660,Ishani Butala,T-Shirt,Fashion,5,800,4000,Ahmedabad,Cash on Delivery,2026-01-04,2
4549,2361,Ekanta Dugar,Book,Books,1,500,500,Pune,Credit Card,2026-05-04,5
4550,1656,Mahika Rana,Phone,Electronics,1,25000,25000,Delhi,Credit Card,2026-01-05,4
4551,9812,Wishi Kibe,T-Shirt,Fashion,2,800,1600,Bengaluru,Credit Card,2026-03-15,6
4552,3346,Jeevika Dhawan,Shoes,Fashion,2,2500,5000,Pune,Cash on Delivery,2025-09-16,3
4553,7227,Zaid Nayar,Headphones,Electronics,5,3000,15000,Chennai,Net Banking,2025-10-30,2
4554,9771,Widisha Mutti,Phone,Electronics,4,25000,100000,Pune,UPI,2026-07-17,4
4555,9141,Chandani Kurian,Shoes,Fashion,2,2500,5000,Chennai,Debit Card,2026-01-13,5
4556,4445,Vritti Cherian,Laptop,Electronics,3,65000,195000,Bengaluru,UPI,2026-02-07,1
4557,1496,Nikita Bera,Laptop,Electronics,3,65000,195000,Chennai,Debit Card,2025-08-17,2
4558,5797,Harshil Sahni,Shoes,Fashion,4,2500,10000,Bengaluru,Cash on Delivery,2026-07-27,4
4559,7042,Joshua Divan,Watch,Accessories,2,5000,10000,Mumbai,Credit Card,2025-12-18,4
4560,6176,Girindra Nair,Phone,Electronics,3,25000,75000,Ahmedabad,Credit Card,2025-11-18,7
4561,6987,Geetika Biswas,Book,Books,4,500,2000,Chennai,Debit Card,2025-09-03,7
4562,7729,Urvashi Dube,Phone,Electronics,4,25000,100000,Pune,Net Banking,2026-02-26,4
4563,7977,Leena Sarkar,Headphones,Electronics,5,3000,15000,Bengaluru,Credit Card,2026-07-01,3
4564,5718,Aahana Rout,T-Shirt,Fashion,5,800,4000,Ahmedabad,UPI,2025-09-21,1
4565,6159,Kevin Sahni,Phone,Electronics,2,25000,50000,Delhi,Cash on Delivery,2025-11-24,5
4566,7861,Frado Issac,Phone,Electronics,5,25000,125000,Ahmedabad,Cash on Delivery,2026-05-16,5
4567,3342,Zinal Shenoy,Book,Books,1,500,500,Delhi,Cash on Delivery,2025-09-21,7
4568,7846,Ekantika Agate,Phone,Electronics,4,25000,100000,Kolkata,Credit Card,2026-03-25,5
4569,1356,Vasudha Grover,Desk,Furniture,3,7000,21000,Kolkata,Net Banking,2025-09-11,7
4570,3268,Gunbir Sachdeva,Phone,Electronics,3,25000,75000,Mumbai,Credit Card,2025-10-19,5
4571,7082,Arjun Krishnamurthy,Phone,Electronics,4,25000,100000,Delhi,Credit Card,2025-12-18,2
4572,9084,Nidhi Chada,T-Shirt,Fashion,3,800,2400,Kolkata,Net Banking,2025-08-20,7
4573,5700,Kamala Bhasin,Shoes,Fashion,1,2500,2500,Ahmedabad,Cash on Delivery,2025-11-15,6
4574,7120,Abeer Hari,Headphones,Electronics,2,3000,6000,Mumbai,Net Banking,2025-11-22,3
4575,8519,Kamya Karpe,Shoes,Fashion,1,2500,2500,Delhi,Credit Card,2025-10-11,2
4576,3194,Vasatika Om,Shoes,Fashion,5,2500,12500,Mumbai,Debit Card,2026-04-16,4
4577,4981,Advaith Raghavan,Headphones,Electronics,2,3000,6000,Hyderabad,Cash on Delivery,2026-02-17,6
4578,1919,Damini Radhakrishnan,Shoes,Fashion,2,2500,5000,Pune,Debit Card,2026-01-20,1
4579,8999,Janani Verma,Shoes,Fashion,4,2500,10000,Chennai,Cash on Delivery,2026-07-31,1
4580,4599,Varsha Ramachandran,Phone,Electronics,4,25000,100000,Bengaluru,Net Banking,2026-04-30,4
4581,2103,Lila Kumer,Phone,Electronics,1,25000,25000,Bengaluru,Credit Card,2026-01-30,1
4582,9486,Lohit Oak,T-Shirt,Fashion,1,800,800,Pune,Net Banking,2026-07-21,3
4583,9898,Wakeeta Verma,Phone,Electronics,3,25000,75000,Hyderabad,Credit Card,2026-06-12,7
4584,7242,Eesha Sant,Phone,Electronics,4,25000,100000,Delhi,Net Banking,2025-10-06,2
4585,7643,Rachita Naik,Desk,Furniture,5,7000,35000,Kolkata,UPI,2026-01-09,6
4586,6497,Saumya Korpal,Phone,Electronics,1,25000,25000,Pune,Net Banking,2026-08-01,3
4587,3180,Nathan Sibal,Watch,Accessories,5,5000,25000,Delhi,Net Banking,2026-05-24,3
4588,1851,Anamika Das,Book,Books,3,500,1500,Mumbai,Credit Card,2025-09-23,2
4589,2533,Meera Chad,Phone,Electronics,3,25000,75000,Hyderabad,Debit Card,2025-11-11,1
4590,2268,Wridesh Sarkar,T-Shirt,Fashion,1,800,800,Mumbai,Debit Card,2025-11-19,3
4591,6652,Edhitha Kant,Phone,Electronics,4,25000,100000,Delhi,Net Banking,2025-11-02,1
4592,9348,Akshay Deshpande,Phone,Electronics,5,25000,125000,Delhi,Debit Card,2026-05-18,3
4593,5617,Suhani Gara,Shoes,Fashion,1,2500,2500,Delhi,Debit Card,2025-10-14,2
4594,7307,Ekanta Borra,Laptop,Electronics,4,65000,260000,Ahmedabad,UPI,2026-04-03,6
4595,4128,Diya Mani,Phone,Electronics,3,25000,75000,Mumbai,Debit Card,2026-07-09,5
4596,6083,Gabriel Arya,Shoes,Fashion,4,2500,10000,Kolkata,Debit Card,2026-05-13,3
4597,1689,Vrinda Tiwari,Headphones,Electronics,2,3000,6000,Delhi,UPI,2026-04-27,4
4598,7249,Darpan Dubey,Headphones,Electronics,3,3000,9000,Pune,Cash on Delivery,2026-06-02,1
4599,9993,Wyatt Pandya,Headphones,Electronics,4,3000,12000,Pune,UPI,2026-02-02,1
4600,1609,Frederick Sandhu,Chair,Furniture,5,4000,20000,Bengaluru,Cash on Delivery,2026-07-25,7
4601,7632,Bhavini Chacko,Book,Books,1,500,500,Hyderabad,Cash on Delivery,2025-09-10,6
4602,2748,Yauvani Gulati,Phone,Electronics,1,25000,25000,Ahmedabad,Net Banking,2025-08-11,4
4603,7920,Prisha Dey,Headphones,Electronics,5,3000,15000,Mumbai,UPI,2026-05-29,5
4604,8185,Vihaan Mall,Headphones,Electronics,4,3000,12000,Ahmedabad,Net Banking,2025-11-10,6
4605,4263,Orinder Das,Shoes,Fashion,2,2500,5000,Bengaluru,Cash on Delivery,2026-03-28,1
4606,6256,Vasatika Jayaraman,Headphones,Electronics,1,3000,3000,Delhi,Debit Card,2025-09-03,5
4607,5187,Triya Gandhi,Phone,Electronics,2,25000,50000,Ahmedabad,Net Banking,2025-09-04,1
4608,6360,Ishanvi Bahl,Headphones,Electronics,4,3000,12000,Kolkata,Credit Card,2026-03-12,5
4609,4922,Christopher Deshpande,Phone,Electronics,3,25000,75000,Hyderabad,Net Banking,2025-12-20,6
4610,3672,Wriddhish Dutt,Headphones,Electronics,5,3000,15000,Pune,Credit Card,2025-12-31,4
4611,2544,Yatan Mangal,Headphones,Electronics,2,3000,6000,Kolkata,Cash on Delivery,2026-04-20,3
4612,6410,Faraj Mitra,Headphones,Electronics,1,3000,3000,Pune,Cash on Delivery,2026-04-17,4
4613,4408,Ekapad Nayar,Headphones,Electronics,5,3000,15000,Delhi,Credit Card,2025-12-27,1
4614,6586,Upma Kumer,Phone,Electronics,5,25000,125000,Hyderabad,Credit Card,2026-06-08,7
4615,7295,Yashica Sani,Headphones,Electronics,4,3000,12000,Chennai,Net Banking,2025-10-18,5
4616,5178,Chakrika Bhatti,T-Shirt,Fashion,2,800,1600,Ahmedabad,UPI,2026-07-05,6
4617,3696,Bachittar Bobal,Phone,Electronics,1,25000,25000,Ahmedabad,Credit Card,2025-09-25,7
4618,7987,Mohini Tailor,Headphones,Electronics,3,3000,9000,Mumbai,Credit Card,2026-07-03,1
4619,4120,Arunima Kapur,T-Shirt,Fashion,4,800,3200,Delhi,Net Banking,2026-06-28,5
4620,1130,Wriddhish Sangha,Book,Books,2,500,1000,Kolkata,Credit Card,2025-08-13,5
4621,8926,Upma Jain,Watch,Accessories,2,5000,10000,Kolkata,Cash on Delivery,2025-10-04,4
4622,2980,Darika Rastogi,Book,Books,1,500,500,Pune,Credit Card,2026-05-24,3
4623,9256,Nilima Patil,Phone,Electronics,4,25000,100000,Chennai,Credit Card,2026-02-04,1
4624,1141,Udarsh Vaidya,T-Shirt,Fashion,1,800,800,Kolkata,UPI,2026-04-29,2
4625,5565,Hiral Virk,Laptop,Electronics,2,65000,130000,Bengaluru,Credit Card,2025-11-01,3
4626,4548,Ojasvi Soni,Shoes,Fashion,4,2500,10000,Delhi,Debit Card,2025-10-16,6
4627,8694,Mahika Jhaveri,Shoes,Fashion,4,2500,10000,Mumbai,Net Banking,2026-05-20,7
4628,2971,Gagan Raghavan,Book,Books,4,500,2000,Kolkata,UPI,2026-02-19,4
4629,8118,Jagrati Sarin,Phone,Electronics,5,25000,125000,Ahmedabad,Cash on Delivery,2026-02-11,4
4630,5849,Daniel Borde,T-Shirt,Fashion,4,800,3200,Delhi,Net Banking,2026-05-08,5
4631,9585,Daniel Dora,Shoes,Fashion,4,2500,10000,Hyderabad,Credit Card,2026-04-09,3
4632,1286,Amaira Bawa,T-Shirt,Fashion,1,800,800,Ahmedabad,Credit Card,2026-02-26,2
4633,3267,Vedant Master,Desk,Furniture,3,7000,21000,Chennai,Debit Card,2026-07-14,2
4634,4281,Reyansh Upadhyay,T-Shirt,Fashion,5,800,4000,Bengaluru,Credit Card,2025-10-24,7
4635,5233,Anya Pingle,Laptop,Electronics,1,65000,65000,Hyderabad,Net Banking,2026-06-12,6
4636,6928,Rachana Bahri,Laptop,Electronics,1,65000,65000,Pune,Cash on Delivery,2025-09-29,6
4637,2868,Ridhi Korpal,Phone,Electronics,1,25000,25000,Ahmedabad,Cash on Delivery,2025-09-07,7
4638,2353,Vasatika Guha,Shoes,Fashion,1,2500,2500,Ahmedabad,UPI,2026-03-20,6
4639,2134,Devika Viswanathan,Shoes,Fashion,1,2500,2500,Chennai,Credit Card,2025-12-21,4
4640,1535,Urmi Sama,Laptop,Electronics,5,65000,325000,Bengaluru,Cash on Delivery,2025-10-28,3
4641,5286,Triya Bassi,Headphones,Electronics,2,3000,6000,Kolkata,Debit Card,2025-10-08,5
4642,4330,Jack Rege,Headphones,Electronics,5,3000,15000,Hyderabad,Debit Card,2025-09-23,3
4643,6868,Chatura Konda,Headphones,Electronics,2,3000,6000,Kolkata,UPI,2025-08-27,5
4644,7601,Ishwar Sathe,Phone,Electronics,3,25000,75000,Kolkata,Net Banking,2026-03-13,1
4645,4972,Sudiksha Dash,T-Shirt,Fashion,4,800,3200,Chennai,Cash on Delivery,2025-08-29,7
4646,3552,Rishi Bal,Phone,Electronics,2,25000,50000,Delhi,Credit Card,2025-09-01,1
4647,3272,Lajita Wagle,Desk,Furniture,4,7000,28000,Chennai,Cash on Delivery,2026-07-07,3
4648,3326,Warinder Kala,Phone,Electronics,5,25000,125000,Pune,Cash on Delivery,2025-11-05,5
4649,3727,Watika Sama,Phone,Electronics,5,25000,125000,Kolkata,Credit Card,2026-01-01,3
4650,3314,Yash Kannan,Laptop,Electronics,1,65000,65000,Delhi,Net Banking,2025-12-11,4
4651,5983,Janani Shanker,Shoes,Fashion,1,2500,2500,Chennai,UPI,2026-03-02,3
4652,6536,Frado Ravi,Laptop,Electronics,1,65000,65000,Pune,Credit Card,2025-10-02,7
4653,7564,Ikshita Karan,Phone,Electronics,1,25000,25000,Hyderabad,UPI,2025-11-06,6
4654,4841,Yug Roy,Shoes,Fashion,2,2500,5000,Ahmedabad,Cash on Delivery,2025-12-10,7
4655,7248,Bimala Dugar,Shoes,Fashion,2,2500,5000,Hyderabad,UPI,2026-02-19,1
4656,1617,Zilmil Raju,Book,Books,1,500,500,Delhi,Net Banking,2025-09-26,7
4657,2080,Manthan Ray,Headphones,Electronics,2,3000,6000,Kolkata,Net Banking,2026-07-29,1
4658,9711,Viraj Nagar,Shoes,Fashion,3,2500,7500,Delhi,Credit Card,2026-05-06,5
4659,6503,Sai Bhattacharyya,Shoes,Fashion,2,2500,5000,Pune,UPI,2026-05-16,3
4660,3944,Jhalak Chandra,Headphones,Electronics,5,3000,15000,Delhi,Net Banking,2026-01-13,6
4661,4614,Chaitanya Gandhi,Phone,Electronics,3,25000,75000,Kolkata,Cash on Delivery,2026-06-07,4
4662,7453,Guneet Raval,Laptop,Electronics,4,65000,260000,Bengaluru,Net Banking,2026-05-12,6
4663,3299,Anamika Dugal,Laptop,Electronics,1,65000,65000,Bengaluru,Cash on Delivery,2026-03-23,5
4664,5965,Balendra Goda,Laptop,Electronics,5,65000,325000,Kolkata,Debit Card,2026-07-29,7
4665,6693,Jeet Subramanian,Headphones,Electronics,1,3000,3000,Hyderabad,UPI,2025-10-02,7
4666,1595,Panini Sundaram,Watch,Accessories,1,5000,5000,Ahmedabad,Net Banking,2025-10-17,2
4667,1137,Qushi Parsa,Shoes,Fashion,2,2500,5000,Chennai,Cash on Delivery,2026-01-26,2
4668,9254,Benjamin Shetty,Shoes,Fashion,5,2500,12500,Pune,Credit Card,2025-08-17,1
4669,6053,Manya Dua,Headphones,Electronics,1,3000,3000,Bengaluru,Cash on Delivery,2026-03-01,5
4670,6832,Parth De,Phone,Electronics,4,25000,100000,Delhi,UPI,2025-11-01,4
4671,8846,Dayamai Toor,T-Shirt,Fashion,4,800,3200,Mumbai,Net Banking,2026-04-30,4
4672,9696,Indira Comar,Headphones,Electronics,2,3000,6000,Hyderabad,Cash on Delivery,2025-08-29,2
4673,6857,Upasna Jhaveri,Headphones,Electronics,5,3000,15000,Delhi,UPI,2025-10-10,6
4674,8534,Karan Bhagat,Shoes,Fashion,2,2500,5000,Chennai,Credit Card,2026-04-01,5
4675,8082,Keya Nagy,Phone,Electronics,4,25000,100000,Chennai,Cash on Delivery,2026-04-15,5
4676,1183,Omkaar Wadhwa,T-Shirt,Fashion,5,800,4000,Hyderabad,Cash on Delivery,2026-04-01,6
4677,6322,William Barad,Phone,Electronics,4,25000,100000,Bengaluru,Credit Card,2026-05-22,5
4678,9810,Ati Kale,Book,Books,5,500,2500,Delhi,Cash on Delivery,2026-05-21,3
4679,6209,Ekbal Raval,Headphones,Electronics,2,3000,6000,Mumbai,Credit Card,2026-04-15,3
4680,8868,Suhani Dixit,Phone,Electronics,4,25000,100000,Kolkata,Credit Card,2026-07-17,4
4681,9126,Bahadurjit Nagarajan,Phone,Electronics,5,25000,125000,Chennai,Debit Card,2025-08-26,1
4682,7051,Oviya Kanda,Headphones,Electronics,2,3000,6000,Delhi,Debit Card,2025-10-31,1
4683,3044,Yuvraj Patla,Book,Books,3,500,1500,Kolkata,UPI,2026-01-07,7
4684,4087,Zehaan Ravel,Phone,Electronics,4,25000,100000,Mumbai,Credit Card,2026-05-29,5
4685,7495,Abeer Oza,Chair,Furniture,3,4000,12000,Ahmedabad,UPI,2026-01-12,5
4686,2870,Daniel Sampath,Headphones,Electronics,1,3000,3000,Pune,Net Banking,2025-09-05,4
4687,1714,Mekhala Kibe,Laptop,Electronics,3,65000,195000,Delhi,Net Banking,2025-09-17,2
4688,3964,Chatura Sandal,Phone,Electronics,5,25000,125000,Kolkata,Net Banking,2025-08-11,7
4689,8586,Riya Menon,Watch,Accessories,3,5000,15000,Delhi,Credit Card,2026-03-15,6
4690,4214,Upadhriti Narayan,Laptop,Electronics,2,65000,130000,Delhi,UPI,2026-04-15,1
4691,6568,Atharv Morar,Shoes,Fashion,2,2500,5000,Delhi,UPI,2025-08-24,6
4692,9083,Indira Padmanabhan,Headphones,Electronics,1,3000,3000,Pune,Credit Card,2026-05-30,5
4693,7578,Varenya Rai,T-Shirt,Fashion,1,800,800,Ahmedabad,Credit Card,2026-07-20,2
4694,7685,Zaid Khosla,Phone,Electronics,2,25000,50000,Hyderabad,UPI,2026-02-06,6
4695,3754,Oscar Chauhan,Headphones,Electronics,4,3000,12000,Delhi,UPI,2025-11-01,7
4696,1324,Krisha Talwar,Chair,Furniture,2,4000,8000,Bengaluru,Debit Card,2026-02-27,7
4697,7938,Eshana Agate,Phone,Electronics,4,25000,100000,Bengaluru,Debit Card,2026-05-31,6
4698,6955,Gaurang Nanda,T-Shirt,Fashion,4,800,3200,Hyderabad,Cash on Delivery,2025-09-22,7
4699,1407,Qabil Dutta,Shoes,Fashion,3,2500,7500,Ahmedabad,Cash on Delivery,2026-06-08,7
4700,5998,Nimrat Mitra,Shoes,Fashion,3,2500,7500,Chennai,Net Banking,2025-10-28,3
4701,5189,Sudiksha Palla,Book,Books,4,500,2000,Delhi,Cash on Delivery,2026-01-29,5
4702,6929,Ekbal Dara,Book,Books,2,500,1000,Pune,Debit Card,2026-05-08,3
4703,2074,Vrishti Pandey,Phone,Electronics,3,25000,75000,Pune,Cash on Delivery,2026-01-11,6
4704,9789,Aishani Mahal,Headphones,Electronics,5,3000,15000,Chennai,Debit Card,2025-09-16,7
4705,9301,Zinal Chokshi,Headphones,Electronics,3,3000,9000,Hyderabad,Debit Card,2026-01-12,5
4706,6786,Ekalinga Cheema,Shoes,Fashion,2,2500,5000,Chennai,Credit Card,2026-07-11,7
4707,4536,Yauvani Koshy,Headphones,Electronics,4,3000,12000,Chennai,Cash on Delivery,2026-02-24,7
4708,4937,Idika Prashad,Phone,Electronics,3,25000,75000,Bengaluru,UPI,2025-11-25,7
4709,8745,Tristan Lad,Shoes,Fashion,4,2500,10000,Ahmedabad,Net Banking,2026-03-12,4
4710,5763,Anjali Gala,Laptop,Electronics,5,65000,325000,Hyderabad,Credit Card,2025-11-05,7
4711,4578,Aarush Natarajan,Watch,Accessories,4,5000,20000,Pune,Debit Card,2025-09-09,2
4712,6524,Turvi Chaudhary,Watch,Accessories,4,5000,20000,Delhi,Debit Card,2026-01-29,1
4713,6228,Abeer Menon,T-Shirt,Fashion,3,800,2400,Delhi,Debit Card,2026-02-27,6
4714,9716,Urmi Mann,Laptop,Electronics,2,65000,130000,Pune,Cash on Delivery,2026-07-02,4
4715,1837,George Vasa,Phone,Electronics,1,25000,25000,Kolkata,Credit Card,2026-06-06,3
4716,4213,Xiti Deshmukh,Phone,Electronics,5,25000,125000,Delhi,Cash on Delivery,2026-05-12,4
4717,3324,Jagrati Sahni,Phone,Electronics,4,25000,100000,Ahmedabad,Debit Card,2026-02-04,6
4718,1078,Orinder Mallick,T-Shirt,Fashion,3,800,2400,Hyderabad,Net Banking,2025-09-17,1
4719,6489,Qadim Kakar,Laptop,Electronics,2,65000,130000,Ahmedabad,UPI,2025-12-07,3
4720,1079,Karan Khare,Laptop,Electronics,2,65000,130000,Pune,Debit Card,2025-12-22,1
4721,2543,Nisha Ramanathan,Shoes,Fashion,5,2500,12500,Pune,Credit Card,2026-03-12,3
4722,3281,Rajeshri Soman,Phone,Electronics,1,25000,25000,Kolkata,Net Banking,2026-05-30,3
4723,4666,Tristan Wagle,T-Shirt,Fashion,2,800,1600,Kolkata,Net Banking,2026-02-21,7
4724,4081,Laban Soman,T-Shirt,Fashion,3,800,2400,Mumbai,UPI,2025-08-25,1
4725,1478,Qadim Bhattacharyya,Phone,Electronics,3,25000,75000,Pune,Credit Card,2026-02-13,4
4726,5328,Lila Naik,Phone,Electronics,4,25000,100000,Bengaluru,Net Banking,2026-05-10,4
4727,4001,Faqid Agate,T-Shirt,Fashion,4,800,3200,Ahmedabad,UPI,2025-09-07,6
4728,9124,Thomas Kulkarni,Laptop,Electronics,3,65000,195000,Hyderabad,Net Banking,2026-05-30,2
4729,6710,Nitara Dave,Headphones,Electronics,3,3000,9000,Pune,Debit Card,2025-10-19,1
4730,1671,Unni Vora,Phone,Electronics,4,25000,100000,Mumbai,Net Banking,2025-12-05,2
4731,8809,Aahana Viswanathan,Phone,Electronics,1,25000,25000,Pune,Debit Card,2025-11-29,7
4732,8434,Vrinda Kale,Phone,Electronics,2,25000,50000,Delhi,Cash on Delivery,2025-11-13,2
4733,2763,Ishaan Goyal,Headphones,Electronics,5,3000,15000,Chennai,Cash on Delivery,2026-07-27,2
4734,7312,Ijaya Mall,Phone,Electronics,3,25000,75000,Mumbai,Credit Card,2026-05-21,7
4735,8792,Tara Dhingra,Laptop,Electronics,3,65000,195000,Ahmedabad,Cash on Delivery,2026-06-04,6
4736,7969,Naveen Maharaj,Shoes,Fashion,2,2500,5000,Pune,UPI,2026-02-20,2
4737,9416,Falan Iyer,T-Shirt,Fashion,1,800,800,Pune,Net Banking,2026-01-26,1
4738,7426,Ekantika Munshi,Headphones,Electronics,4,3000,12000,Bengaluru,UPI,2025-09-10,5
4739,7945,Chaman Kapadia,Shoes,Fashion,1,2500,2500,Hyderabad,UPI,2026-04-18,5
4740,1330,Manan Varughese,T-Shirt,Fashion,2,800,1600,Hyderabad,Net Banking,2025-12-17,5
4741,8140,Nikita Seth,Phone,Electronics,1,25000,25000,Kolkata,UPI,2026-04-22,3
4742,9844,Rudra Sankaran,Phone,Electronics,3,25000,75000,Bengaluru,Credit Card,2025-11-05,6
4743,8220,Samaksh Shukla,Shoes,Fashion,4,2500,10000,Hyderabad,UPI,2025-09-20,2
4744,5594,Yoshita Sha,Chair,Furniture,2,4000,8000,Hyderabad,Net Banking,2026-07-01,5
4745,6055,Jasmit Bhatti,Headphones,Electronics,1,3000,3000,Ahmedabad,UPI,2025-09-14,6
4746,1936,Owen Sabharwal,Phone,Electronics,2,25000,50000,Bengaluru,Debit Card,2026-03-08,5
4747,5878,Ranveer Ramaswamy,T-Shirt,Fashion,4,800,3200,Ahmedabad,UPI,2026-08-07,7
4748,3878,Upadhriti Hans,Shoes,Fashion,5,2500,12500,Hyderabad,UPI,2026-07-05,2
4749,6927,Rehaan Joshi,Phone,Electronics,4,25000,100000,Ahmedabad,Cash on Delivery,2026-03-04,4
4750,2047,Madhavi Dugar,Headphones,Electronics,5,3000,15000,Mumbai,Debit Card,2025-09-28,3
4751,5239,Bachittar Chana,Headphones,Electronics,3,3000,9000,Hyderabad,UPI,2026-02-05,5
4752,5901,Aarna Seth,Watch,Accessories,2,5000,10000,Hyderabad,Cash on Delivery,2025-08-17,5
4753,1624,Lajita Narain,Phone,Electronics,1,25000,25000,Bengaluru,Net Banking,2026-05-13,4
4754,6254,Diya Rai,Headphones,Electronics,1,3000,3000,Delhi,Cash on Delivery,2026-05-09,2
4755,8662,Brinda Borde,Shoes,Fashion,1,2500,2500,Bengaluru,Cash on Delivery,2026-02-11,7
4756,8404,Nandini Nayar,Chair,Furniture,1,4000,4000,Hyderabad,Credit Card,2026-02-05,5
4757,3314,Parth Sagar,Phone,Electronics,4,25000,100000,Mumbai,UPI,2025-08-18,6
4758,3549,Nicholas Vasa,Headphones,Electronics,2,3000,6000,Bengaluru,UPI,2025-10-23,5
4759,2237,Ekantika Narang,Headphones,Electronics,4,3000,12000,Ahmedabad,Cash on Delivery,2026-01-25,2
4760,8930,Robert Saraf,Shoes,Fashion,4,2500,10000,Mumbai,UPI,2025-09-11,3
4761,8392,Forum Sama,Phone,Electronics,5,25000,125000,Kolkata,UPI,2025-12-26,4
4762,2326,Tarak Palan,Shoes,Fashion,3,2500,7500,Ahmedabad,Credit Card,2026-03-09,1
4763,1837,Chameli Bava,Phone,Electronics,3,25000,75000,Delhi,Credit Card,2025-12-07,1
4764,9531,Zashil Sarma,Phone,Electronics,4,25000,100000,Hyderabad,Net Banking,2025-12-19,4
4765,4490,Nisha Doctor,Headphones,Electronics,1,3000,3000,Pune,Debit Card,2026-04-08,1
4766,9241,George Sethi,Phone,Electronics,3,25000,75000,Chennai,Cash on Delivery,2025-11-29,7
4767,1778,Veda Saini,Phone,Electronics,2,25000,50000,Pune,UPI,2025-12-28,5
4768,5475,Barkha Saraf,T-Shirt,Fashion,2,800,1600,Chennai,Cash on Delivery,2026-02-27,6
4769,9789,Girik Rai,Phone,Electronics,1,25000,25000,Bengaluru,Credit Card,2025-11-19,7
4770,2577,Radhika Dave,Headphones,Electronics,5,3000,15000,Delhi,UPI,2025-12-24,2
4771,8313,Atharv Kamdar,T-Shirt,Fashion,2,800,1600,Bengaluru,UPI,2026-06-07,1
4772,2640,Gautami Bala,Watch,Accessories,3,5000,15000,Hyderabad,Credit Card,2025-08-16,3
4773,9937,Raghav Sodhi,Phone,Electronics,1,25000,25000,Pune,Credit Card,2026-01-10,2
4774,9772,Edhitha Varghese,Laptop,Electronics,2,65000,130000,Bengaluru,Debit Card,2026-03-02,7
4775,4227,Hemangini Narain,Phone,Electronics,1,25000,25000,Mumbai,Cash on Delivery,2025-11-19,5
4776,4641,Kabir Varghese,Phone,Electronics,4,25000,100000,Chennai,UPI,2025-11-30,2
4777,8846,Zehaan Krish,Headphones,Electronics,1,3000,3000,Hyderabad,Cash on Delivery,2026-06-07,5
4778,6017,Kashvi Bandi,Laptop,Electronics,5,65000,325000,Kolkata,Cash on Delivery,2025-10-23,4
4779,1379,Daksha Sarma,Phone,Electronics,1,25000,25000,Ahmedabad,Credit Card,2025-11-25,1
4780,1825,Ekaraj Golla,Phone,Electronics,1,25000,25000,Kolkata,UPI,2025-08-23,4
4781,5407,Vanya Jayaraman,Phone,Electronics,2,25000,50000,Ahmedabad,UPI,2026-06-08,7
4782,6253,Vasudha Grover,Shoes,Fashion,5,2500,12500,Mumbai,Credit Card,2026-05-20,2
4783,7083,Joshua Nadkarni,Headphones,Electronics,5,3000,15000,Mumbai,UPI,2026-03-18,7
4784,5338,Harish Dutta,Headphones,Electronics,1,3000,3000,Pune,Debit Card,2026-06-30,3
4785,8743,Fitan Basak,Desk,Furniture,4,7000,28000,Bengaluru,Net Banking,2026-01-12,4
4786,2882,Tanvi D’Alia,Phone,Electronics,4,25000,100000,Bengaluru,Cash on Delivery,2026-04-05,4
4787,8195,Bhavna Konda,Headphones,Electronics,2,3000,6000,Kolkata,UPI,2026-04-06,6
4788,9199,Urishilla Bhatnagar,T-Shirt,Fashion,5,800,4000,Chennai,Credit Card,2026-04-29,7
4789,6806,Samarth Ray,Headphones,Electronics,5,3000,15000,Chennai,UPI,2026-03-25,2
4790,8219,Upkaar Pradhan,Shoes,Fashion,4,2500,10000,Hyderabad,UPI,2026-02-08,3
4791,8516,Inaya Deo,Phone,Electronics,2,25000,50000,Mumbai,Credit Card,2026-03-25,5
4792,8828,Zinal Gera,T-Shirt,Fashion,5,800,4000,Pune,UPI,2025-11-05,2
4793,5729,Urmi Doctor,Shoes,Fashion,2,2500,5000,Chennai,UPI,2026-05-28,3
4794,7246,Faraj Ramachandran,Phone,Electronics,4,25000,100000,Bengaluru,Cash on Delivery,2026-07-08,4
4795,1013,Anmol Sarin,Phone,Electronics,2,25000,50000,Pune,UPI,2026-02-22,1
4796,2585,Oni Ranganathan,T-Shirt,Fashion,4,800,3200,Pune,Credit Card,2026-02-18,6
4797,4040,Lopa Batra,Shoes,Fashion,3,2500,7500,Pune,Net Banking,2026-02-03,2
4798,9714,Ekantika Ganesan,Phone,Electronics,4,25000,100000,Chennai,Credit Card,2026-04-23,4
4799,5100,Damini Bose,Phone,Electronics,1,25000,25000,Chennai,Debit Card,2026-02-15,4
4800,7348,Warda Tailor,Headphones,Electronics,5,3000,15000,Kolkata,UPI,2026-03-25,2
4801,4790,Benjamin Bahri,Phone,Electronics,5,25000,125000,Delhi,UPI,2025-10-16,3
4802,4732,Farhan Dara,Headphones,Electronics,4,3000,12000,Chennai,Credit Card,2026-01-27,6
4803,3967,Ayaan Gupta,T-Shirt,Fashion,3,800,2400,Bengaluru,Net Banking,2025-09-15,1
4804,8906,Amruta Mangal,Shoes,Fashion,2,2500,5000,Delhi,Cash on Delivery,2025-08-31,3
4805,2055,Raagini Bhargava,Headphones,Electronics,3,3000,9000,Delhi,Debit Card,2025-09-03,1
4806,2543,Mitesh Narasimhan,Phone,Electronics,2,25000,50000,Mumbai,Net Banking,2026-02-25,4
4807,3570,Zaitra Dasgupta,Phone,Electronics,5,25000,125000,Pune,Cash on Delivery,2025-12-19,1
4808,2433,Rehaan Chacko,Headphones,Electronics,1,3000,3000,Mumbai,Cash on Delivery,2026-06-10,6
4809,1875,Yashoda Kibe,Headphones,Electronics,4,3000,12000,Kolkata,Debit Card,2025-09-16,6
4810,9530,Mugdha Balan,Headphones,Electronics,5,3000,15000,Pune,Net Banking,2025-10-05,4
4811,8353,Anamika Mangat,Watch,Accessories,5,5000,25000,Delhi,Debit Card,2026-03-24,2
4812,2744,Pushti Dhingra,Book,Books,2,500,1000,Kolkata,UPI,2025-12-06,1
4813,6500,Devansh Dada,Phone,Electronics,4,25000,100000,Chennai,Debit Card,2025-12-23,5
4814,9757,Udant Jha,Shoes,Fashion,5,2500,12500,Mumbai,UPI,2026-01-31,4
4815,6134,Frado Karpe,Laptop,Electronics,2,65000,130000,Chennai,Credit Card,2026-05-01,1
4816,2542,Ekta Malhotra,Bottle,Home,2,600,1200,Bengaluru,Net Banking,2026-02-06,4
4817,6773,Oviya Chanda,Bottle,Home,3,600,1800,Kolkata,Credit Card,2026-05-23,6
4818,2693,Chakradev Divan,Watch,Accessories,4,5000,20000,Chennai,Net Banking,2025-09-16,3
4819,8995,Imaran Shere,Shoes,Fashion,2,2500,5000,Mumbai,UPI,2026-01-02,5
4820,9610,Neelima Baral,T-Shirt,Fashion,2,800,1600,Delhi,Cash on Delivery,2025-08-31,5
4821,1775,Idika Shetty,Chair,Furniture,2,4000,8000,Mumbai,Credit Card,2025-09-14,6
4822,2259,Anusha Shankar,T-Shirt,Fashion,4,800,3200,Chennai,Cash on Delivery,2026-05-02,3
4823,2882,Falak Chatterjee,Phone,Electronics,2,25000,50000,Chennai,Credit Card,2026-03-05,7
4824,7907,Samesh Srinivasan,Bottle,Home,2,600,1200,Mumbai,Credit Card,2026-01-10,1
4825,6397,Krish Bedi,Headphones,Electronics,5,3000,15000,Pune,Net Banking,2026-03-29,1
4826,6086,Rushil Oommen,T-Shirt,Fashion,1,800,800,Delhi,Credit Card,2026-01-17,4
4827,6853,Mahika Randhawa,Shoes,Fashion,5,2500,12500,Pune,Debit Card,2026-02-18,5
4828,4684,Ria Raju,T-Shirt,Fashion,5,800,4000,Ahmedabad,Cash on Delivery,2026-04-18,7
4829,9981,Janani Mammen,Watch,Accessories,5,5000,25000,Mumbai,Credit Card,2026-01-15,4
4830,3525,Jeevika Bhardwaj,Watch,Accessories,2,5000,10000,Bengaluru,Debit Card,2026-04-02,7
4831,2734,Girish Mohan,Chair,Furniture,3,4000,12000,Kolkata,Debit Card,2025-10-02,1
4832,6286,Yochana Parsa,T-Shirt,Fashion,2,800,1600,Mumbai,Debit Card,2026-05-19,7
4833,3940,Ishanvi Lata,Headphones,Electronics,4,3000,12000,Mumbai,Credit Card,2026-05-09,6
4834,2990,Isaiah Merchant,Phone,Electronics,1,25000,25000,Chennai,Credit Card,2026-03-26,5
4835,5230,Sara Gara,Headphones,Electronics,3,3000,9000,Mumbai,Credit Card,2025-08-12,6
4836,6215,Tamanna Narang,T-Shirt,Fashion,3,800,2400,Hyderabad,UPI,2025-12-23,3
4837,4970,Nihal Parmer,Phone,Electronics,1,25000,25000,Delhi,Cash on Delivery,2025-11-11,5
4838,1755,Imaran Kohli,Phone,Electronics,3,25000,75000,Chennai,Debit Card,2025-10-28,3
4839,9820,Henry Sagar,Watch,Accessories,5,5000,25000,Kolkata,Credit Card,2025-10-30,6
4840,3880,Vaishnavi Datta,Phone,Electronics,1,25000,25000,Mumbai,Cash on Delivery,2026-03-18,4
4841,6384,Raghav Dhar,Shoes,Fashion,2,2500,5000,Mumbai,Cash on Delivery,2025-11-22,4
4842,4378,Ishaan Sachdeva,Headphones,Electronics,1,3000,3000,Hyderabad,Net Banking,2025-08-25,4
4843,8419,Ridhi Chad,Phone,Electronics,4,25000,100000,Delhi,Cash on Delivery,2025-09-13,6
4844,4708,Ekanta Mistry,Phone,Electronics,4,25000,100000,Pune,UPI,2026-07-15,6
4845,3172,Vrinda Nadkarni,Book,Books,3,500,1500,Bengaluru,Credit Card,2025-12-03,6
4846,2541,Jeevika Krishnamurthy,Watch,Accessories,3,5000,15000,Hyderabad,UPI,2025-11-06,4
4847,4028,Wriddhish Raju,Shoes,Fashion,2,2500,5000,Hyderabad,Cash on Delivery,2026-05-23,3
4848,2542,Alka Deol,Phone,Electronics,1,25000,25000,Mumbai,Debit Card,2026-06-06,3
4849,5435,Ganga Rout,Phone,Electronics,3,25000,75000,Bengaluru,UPI,2026-07-12,2
4850,7026,Damini Menon,Shoes,Fashion,2,2500,5000,Delhi,Net Banking,2025-09-05,3
4851,2488,Vihaan Master,Headphones,Electronics,3,3000,9000,Mumbai,Net Banking,2026-06-13,4
4852,7824,Joshua Cherian,Shoes,Fashion,3,2500,7500,Pune,UPI,2026-01-21,5
4853,2688,Charan Bhalla,T-Shirt,Fashion,3,800,2400,Pune,Cash on Delivery,2025-12-26,3
4854,2064,Anika Dora,Phone,Electronics,5,25000,125000,Hyderabad,Cash on Delivery,2026-04-02,1
4855,5916,Ubika Kala,Phone,Electronics,2,25000,50000,Ahmedabad,UPI,2026-06-30,6
4856,9332,Ekapad Bhatt,Shoes,Fashion,1,2500,2500,Bengaluru,Cash on Delivery,2025-09-28,7
4857,1445,Upadhriti Luthra,Laptop,Electronics,1,65000,65000,Hyderabad,Debit Card,2026-07-26,4
4858,3969,Zashil Sabharwal,Phone,Electronics,3,25000,75000,Bengaluru,UPI,2026-03-17,6
4859,8868,Nachiket Korpal,Chair,Furniture,2,4000,8000,Chennai,Cash on Delivery,2025-10-21,4
4860,3838,Prisha Soni,Headphones,Electronics,4,3000,12000,Bengaluru,Net Banking,2026-05-18,3
4861,7286,Zayan Bala,Phone,Electronics,5,25000,125000,Mumbai,Net Banking,2026-06-02,3
4862,9876,Unnati Sethi,Laptop,Electronics,1,65000,65000,Hyderabad,Net Banking,2026-04-25,6
4863,4776,Imaran Dugar,Laptop,Electronics,5,65000,325000,Pune,Credit Card,2025-09-19,3
4864,5817,Adweta Edwin,Shoes,Fashion,2,2500,5000,Delhi,Cash on Delivery,2026-04-16,4
4865,4077,Nitara Verma,Shoes,Fashion,5,2500,12500,Pune,Cash on Delivery,2025-11-29,2
4866,9476,Naksh Raman,Phone,Electronics,3,25000,75000,Hyderabad,Credit Card,2025-10-02,3
4867,2679,Sudiksha Prasad,Phone,Electronics,3,25000,75000,Chennai,Cash on Delivery,2026-02-05,5
4868,9318,Aayush Bassi,Phone,Electronics,1,25000,25000,Chennai,Debit Card,2026-07-31,7
4869,5081,Indrajit Saxena,Phone,Electronics,3,25000,75000,Bengaluru,Cash on Delivery,2025-11-14,5
4870,6402,Lipika Vala,Desk,Furniture,5,7000,35000,Ahmedabad,UPI,2025-12-25,4
4871,1355,Girindra Ahuja,Phone,Electronics,3,25000,75000,Ahmedabad,Credit Card,2025-10-28,7
4872,7114,Chaman Lal,Watch,Accessories,5,5000,25000,Pune,Cash on Delivery,2026-05-04,7
4873,5075,Nidra Chadha,Shoes,Fashion,1,2500,2500,Chennai,Net Banking,2025-09-05,7
4874,6353,Kiaan Shankar,Chair,Furniture,3,4000,12000,Hyderabad,Debit Card,2026-07-26,5
4875,7633,Bakhshi Mukherjee,Laptop,Electronics,4,65000,260000,Ahmedabad,UPI,2025-09-20,3
4876,9569,Tripti Chowdhury,Headphones,Electronics,5,3000,15000,Hyderabad,UPI,2026-07-23,1
4877,6574,Omkaar Panchal,T-Shirt,Fashion,5,800,4000,Pune,Credit Card,2026-07-22,5
4878,4477,Udarsh Chada,Headphones,Electronics,4,3000,12000,Pune,Debit Card,2025-11-11,6
4879,7181,Darsh Sabharwal,Shoes,Fashion,4,2500,10000,Chennai,Cash on Delivery,2026-02-10,4
4880,5230,Tejas Badal,Headphones,Electronics,5,3000,15000,Kolkata,UPI,2026-03-01,4
4881,1364,Jagdish Bajwa,Shoes,Fashion,4,2500,10000,Chennai,Net Banking,2026-04-22,1
4882,8214,Neel Luthra,Laptop,Electronics,3,65000,195000,Mumbai,UPI,2026-08-04,1
4883,9578,Ekbal Thaker,Chair,Furniture,2,4000,8000,Pune,Cash on Delivery,2025-10-23,1
4884,6873,Chanchal Patla,Phone,Electronics,4,25000,100000,Chennai,Cash on Delivery,2026-07-08,6
4885,2254,Forum Iyer,Phone,Electronics,3,25000,75000,Chennai,UPI,2025-10-25,6
4886,5792,Warinder Cheema,Laptop,Electronics,4,65000,260000,Pune,Net Banking,2026-08-01,6
4887,5654,Upasna Menon,Shoes,Fashion,2,2500,5000,Hyderabad,Debit Card,2025-11-01,5
4888,9472,Sudiksha Chanda,Watch,Accessories,4,5000,20000,Ahmedabad,UPI,2025-10-12,3
4889,6490,Baghyawati Din,Phone,Electronics,1,25000,25000,Chennai,Cash on Delivery,2026-04-04,7
4890,8937,Radha Kanda,Shoes,Fashion,2,2500,5000,Ahmedabad,Debit Card,2026-01-09,1
4891,3915,Yachana Chakraborty,Phone,Electronics,3,25000,75000,Chennai,UPI,2026-07-15,4
4892,3749,Varenya Batta,T-Shirt,Fashion,5,800,4000,Ahmedabad,Cash on Delivery,2025-10-03,1
4893,3130,Eshana Banerjee,Phone,Electronics,1,25000,25000,Ahmedabad,UPI,2025-08-26,7
4894,9829,Gautam Mahal,Shoes,Fashion,2,2500,5000,Ahmedabad,Cash on Delivery,2026-07-02,4
4895,5929,Gagan Jaggi,Shoes,Fashion,4,2500,10000,Mumbai,Cash on Delivery,2025-08-25,7
4896,5710,Mahika Narang,T-Shirt,Fashion,5,800,4000,Hyderabad,Cash on Delivery,2025-10-26,7
4897,7313,Jhalak Roy,Headphones,Electronics,1,3000,3000,Hyderabad,Debit Card,2025-10-03,5
4898,2385,Tara Karpe,Phone,Electronics,1,25000,25000,Delhi,UPI,2026-06-26,7
4899,9999,Nathaniel Mani,T-Shirt,Fashion,4,800,3200,Chennai,Net Banking,2026-05-06,3
4900,4414,Ethan Madan,Laptop,Electronics,5,65000,325000,Delhi,Debit Card,2026-07-29,6
4901,3415,Gautam Bhatti,Book,Books,3,500,1500,Kolkata,Cash on Delivery,2025-10-15,3
4902,1799,Baghyawati Bhatt,Headphones,Electronics,4,3000,12000,Hyderabad,Cash on Delivery,2025-10-18,3
4903,4183,Urvi Manne,Headphones,Electronics,1,3000,3000,Chennai,Credit Card,2025-08-23,3
4904,4461,Aarnav Char,Phone,Electronics,3,25000,75000,Pune,Cash on Delivery,2025-12-23,5
4905,5007,Lajita Pandya,T-Shirt,Fashion,4,800,3200,Hyderabad,UPI,2026-07-27,5
4906,4214,Champak Khare,Laptop,Electronics,2,65000,130000,Hyderabad,Debit Card,2025-12-28,4
4907,8811,Maya Kala,Shoes,Fashion,1,2500,2500,Delhi,Cash on Delivery,2026-01-29,2
4908,5939,Nidra Parekh,T-Shirt,Fashion,4,800,3200,Pune,Debit Card,2026-05-09,4
4909,3835,Jacob Jain,Headphones,Electronics,4,3000,12000,Chennai,Credit Card,2026-03-11,4
4910,8282,Henry Gara,Phone,Electronics,4,25000,100000,Ahmedabad,UPI,2025-10-02,5
4911,9001,Thomas Rajan,Shoes,Fashion,5,2500,12500,Kolkata,Debit Card,2025-09-15,7
4912,5466,Vritti Baral,Headphones,Electronics,3,3000,9000,Pune,Credit Card,2025-11-24,3
4913,3266,Siya Dutta,T-Shirt,Fashion,3,800,2400,Ahmedabad,Credit Card,2026-02-02,4
4914,1450,Lila Baral,Shoes,Fashion,3,2500,7500,Hyderabad,Cash on Delivery,2026-03-08,4
4915,8787,Gaurav Parsa,Headphones,Electronics,5,3000,15000,Pune,UPI,2025-10-23,3
4916,8864,Ekta Dixit,Watch,Accessories,1,5000,5000,Chennai,Cash on Delivery,2025-12-21,3
4917,8293,Nathaniel Lanka,Laptop,Electronics,5,65000,325000,Ahmedabad,Credit Card,2026-03-04,3
4918,8719,Waida Chhabra,Laptop,Electronics,3,65000,195000,Hyderabad,Credit Card,2025-09-22,1
4919,1529,Anjali Khare,Shoes,Fashion,1,2500,2500,Delhi,Net Banking,2026-05-23,7
4920,7701,Deepa Joshi,Phone,Electronics,1,25000,25000,Ahmedabad,Cash on Delivery,2026-08-07,3
4921,4967,Inaya Patel,Shoes,Fashion,2,2500,5000,Pune,Debit Card,2026-03-10,3
4922,7924,Chatresh Rege,Phone,Electronics,3,25000,75000,Ahmedabad,Credit Card,2025-10-09,3
4923,3132,Karan Mistry,Chair,Furniture,2,4000,8000,Chennai,Cash on Delivery,2026-07-22,1
4924,1603,Mohini Karpe,Shoes,Fashion,1,2500,2500,Pune,Cash on Delivery,2026-05-16,1
4925,2289,Triya Garde,Watch,Accessories,5,5000,25000,Mumbai,UPI,2026-07-04,6
4926,6925,Harita Sood,Phone,Electronics,3,25000,75000,Chennai,UPI,2026-06-25,1
4927,9222,Pavani Maharaj,Shoes,Fashion,5,2500,12500,Chennai,Debit Card,2026-06-23,1
4928,6214,Pranit Divan,Laptop,Electronics,1,65000,65000,Hyderabad,Cash on Delivery,2025-09-21,7
4929,7985,Reva Peri,Book,Books,4,500,2000,Mumbai,Debit Card,2026-01-19,6
4930,7964,Saksham Shenoy,Phone,Electronics,4,25000,100000,Mumbai,Net Banking,2026-02-12,6
4931,9374,Dominic Misra,T-Shirt,Fashion,4,800,3200,Kolkata,UPI,2026-03-30,3
4932,7743,Jackson Swaminathan,Shoes,Fashion,5,2500,12500,Chennai,Cash on Delivery,2026-08-07,5
4933,1259,Amara Chakraborty,Watch,Accessories,5,5000,25000,Ahmedabad,Credit Card,2026-06-14,3
4934,7142,Kala Roy,Headphones,Electronics,5,3000,15000,Delhi,Net Banking,2025-11-30,6
4935,3688,Aadi Pillay,Shoes,Fashion,3,2500,7500,Hyderabad,Credit Card,2025-10-04,1
4936,4046,Rushil Nagarajan,Shoes,Fashion,5,2500,12500,Kolkata,Cash on Delivery,2026-03-15,3
4937,5558,Tanay Dutta,Watch,Accessories,3,5000,15000,Kolkata,Credit Card,2026-06-27,5
4938,3548,Kamala Dave,Headphones,Electronics,2,3000,6000,Mumbai,Debit Card,2025-12-03,1
4939,2445,Anirudh Ratti,Phone,Electronics,2,25000,50000,Chennai,Cash on Delivery,2026-05-10,1
4940,8390,Elijah Patla,Phone,Electronics,3,25000,75000,Hyderabad,Credit Card,2026-03-02,5
4941,5150,Hema Choudhary,Headphones,Electronics,1,3000,3000,Kolkata,Net Banking,2025-08-11,3
4942,5902,Jyoti Oak,Phone,Electronics,4,25000,100000,Pune,Credit Card,2026-08-07,1
4943,5300,Madhav Pradhan,Phone,Electronics,5,25000,125000,Pune,UPI,2025-12-04,1
4944,4701,Faris Ramachandran,Desk,Furniture,2,7000,14000,Kolkata,Credit Card,2026-01-09,7
4945,9802,Bakhshi Sachdev,Phone,Electronics,1,25000,25000,Chennai,Cash on Delivery,2025-10-24,3
4946,8849,Dev Chad,Book,Books,4,500,2000,Pune,UPI,2025-09-13,2
4947,7004,Faqid Mander,Laptop,Electronics,2,65000,130000,Mumbai,Net Banking,2026-06-23,6
4948,6821,Charvi Pandya,Phone,Electronics,2,25000,50000,Ahmedabad,Credit Card,2026-01-09,3
4949,6214,Sachi Kant,Book,Books,4,500,2000,Mumbai,Debit Card,2025-10-16,2
4950,9814,Ojas Chada,Chair,Furniture,5,4000,20000,Ahmedabad,Credit Card,2026-06-13,6
4951,6371,David Agate,Phone,Electronics,5,25000,125000,Ahmedabad,Net Banking,2026-06-20,7
4952,9560,Eshana Loke,Shoes,Fashion,5,2500,12500,Pune,UPI,2026-05-19,2
4953,7145,Aarav Rout,Chair,Furniture,5,4000,20000,Ahmedabad,Debit Card,2025-11-06,7
4954,7173,Pratyush Sarin,Headphones,Electronics,1,3000,3000,Kolkata,Debit Card,2026-02-28,7
4955,9815,Adya D’Alia,Shoes,Fashion,2,2500,5000,Hyderabad,UPI,2025-08-20,5
4956,2502,Ucchal Ramakrishnan,Phone,Electronics,5,25000,125000,Delhi,UPI,2026-03-22,2
4957,5230,Samar Kuruvilla,Chair,Furniture,1,4000,4000,Chennai,Credit Card,2026-04-09,3
4958,3835,Orinder Balan,Phone,Electronics,5,25000,125000,Pune,Credit Card,2025-08-16,1
4959,8590,Anya Palan,Shoes,Fashion,3,2500,7500,Hyderabad,UPI,2025-12-30,7
4960,3840,Aryan Wable,Headphones,Electronics,1,3000,3000,Mumbai,Net Banking,2025-11-02,3
4961,5836,Ekanta Hans,Phone,Electronics,2,25000,50000,Mumbai,UPI,2026-07-13,3
4962,4221,Zaitra Vora,Shoes,Fashion,1,2500,2500,Hyderabad,UPI,2026-03-15,3
4963,6938,Oni Vyas,Watch,Accessories,3,5000,15000,Hyderabad,UPI,2025-10-01,1
4964,4109,Nicholas Chadha,Phone,Electronics,1,25000,25000,Delhi,Debit Card,2026-04-05,3
4965,9729,Charita Pandya,Laptop,Electronics,4,65000,260000,Mumbai,UPI,2026-04-30,1
4966,6907,Gayathri Kapadia,Shoes,Fashion,4,2500,10000,Pune,Debit Card,2025-10-02,3
4967,4889,Amara Srinivasan,Headphones,Electronics,4,3000,12000,Pune,Debit Card,2026-05-27,3
4968,4010,Teerth Raval,Phone,Electronics,5,25000,125000,Mumbai,Credit Card,2025-11-11,4
4969,5372,Amruta Lata,Desk,Furniture,5,7000,35000,Ahmedabad,Credit Card,2026-04-11,1
4970,2687,Chatura Din,Headphones,Electronics,1,3000,3000,Delhi,Cash on Delivery,2026-06-28,1
4971,7234,Tamanna Deo,Book,Books,4,500,2000,Mumbai,UPI,2026-06-25,1
4972,3169,Saanvi Nayak,Watch,Accessories,5,5000,25000,Bengaluru,Debit Card,2026-02-05,2
4973,7627,Sudiksha Lanka,T-Shirt,Fashion,1,800,800,Bengaluru,Cash on Delivery,2025-11-09,7
4974,3489,Shivani Vyas,Headphones,Electronics,2,3000,6000,Mumbai,Cash on Delivery,2025-08-21,3
4975,3793,Jasmit Koshy,Book,Books,4,500,2000,Chennai,Net Banking,2026-01-29,5
4976,1499,Radha Gupta,T-Shirt,Fashion,2,800,1600,Hyderabad,Debit Card,2026-05-02,4
4977,1063,Pranit Narayanan,Headphones,Electronics,1,3000,3000,Delhi,Debit Card,2025-10-26,5
4978,9065,Leena Patel,Phone,Electronics,3,25000,75000,Bengaluru,Credit Card,2026-07-21,5
4979,4297,Gabriel Garde,Shoes,Fashion,1,2500,2500,Bengaluru,Credit Card,2025-08-16,1
4980,5379,Yashasvi Rajagopalan,Laptop,Electronics,4,65000,260000,Ahmedabad,Net Banking,2025-09-28,4
4981,4135,Manya Gala,Shoes,Fashion,3,2500,7500,Kolkata,UPI,2026-04-24,2
4982,5837,Vasudha Loke,Shoes,Fashion,1,2500,2500,Ahmedabad,Credit Card,2026-06-01,6
4983,9384,Atharv Ben,T-Shirt,Fashion,3,800,2400,Delhi,Credit Card,2025-10-09,6
4984,1261,Oni Mallick,Desk,Furniture,4,7000,28000,Chennai,UPI,2026-03-08,3
4985,3980,Wahab Kala,Headphones,Electronics,2,3000,6000,Pune,UPI,2026-04-30,4
4986,8816,Nathaniel Malhotra,T-Shirt,Fashion,3,800,2400,Pune,Cash on Delivery,2026-06-27,7
4987,6588,Aditya Warrior,Phone,Electronics,5,25000,125000,Delhi,Net Banking,2025-11-24,1
4988,9235,Nathaniel Thakkar,Phone,Electronics,1,25000,25000,Ahmedabad,Cash on Delivery,2026-07-12,4
4989,4346,Sudiksha Warrior,Chair,Furniture,3,4000,12000,Delhi,UPI,2026-05-16,4
4990,8068,Yahvi Raman,Phone,Electronics,3,25000,75000,Bengaluru,Credit Card,2025-12-13,5
4991,9333,Abdul Prabhakar,Headphones,Electronics,5,3000,15000,Kolkata,Cash on Delivery,2026-05-03,3
4992,4893,Samarth Dass,Headphones,Electronics,5,3000,15000,Mumbai,Credit Card,2025-09-24,4
4993,7827,Anjali Dora,Shoes,Fashion,1,2500,2500,Bengaluru,Credit Card,2026-08-07,7
4994,2600,Hemal Baria,Headphones,Electronics,1,3000,3000,Hyderabad,Net Banking,2026-07-26,4
4995,8896,Girindra Vasa,Laptop,Electronics,3,65000,195000,Pune,Cash on Delivery,2025-11-29,1
4996,1252,Dalbir Chaudry,T-Shirt,Fashion,5,800,4000,Hyderabad,Net Banking,2025-09-18,1
4997,5200,Ucchal Konda,Phone,Electronics,1,25000,25000,Ahmedabad,Credit Card,2026-04-10,5
4998,5748,Tejas Krishna,Phone,Electronics,5,25000,125000,Pune,UPI,2025-08-31,5
4999,5253,Shivani Narang,Shoes,Fashion,1,2500,2500,Kolkata,Net Banking,2025-10-05,6
5000,4823,Amruta Sundaram,Laptop,Electronics,3,65000,195000,Pune,Cash on Delivery,2026-05-29,2
5001,6872,Turvi Swaminathan,Headphones,Electronics,5,3000,15000,Mumbai,Cash on Delivery,2026-07-05,4
5002,6429,Ekani Pradhan,Phone,Electronics,1,25000,25000,Hyderabad,Credit Card,2025-11-19,6
5003,1128,Abeer Aurora,Shoes,Fashion,4,2500,10000,Pune,Net Banking,2026-07-24,7
5004,7780,Yashodhara Narang,Headphones,Electronics,5,3000,15000,Ahmedabad,Cash on Delivery,2026-03-02,6
5005,3732,Radhika Jhaveri,Shoes,Fashion,5,2500,12500,Ahmedabad,Net Banking,2026-06-01,6
5006,9610,Maanav Khare,Phone,Electronics,2,25000,50000,Bengaluru,Net Banking,2025-12-02,1
5007,9633,Jack Gokhale,T-Shirt,Fashion,1,800,800,Hyderabad,Credit Card,2025-12-21,2
5008,8156,Arya Pingle,Phone,Electronics,1,25000,25000,Ahmedabad,Cash on Delivery,2025-09-13,5
5009,8945,Adweta Wagle,Shoes,Fashion,4,2500,10000,Chennai,Cash on Delivery,2026-02-16,5
5010,5563,Gaurika Rege,Laptop,Electronics,4,65000,260000,Ahmedabad,Net Banking,2025-10-07,2
5011,5599,Jatin Soni,Headphones,Electronics,3,3000,9000,Ahmedabad,Net Banking,2026-05-29,4
5012,4785,Abha Kadakia,Phone,Electronics,1,25000,25000,Ahmedabad,Credit Card,2026-06-01,1
5013,6646,Girik Chacko,Desk,Furniture,3,7000,21000,Ahmedabad,Net Banking,2026-06-27,6
5014,9004,Darsh Rajan,Phone,Electronics,5,25000,125000,Pune,Net Banking,2026-02-19,6
5015,2425,Bhavani Choudhry,Headphones,Electronics,3,3000,9000,Mumbai,Debit Card,2025-12-11,5
5016,8021,Hredhaan Kala,Phone,Electronics,2,25000,50000,Kolkata,Debit Card,2026-01-17,7
5017,9077,Varsha Kapoor,Phone,Electronics,1,25000,25000,Chennai,Debit Card,2025-08-18,3
5018,7656,Chavvi Rai,Phone,Electronics,5,25000,125000,Ahmedabad,Debit Card,2026-06-12,1
5019,6090,Warhi Trivedi,T-Shirt,Fashion,4,800,3200,Mumbai,Net Banking,2026-02-16,4
5020,7992,Watika Sandhu,Headphones,Electronics,5,3000,15000,Hyderabad,UPI,2026-01-13,7
5021,6750,Krish Johal,Laptop,Electronics,2,65000,130000,Bengaluru,UPI,2026-05-21,7
5022,1616,Vedant Patel,Phone,Electronics,2,25000,50000,Mumbai,Debit Card,2025-08-24,5
5023,3827,Omkaar Dhillon,Headphones,Electronics,2,3000,6000,Pune,Credit Card,2025-11-07,2
5024,4522,Nandini Rattan,Headphones,Electronics,5,3000,15000,Pune,Net Banking,2025-09-07,2
5025,1799,Ucchal Amble,Headphones,Electronics,4,3000,12000,Pune,Cash on Delivery,2026-02-12,6
5026,9292,Sarthak Tak,Shoes,Fashion,1,2500,2500,Delhi,Debit Card,2026-07-10,1
5027,5915,Aditya Prakash,T-Shirt,Fashion,2,800,1600,Delhi,UPI,2026-03-02,7
5028,8186,Faqid Nagarajan,Watch,Accessories,2,5000,10000,Hyderabad,Debit Card,2026-01-31,7
5029,7557,Jatin Magar,Watch,Accessories,4,5000,20000,Kolkata,UPI,2025-11-04,3
5030,7829,Bhavani Ramaswamy,Phone,Electronics,3,25000,75000,Delhi,Debit Card,2026-02-26,2
5031,1670,Chameli Ganesan,Headphones,Electronics,4,3000,12000,Chennai,Cash on Delivery,2025-11-07,7
5032,3257,Triveni Viswanathan,Phone,Electronics,4,25000,100000,Kolkata,Credit Card,2026-07-03,1
5033,7473,Urvashi Bahl,Shoes,Fashion,2,2500,5000,Pune,Net Banking,2025-12-18,5
5034,3509,Neel Dhar,Laptop,Electronics,5,65000,325000,Ahmedabad,Cash on Delivery,2026-03-28,4
5035,9213,Vihaan Prakash,Shoes,Fashion,2,2500,5000,Ahmedabad,UPI,2026-07-21,2
5036,6258,Gaurav Kothari,Bottle,Home,3,600,1800,Hyderabad,Net Banking,2025-12-25,2
5037,8438,Wyatt Ramesh,Watch,Accessories,4,5000,20000,Ahmedabad,Debit Card,2026-04-17,5
5038,7328,Manya Chowdhury,Phone,Electronics,2,25000,50000,Bengaluru,Cash on Delivery,2026-02-26,3
5039,7074,Kabir Bava,Phone,Electronics,5,25000,125000,Chennai,Cash on Delivery,2026-03-17,6
5040,7478,Chavvi Thaker,Headphones,Electronics,3,3000,9000,Delhi,Cash on Delivery,2026-06-17,5
5041,8872,Mason Chaudhari,Shoes,Fashion,1,2500,2500,Ahmedabad,UPI,2026-06-24,6
5042,2639,Manan Bhat,T-Shirt,Fashion,5,800,4000,Mumbai,Cash on Delivery,2026-02-15,4
5043,3509,Forum Sangha,Phone,Electronics,1,25000,25000,Pune,Debit Card,2025-11-13,1
5044,3706,David Mahal,T-Shirt,Fashion,5,800,4000,Ahmedabad,Credit Card,2025-10-19,6
5045,9871,Saumya Trivedi,Phone,Electronics,3,25000,75000,Bengaluru,Net Banking,2025-10-24,7
5046,9476,Yoshita Bali,Shoes,Fashion,2,2500,5000,Ahmedabad,Net Banking,2025-08-31,4
5047,8116,Avi Singh,Phone,Electronics,4,25000,100000,Ahmedabad,Cash on Delivery,2025-10-16,7
5048,8887,David Chaudhuri,Phone,Electronics,1,25000,25000,Delhi,Debit Card,2025-11-25,3
5049,5314,Dipta Joshi,Phone,Electronics,5,25000,125000,Hyderabad,Debit Card,2026-01-29,2
5050,9798,Rohan Varkey,Bottle,Home,4,600,2400,Kolkata,Cash on Delivery,2025-12-11,1
5051,3862,Bimala Sarraf,Phone,Electronics,4,25000,100000,Bengaluru,UPI,2026-06-27,7
5052,1880,Hritik Manne,Headphones,Electronics,5,3000,15000,Kolkata,Cash on Delivery,2026-07-15,6
5053,6665,Osha Sagar,Phone,Electronics,1,25000,25000,Hyderabad,Debit Card,2025-10-27,5
5054,1834,Raghav Kulkarni,Headphones,Electronics,1,3000,3000,Delhi,UPI,2025-12-03,1
5055,8575,Vansha Jain,Desk,Furniture,3,7000,21000,Kolkata,Credit Card,2026-06-01,7
5056,4938,Rishi Chatterjee,Phone,Electronics,3,25000,75000,Mumbai,Debit Card,2025-09-09,6
5057,3833,Jagdish Trivedi,Headphones,Electronics,2,3000,6000,Ahmedabad,Debit Card,2026-02-28,4
5058,7574,Sneha Dhar,Chair,Furniture,3,4000,12000,Pune,UPI,2026-01-31,2
5059,6062,Aashi Trivedi,Phone,Electronics,4,25000,100000,Mumbai,Cash on Delivery,2026-02-19,5
5060,8661,Ayush Bobal,Phone,Electronics,3,25000,75000,Hyderabad,Net Banking,2026-05-09,6
5061,3368,Meghana Singh,Phone,Electronics,2,25000,50000,Ahmedabad,Debit Card,2025-11-15,3
5062,6636,Dominic Basu,Headphones,Electronics,5,3000,15000,Kolkata,Net Banking,2026-04-26,3
5063,9217,Champak Khurana,T-Shirt,Fashion,3,800,2400,Mumbai,Cash on Delivery,2025-09-13,4
5064,5300,Hemani Jaggi,Laptop,Electronics,5,65000,325000,Mumbai,Credit Card,2026-06-25,4
5065,5947,Kabir Salvi,Phone,Electronics,2,25000,50000,Kolkata,UPI,2026-04-26,3
5066,5122,Hredhaan Narain,Laptop,Electronics,1,65000,65000,Chennai,Net Banking,2025-09-01,4
5067,5169,Hamsini Walla,Shoes,Fashion,1,2500,2500,Kolkata,Net Banking,2025-11-02,4
5068,5765,Christopher Chaudhary,Shoes,Fashion,2,2500,5000,Mumbai,Net Banking,2026-02-03,3
5069,6571,Manthan Johal,Shoes,Fashion,5,2500,12500,Delhi,Net Banking,2025-12-25,6
5070,7108,Rachana Gupta,Phone,Electronics,3,25000,75000,Chennai,UPI,2025-12-06,1
5071,7361,Bakhshi Prashad,Headphones,Electronics,2,3000,6000,Mumbai,UPI,2026-02-07,1
5072,1511,Chaman Bala,Headphones,Electronics,5,3000,15000,Delhi,UPI,2025-11-22,4
5073,8536,Varsha Contractor,Shoes,Fashion,4,2500,10000,Pune,Net Banking,2026-06-19,1
5074,3917,Nihal Saraf,Headphones,Electronics,4,3000,12000,Ahmedabad,Debit Card,2026-06-11,6
5075,2799,Rudra Dass,Laptop,Electronics,2,65000,130000,Ahmedabad,Net Banking,2025-11-01,7
5076,7950,Rushil Desai,T-Shirt,Fashion,5,800,4000,Kolkata,Cash on Delivery,2026-03-19,6
5077,8019,Rachita Uppal,Phone,Electronics,2,25000,50000,Kolkata,Credit Card,2025-08-17,3
5078,9637,Suhani Shankar,Watch,Accessories,3,5000,15000,Chennai,UPI,2026-05-29,4
5079,3176,Chanchal Doshi,Laptop,Electronics,2,65000,130000,Hyderabad,Debit Card,2026-07-15,7
5080,4776,Inaya Kale,Laptop,Electronics,2,65000,130000,Ahmedabad,UPI,2025-08-09,7
5081,2219,Omisha Kaul,Phone,Electronics,1,25000,25000,Pune,Credit Card,2025-08-12,1
5082,3702,Mason Vig,Shoes,Fashion,3,2500,7500,Kolkata,Debit Card,2026-06-27,5
5083,4686,Lakshit Samra,Phone,Electronics,4,25000,100000,Ahmedabad,Cash on Delivery,2026-01-11,6
5084,7783,Chatresh Gole,T-Shirt,Fashion,5,800,4000,Kolkata,UPI,2026-01-17,6
5085,4211,Anika Dhawan,Phone,Electronics,1,25000,25000,Delhi,UPI,2026-03-01,4
5086,6967,Arunima Manda,Shoes,Fashion,2,2500,5000,Chennai,Debit Card,2025-09-13,5
5087,1412,Karan Morar,T-Shirt,Fashion,4,800,3200,Bengaluru,Debit Card,2025-11-11,2
5088,4887,Tejas Vala,Desk,Furniture,4,7000,28000,Kolkata,Net Banking,2026-03-18,3
5089,3318,Kavya Swamy,Shoes,Fashion,1,2500,2500,Chennai,Cash on Delivery,2025-09-27,5
5090,3104,Faris Nath,Phone,Electronics,2,25000,50000,Hyderabad,Credit Card,2026-05-07,1
5091,6280,Harshil Kamdar,Phone,Electronics,2,25000,50000,Bengaluru,Cash on Delivery,2025-11-25,1
5092,9015,Damyanti Mukherjee,Book,Books,5,500,2500,Bengaluru,Debit Card,2025-09-26,7
5093,7460,Hiral Chaudhuri,Shoes,Fashion,3,2500,7500,Ahmedabad,Cash on Delivery,2026-02-12,3
5094,7185,Brijesh Sagar,Shoes,Fashion,3,2500,7500,Ahmedabad,Credit Card,2026-02-28,2
5095,5590,Meghana Kalla,Phone,Electronics,3,25000,75000,Pune,UPI,2026-01-14,1
5096,6613,Keya Ben,Headphones,Electronics,5,3000,15000,Mumbai,Credit Card,2025-08-12,4
5097,9375,Omkaar Rajan,Book,Books,2,500,1000,Delhi,Debit Card,2025-12-25,2
5098,9845,Bachittar Sane,Laptop,Electronics,5,65000,325000,Mumbai,Net Banking,2026-03-20,2
5099,9404,Nathan Rao,Headphones,Electronics,4,3000,12000,Pune,UPI,2026-07-03,5
5100,9137,Anusha Mangal,T-Shirt,Fashion,3,800,2400,Mumbai,Debit Card,2025-10-13,4
5101,1457,Keya Dar,Shoes,Fashion,2,2500,5000,Mumbai,Debit Card,2025-12-09,6
5102,4980,Jagrati Karnik,Headphones,Electronics,2,3000,6000,Ahmedabad,Debit Card,2026-01-26,1
5103,4024,Vedant Deo,Watch,Accessories,1,5000,5000,Kolkata,Credit Card,2026-05-02,5
5104,1187,Eshana Dara,Phone,Electronics,4,25000,100000,Hyderabad,UPI,2026-07-29,5
5105,5769,Vaishnavi Vaidya,Headphones,Electronics,4,3000,12000,Kolkata,Cash on Delivery,2025-12-28,1
5106,7910,Chakradhar Cheema,Shoes,Fashion,1,2500,2500,Kolkata,Cash on Delivery,2026-06-22,1
5107,8619,Idika Ramesh,Chair,Furniture,2,4000,8000,Chennai,Credit Card,2025-08-29,6
5108,8916,Netra Kurian,Shoes,Fashion,1,2500,2500,Chennai,Cash on Delivery,2025-08-29,6
5109,4039,Maanav Karan,T-Shirt,Fashion,4,800,3200,Mumbai,Cash on Delivery,2025-08-16,2
5110,9577,Darika Khare,Laptop,Electronics,5,65000,325000,Chennai,Net Banking,2026-02-22,1
5111,9208,Watika Tandon,Shoes,Fashion,1,2500,2500,Chennai,Net Banking,2025-08-24,2
5112,7342,Gagan Mander,Laptop,Electronics,2,65000,130000,Pune,Debit Card,2025-10-01,7
5113,8035,Girish Krishnan,Headphones,Electronics,5,3000,15000,Kolkata,Debit Card,2026-02-07,1
5114,7574,Advay Tailor,Headphones,Electronics,1,3000,3000,Delhi,Debit Card,2026-05-21,6
5115,1334,Jalsa Padmanabhan,Book,Books,2,500,1000,Chennai,Debit Card,2025-11-16,7
5116,8971,Priya Kara,T-Shirt,Fashion,1,800,800,Delhi,Credit Card,2026-06-03,3
5117,8383,Ishita Kapadia,Phone,Electronics,1,25000,25000,Delhi,UPI,2026-03-21,5
5118,2635,Leela Kulkarni,Laptop,Electronics,3,65000,195000,Hyderabad,Cash on Delivery,2026-06-18,5
5119,8611,Indrajit Srivastava,Phone,Electronics,4,25000,100000,Delhi,Cash on Delivery,2025-10-20,3
5120,5040,Yoshita Sane,Phone,Electronics,3,25000,75000,Mumbai,Net Banking,2025-08-08,2
5121,3269,Omkaar Pant,Shoes,Fashion,4,2500,10000,Ahmedabad,Credit Card,2026-02-11,4
5122,3854,Christopher Nazareth,T-Shirt,Fashion,2,800,1600,Mumbai,Cash on Delivery,2025-09-11,5
5123,9356,Hitesh Oak,Shoes,Fashion,1,2500,2500,Kolkata,Debit Card,2026-05-31,7
5124,3319,Osha Srinivasan,Phone,Electronics,1,25000,25000,Hyderabad,Credit Card,2026-03-08,7
5125,4781,Chameli Nadkarni,Bottle,Home,5,600,3000,Pune,Credit Card,2026-03-12,6
5126,1069,Vihaan Chahal,T-Shirt,Fashion,1,800,800,Chennai,Debit Card,2025-10-01,4
5127,2383,Aarav Tara,Phone,Electronics,3,25000,75000,Kolkata,Debit Card,2025-09-02,3
5128,4566,Manan Naik,Book,Books,4,500,2000,Ahmedabad,UPI,2025-09-17,1
5129,5984,Atharv Thaker,Watch,Accessories,1,5000,5000,Delhi,UPI,2026-03-13,2
5130,4103,Lakshit Mistry,Book,Books,2,500,1000,Mumbai,Net Banking,2025-11-16,3
5131,8900,Simon Sastry,Phone,Electronics,5,25000,125000,Delhi,Credit Card,2026-03-11,3
5132,8434,Hamsini Modi,T-Shirt,Fashion,5,800,4000,Mumbai,Cash on Delivery,2026-03-10,4
5133,1439,Bhavani Bhasin,Laptop,Electronics,4,65000,260000,Hyderabad,UPI,2026-01-07,3
5134,1933,Jeremiah Nori,Headphones,Electronics,4,3000,12000,Pune,UPI,2026-01-19,2
5135,1078,Abeer Kata,Phone,Electronics,4,25000,100000,Ahmedabad,UPI,2026-01-10,4
5136,6255,Chaaya Sachdev,Phone,Electronics,2,25000,50000,Hyderabad,Credit Card,2026-06-06,4
5137,2889,Quincy Padmanabhan,Phone,Electronics,3,25000,75000,Kolkata,Cash on Delivery,2025-10-23,4
5138,1993,Isaiah Sandal,Headphones,Electronics,4,3000,12000,Delhi,Cash on Delivery,2026-08-01,3
5139,8455,Vasana Kale,Phone,Electronics,3,25000,75000,Hyderabad,UPI,2026-07-12,6
5140,1730,Yatin Soman,T-Shirt,Fashion,2,800,1600,Hyderabad,Credit Card,2026-05-18,2
5141,8392,Dominic Kari,Phone,Electronics,4,25000,100000,Ahmedabad,Cash on Delivery,2026-02-21,3
5142,2905,Sara Gole,Bottle,Home,3,600,1800,Delhi,Debit Card,2026-02-05,5
5143,1707,Girish Devan,Phone,Electronics,5,25000,125000,Pune,Cash on Delivery,2026-07-26,6
5144,9870,Ekta Tank,T-Shirt,Fashion,1,800,800,Mumbai,Debit Card,2025-11-05,4
5145,5743,Siya Shan,Laptop,Electronics,3,65000,195000,Bengaluru,Cash on Delivery,2025-09-03,1
5146,6896,Yash Jaggi,Headphones,Electronics,5,3000,15000,Pune,Cash on Delivery,2026-06-10,4
5147,2761,Vincent Kari,T-Shirt,Fashion,1,800,800,Delhi,Cash on Delivery,2026-03-26,5
5148,8365,Jatin Kumer,Headphones,Electronics,3,3000,9000,Ahmedabad,Debit Card,2026-04-24,6
5149,6593,Bhavini Doshi,Shoes,Fashion,4,2500,10000,Kolkata,Credit Card,2025-08-27,5
5150,3485,Krish Chakrabarti,Headphones,Electronics,4,3000,12000,Bengaluru,Cash on Delivery,2026-02-26,6
5151,9305,Timothy Bhavsar,Headphones,Electronics,3,3000,9000,Ahmedabad,Debit Card,2026-02-04,6
5152,1170,Siya Khurana,Laptop,Electronics,2,65000,130000,Pune,Cash on Delivery,2026-05-09,5
5153,1186,Udarsh Nayar,Watch,Accessories,4,5000,20000,Chennai,Cash on Delivery,2026-07-29,6
5154,3981,Benjamin Kale,Headphones,Electronics,5,3000,15000,Chennai,UPI,2026-05-15,2
5155,9976,Yutika Solanki,Headphones,Electronics,4,3000,12000,Kolkata,UPI,2026-04-24,5
5156,8220,Daniel Gour,T-Shirt,Fashion,4,800,3200,Kolkata,Cash on Delivery,2026-07-08,5
5157,4360,Nikita Bala,Phone,Electronics,1,25000,25000,Chennai,Credit Card,2026-06-03,4
5158,4010,Wakeeta Basu,Phone,Electronics,4,25000,100000,Kolkata,UPI,2026-01-07,6
5159,8172,Harish Palla,T-Shirt,Fashion,1,800,800,Hyderabad,Debit Card,2026-07-16,1
5160,7872,Eshana Sarma,Phone,Electronics,5,25000,125000,Bengaluru,Credit Card,2026-03-20,6
5161,9841,Tara Comar,T-Shirt,Fashion,4,800,3200,Bengaluru,Debit Card,2025-08-30,2
5162,4962,Nicholas Vohra,Phone,Electronics,2,25000,50000,Delhi,Credit Card,2026-07-07,2
5163,5132,Meera Aggarwal,Shoes,Fashion,2,2500,5000,Pune,Cash on Delivery,2026-02-27,1
5164,7190,Jagvi Barman,T-Shirt,Fashion,1,800,800,Pune,Credit Card,2025-08-22,6
5165,6632,Gaurang Korpal,Book,Books,4,500,2000,Bengaluru,Credit Card,2026-04-13,3
5166,6293,Aadi Chaudhuri,Headphones,Electronics,4,3000,12000,Bengaluru,Net Banking,2026-05-11,3
5167,6630,Udant Ramachandran,Laptop,Electronics,5,65000,325000,Hyderabad,Cash on Delivery,2026-08-02,6
5168,7267,Farhan Arora,T-Shirt,Fashion,1,800,800,Pune,Debit Card,2026-01-24,5
5169,6510,Warinder Doctor,Watch,Accessories,5,5000,25000,Pune,Net Banking,2026-05-29,4
5170,5020,Advika Hans,T-Shirt,Fashion,3,800,2400,Mumbai,UPI,2026-04-06,5
5171,1160,Samuel Andra,Shoes,Fashion,5,2500,12500,Pune,Credit Card,2025-12-02,3
5172,3345,Gaurika Kunda,Phone,Electronics,3,25000,75000,Delhi,Debit Card,2026-04-28,2
5173,5959,Yashodhara Mitter,Chair,Furniture,4,4000,16000,Bengaluru,Debit Card,2026-02-20,3
5174,7951,Vansha Yohannan,T-Shirt,Fashion,4,800,3200,Kolkata,Net Banking,2025-09-12,4
5175,1688,Unni Bhatnagar,Laptop,Electronics,2,65000,130000,Hyderabad,Net Banking,2026-05-01,2
5176,2231,Veer Dara,Phone,Electronics,2,25000,50000,Kolkata,UPI,2025-10-27,1
5177,7574,Brinda Mital,Shoes,Fashion,3,2500,7500,Chennai,Credit Card,2026-06-25,5
5178,9846,Anya Saini,T-Shirt,Fashion,2,800,1600,Kolkata,Net Banking,2026-02-13,5
5179,9509,Raagini Dar,T-Shirt,Fashion,2,800,1600,Kolkata,Credit Card,2026-06-06,7
5180,5122,Ronith Bora,T-Shirt,Fashion,1,800,800,Bengaluru,Debit Card,2025-12-06,5
5181,3845,Aarav Barad,Phone,Electronics,4,25000,100000,Mumbai,Cash on Delivery,2025-12-11,6
5182,5922,Dalaja Mistry,Headphones,Electronics,3,3000,9000,Mumbai,Cash on Delivery,2025-11-07,1
5183,9878,Raghav Bobal,Phone,Electronics,2,25000,50000,Delhi,Cash on Delivery,2025-10-22,1
5184,1677,Aarini Sandal,Laptop,Electronics,1,65000,65000,Bengaluru,Net Banking,2026-04-02,4
5185,3458,Vaishnavi Tailor,Phone,Electronics,1,25000,25000,Delhi,Credit Card,2026-01-27,6
5186,2347,Imaran Din,Phone,Electronics,1,25000,25000,Kolkata,Debit Card,2026-06-26,3
5187,2094,Amaira Bhatt,Phone,Electronics,3,25000,75000,Chennai,Debit Card,2026-01-24,5
5188,2116,Mitesh Parmar,Headphones,Electronics,2,3000,6000,Delhi,Debit Card,2025-10-04,4
5189,6235,Nihal Parsa,Headphones,Electronics,4,3000,12000,Delhi,UPI,2026-05-18,3
5190,8328,Mugdha Master,Phone,Electronics,5,25000,125000,Pune,Debit Card,2026-01-15,2
5191,7524,Aradhana Balan,T-Shirt,Fashion,2,800,1600,Delhi,Cash on Delivery,2025-08-18,5
5192,5789,Nihal Banerjee,Book,Books,3,500,1500,Hyderabad,Credit Card,2026-01-21,1
5193,9317,Mahika Sarin,Headphones,Electronics,3,3000,9000,Kolkata,Credit Card,2026-01-12,2
5194,7519,Yagnesh Rana,Shoes,Fashion,2,2500,5000,Delhi,Cash on Delivery,2025-11-04,1
5195,6498,Chatura Manne,T-Shirt,Fashion,3,800,2400,Kolkata,Net Banking,2026-02-07,2
5196,8953,Hamsini Behl,Phone,Electronics,4,25000,100000,Mumbai,Debit Card,2025-09-24,6
5197,9194,Zinal Toor,Shoes,Fashion,3,2500,7500,Mumbai,Net Banking,2026-05-31,6
5198,6979,Harinakshi Karpe,Headphones,Electronics,1,3000,3000,Delhi,UPI,2026-07-05,5
5199,8919,Ayush Zacharia,Headphones,Electronics,5,3000,15000,Bengaluru,UPI,2025-08-31,5
5200,3141,Gopal Sharaf,Phone,Electronics,1,25000,25000,Delhi,UPI,2026-02-13,7
5201,6780,Ekiya Lad,Headphones,Electronics,5,3000,15000,Bengaluru,Credit Card,2025-11-13,2
5202,8372,Lipika Shan,Shoes,Fashion,5,2500,12500,Delhi,Debit Card,2025-10-05,5
5203,8808,Devansh Raghavan,Shoes,Fashion,2,2500,5000,Ahmedabad,Net Banking,2025-11-29,2
5204,6630,Advik Chana,Headphones,Electronics,1,3000,3000,Ahmedabad,Debit Card,2025-11-22,7
5205,4457,Teerth Sanghvi,Phone,Electronics,4,25000,100000,Kolkata,UPI,2026-03-14,3
5206,8645,Wridesh Mohan,Shoes,Fashion,1,2500,2500,Ahmedabad,Cash on Delivery,2025-11-25,3
5207,6075,Yuvraj Kata,Shoes,Fashion,1,2500,2500,Bengaluru,Debit Card,2025-12-22,5
5208,7750,Leela Gole,T-Shirt,Fashion,2,800,1600,Bengaluru,Cash on Delivery,2026-03-31,2
5209,9472,Madhav Natt,Phone,Electronics,1,25000,25000,Hyderabad,UPI,2026-07-12,2
5210,8697,Gayathri Ramakrishnan,Phone,Electronics,5,25000,125000,Kolkata,Credit Card,2025-12-30,7
5211,8554,Ishani Vasa,Book,Books,4,500,2000,Kolkata,Credit Card,2025-12-28,7
5212,6008,Viraj Basak,Phone,Electronics,2,25000,50000,Hyderabad,Debit Card,2026-03-23,7
5213,9501,Aarav Nadig,Phone,Electronics,4,25000,100000,Kolkata,Credit Card,2025-10-09,5
5214,6929,Chakrika Butala,Chair,Furniture,4,4000,16000,Kolkata,UPI,2026-01-18,3
5215,4650,Bhavika Sur,Book,Books,3,500,1500,Delhi,Credit Card,2026-04-01,5
5216,4709,Meera Banerjee,Book,Books,1,500,500,Pune,Net Banking,2025-09-13,6
5217,3053,Luke Prabhakar,Laptop,Electronics,3,65000,195000,Pune,Cash on Delivery,2026-06-28,5
5218,1500,Panini Dass,Watch,Accessories,1,5000,5000,Delhi,Net Banking,2026-03-29,3
5219,7864,Arya Bora,Laptop,Electronics,1,65000,65000,Ahmedabad,Cash on Delivery,2025-11-13,2
5220,5718,Dipta Bhavsar,Headphones,Electronics,2,3000,6000,Bengaluru,Cash on Delivery,2025-08-28,4
5221,3062,Upasna Nagy,Shoes,Fashion,2,2500,5000,Ahmedabad,Debit Card,2025-10-18,5
5222,4617,Ikshita Kakar,Phone,Electronics,1,25000,25000,Chennai,Net Banking,2025-11-09,2
5223,5397,Qushi Biswas,Laptop,Electronics,1,65000,65000,Delhi,UPI,2026-04-09,6
5224,4960,Harshil Brar,Phone,Electronics,4,25000,100000,Mumbai,UPI,2025-08-08,7
5225,7488,Parth Kala,Headphones,Electronics,2,3000,6000,Pune,UPI,2026-02-25,3
5226,7899,Hema Bahri,Headphones,Electronics,3,3000,9000,Delhi,UPI,2026-01-03,6
5227,3062,Peter Peri,Laptop,Electronics,3,65000,195000,Hyderabad,Credit Card,2026-03-01,3
5228,8346,Jagvi Bobal,Shoes,Fashion,3,2500,7500,Pune,Credit Card,2026-02-24,2
5229,6292,Suhani Sarkar,Headphones,Electronics,2,3000,6000,Chennai,Cash on Delivery,2026-06-29,6
5230,2350,Manthan Nayak,Headphones,Electronics,4,3000,12000,Ahmedabad,Credit Card,2026-03-12,7
5231,3722,Eesha Mane,Headphones,Electronics,2,3000,6000,Chennai,Credit Card,2026-02-27,6
5232,7597,Devika Zacharia,Phone,Electronics,2,25000,50000,Ahmedabad,UPI,2025-12-08,1
5233,1260,Bahadurjit Kale,Shoes,Fashion,2,2500,5000,Delhi,UPI,2025-11-19,4
5234,7661,Indrajit Chopra,Phone,Electronics,4,25000,100000,Mumbai,Debit Card,2025-09-10,3
5235,9009,Robert Bhattacharyya,Phone,Electronics,5,25000,125000,Hyderabad,Debit Card,2025-10-31,3
5236,5655,Tristan Krishnamurthy,Phone,Electronics,1,25000,25000,Bengaluru,Credit Card,2025-12-11,1
5237,3352,Yahvi Oak,Headphones,Electronics,4,3000,12000,Delhi,Cash on Delivery,2025-12-11,4
5238,4680,Madhav Dua,Chair,Furniture,3,4000,12000,Hyderabad,Debit Card,2026-06-15,2
5239,1314,Peter Walia,Shoes,Fashion,4,2500,10000,Pune,Debit Card,2026-04-21,7
5240,4001,Vivaan Goel,Phone,Electronics,5,25000,125000,Ahmedabad,Credit Card,2026-03-28,5
5241,6478,Robert Sharma,Headphones,Electronics,2,3000,6000,Kolkata,Credit Card,2026-02-14,2
5242,2615,Ayushman Hayre,T-Shirt,Fashion,5,800,4000,Hyderabad,Credit Card,2026-03-28,1
5243,5542,Chaitaly Trivedi,Desk,Furniture,2,7000,14000,Ahmedabad,Credit Card,2026-07-28,6
5244,1826,Vansha Kant,Watch,Accessories,2,5000,10000,Bengaluru,Credit Card,2025-11-04,4
5245,3499,Anamika Swamy,Phone,Electronics,2,25000,50000,Pune,Cash on Delivery,2026-05-21,3
5246,9826,Logan Chad,Laptop,Electronics,5,65000,325000,Ahmedabad,Credit Card,2026-02-28,6
5247,1900,Alka Krishnan,T-Shirt,Fashion,2,800,1600,Hyderabad,Credit Card,2026-06-01,3
5248,7549,Aashi Vala,Laptop,Electronics,1,65000,65000,Delhi,Credit Card,2026-05-05,2
5249,2570,Sathvik Bahl,T-Shirt,Fashion,3,800,2400,Delhi,Cash on Delivery,2026-07-19,6
5250,6312,Dakshesh Saraf,Laptop,Electronics,3,65000,195000,Kolkata,UPI,2025-11-16,7
5251,1857,Naksh Nagar,Headphones,Electronics,3,3000,9000,Pune,Credit Card,2026-05-28,2
5252,6585,Utkarsh Bahri,Watch,Accessories,3,5000,15000,Chennai,Debit Card,2026-01-02,1
5253,3560,Wishi Chauhan,Laptop,Electronics,5,65000,325000,Ahmedabad,Debit Card,2025-11-08,7
5254,4810,Tristan Hari,Laptop,Electronics,3,65000,195000,Delhi,Cash on Delivery,2025-08-24,7
5255,2493,Aishani Raju,Headphones,Electronics,5,3000,15000,Hyderabad,Debit Card,2026-03-10,1
5256,6080,Gaurika Chadha,Phone,Electronics,2,25000,50000,Pune,UPI,2026-03-18,5
5257,2803,Wazir Mani,Shoes,Fashion,4,2500,10000,Ahmedabad,Cash on Delivery,2026-07-18,7
5258,9129,Utkarsh Tandon,T-Shirt,Fashion,3,800,2400,Mumbai,Cash on Delivery,2026-03-08,4
5259,9436,Saanvi Boase,T-Shirt,Fashion,2,800,1600,Bengaluru,Debit Card,2026-02-22,4
5260,2971,Chandresh Singhal,Phone,Electronics,4,25000,100000,Chennai,Credit Card,2025-11-07,7
5261,6974,Yamini Comar,Watch,Accessories,5,5000,25000,Chennai,Credit Card,2026-01-19,3
5262,8507,Frederick Dey,Phone,Electronics,1,25000,25000,Chennai,UPI,2025-09-15,3
5263,1896,Eta Sem,Laptop,Electronics,2,65000,130000,Ahmedabad,Net Banking,2026-02-20,5
5264,6873,Samaksh Nagar,Shoes,Fashion,5,2500,12500,Chennai,Net Banking,2025-12-12,4
5265,6014,Praneel Walla,Headphones,Electronics,1,3000,3000,Hyderabad,Credit Card,2025-11-28,6
5266,9276,Akshay Ganguly,Chair,Furniture,1,4000,4000,Delhi,Net Banking,2026-01-22,1
5267,5661,Janani Banik,Phone,Electronics,1,25000,25000,Chennai,UPI,2025-09-28,7
5268,3437,Falguni Sahota,Laptop,Electronics,2,65000,130000,Kolkata,Net Banking,2026-07-25,5
5269,9813,Yahvi Comar,Headphones,Electronics,1,3000,3000,Hyderabad,UPI,2025-12-21,3
5270,2877,Dipta Kapur,T-Shirt,Fashion,4,800,3200,Chennai,Credit Card,2026-07-20,5
5271,9327,Pushti Bala,Headphones,Electronics,4,3000,12000,Kolkata,Net Banking,2026-03-11,6
5272,6787,Kai Pillay,Phone,Electronics,5,25000,125000,Chennai,Net Banking,2026-06-08,1
5273,7255,Falak Chatterjee,Bottle,Home,1,600,600,Ahmedabad,Cash on Delivery,2026-01-24,7
5274,7229,Azad Dube,Headphones,Electronics,2,3000,6000,Kolkata,Credit Card,2026-03-05,5
5275,3557,Chanakya Thaman,Laptop,Electronics,4,65000,260000,Kolkata,Credit Card,2026-01-28,7
5276,2839,Siddharth Narain,Laptop,Electronics,5,65000,325000,Pune,Cash on Delivery,2025-10-08,2
5277,4453,Samesh Bose,Shoes,Fashion,4,2500,10000,Ahmedabad,Cash on Delivery,2026-06-17,3
5278,4658,Yutika Deshmukh,Laptop,Electronics,5,65000,325000,Delhi,Net Banking,2026-05-03,2
5279,8265,Jai Pau,Laptop,Electronics,4,65000,260000,Ahmedabad,UPI,2026-07-09,6
5280,9988,Diya Zacharia,Phone,Electronics,3,25000,75000,Hyderabad,Cash on Delivery,2025-11-15,4
5281,7349,Ayaan Rama,Watch,Accessories,3,5000,15000,Kolkata,Debit Card,2026-03-13,5
5282,7208,Lipika Modi,Laptop,Electronics,4,65000,260000,Chennai,Cash on Delivery,2025-09-27,3
5283,6531,Vansha Bajaj,Laptop,Electronics,5,65000,325000,Kolkata,UPI,2026-04-13,1
5284,8063,Bhavini Bansal,Headphones,Electronics,3,3000,9000,Delhi,Debit Card,2025-09-25,6
5285,7589,Kevin Randhawa,Shoes,Fashion,3,2500,7500,Hyderabad,Debit Card,2026-04-03,2
5286,9253,Ranbir Basu,Book,Books,1,500,500,Delhi,Cash on Delivery,2026-04-03,2
5287,1266,Ojasvi Choudhry,Headphones,Electronics,2,3000,6000,Delhi,Credit Card,2026-01-16,3
5288,8020,Siya Chaudhry,Headphones,Electronics,3,3000,9000,Ahmedabad,Credit Card,2026-01-26,2
5289,8898,Ishanvi Mohan,T-Shirt,Fashion,4,800,3200,Hyderabad,UPI,2025-08-13,6
5290,9112,Radhika Banerjee,Phone,Electronics,4,25000,100000,Kolkata,UPI,2026-04-30,5
5291,2765,Damyanti Pradhan,T-Shirt,Fashion,4,800,3200,Ahmedabad,Debit Card,2025-10-19,5
5292,1206,Ubika Sethi,Headphones,Electronics,2,3000,6000,Mumbai,Credit Card,2026-06-24,3
5293,7143,Charan Ravi,Shoes,Fashion,2,2500,5000,Pune,Debit Card,2025-10-18,3
5294,6604,Hardik Wali,Laptop,Electronics,1,65000,65000,Pune,Net Banking,2025-08-27,1
5295,4420,Qabil Iyer,Headphones,Electronics,1,3000,3000,Kolkata,Cash on Delivery,2026-01-28,6
5296,9355,Mekhala Gandhi,Headphones,Electronics,5,3000,15000,Kolkata,Credit Card,2026-08-06,3
5297,4515,Anirudh Pathak,Phone,Electronics,4,25000,100000,Delhi,Credit Card,2026-06-12,7
5298,5075,Hemangini Mukhopadhyay,T-Shirt,Fashion,3,800,2400,Hyderabad,UPI,2025-09-20,1
5299,5768,Mohini Dayal,Laptop,Electronics,1,65000,65000,Hyderabad,Debit Card,2025-11-15,2
5300,4703,Vanya Ganguly,Shoes,Fashion,5,2500,12500,Delhi,Cash on Delivery,2026-07-03,6
5301,2742,Kai Divan,Chair,Furniture,3,4000,12000,Kolkata,Net Banking,2025-11-16,5
5302,6146,Bhavya Tank,Chair,Furniture,4,4000,16000,Pune,Cash on Delivery,2026-05-27,7
5303,9135,Tanmayi Sethi,Phone,Electronics,5,25000,125000,Hyderabad,Debit Card,2025-11-13,1
5304,3568,Ekta Rege,Headphones,Electronics,4,3000,12000,Bengaluru,Debit Card,2026-05-13,2
5305,7622,Indali Andra,Headphones,Electronics,3,3000,9000,Delhi,UPI,2025-12-21,2
5306,3124,Chaman Saini,Phone,Electronics,1,25000,25000,Hyderabad,Debit Card,2026-03-03,1
5307,8399,Kala Reddy,Phone,Electronics,4,25000,100000,Mumbai,Credit Card,2026-06-01,3
5308,9497,Naksh Jani,Laptop,Electronics,3,65000,195000,Delhi,Debit Card,2026-03-10,1
5309,9304,Varenya Mani,Book,Books,2,500,1000,Delhi,Debit Card,2025-12-19,1
5310,1711,Sai Mand,Headphones,Electronics,4,3000,12000,Mumbai,Credit Card,2025-10-29,2
5311,9637,Triya Dey,Headphones,Electronics,4,3000,12000,Pune,Debit Card,2026-06-09,4
5312,7252,Watika Mittal,Shoes,Fashion,1,2500,2500,Hyderabad,Cash on Delivery,2025-10-15,1
5313,7404,Manthan Palla,Phone,Electronics,4,25000,100000,Ahmedabad,Net Banking,2025-11-29,7
5314,5960,Matthew Pillai,T-Shirt,Fashion,3,800,2400,Pune,Credit Card,2025-08-12,1
5315,3444,Veer Gala,Phone,Electronics,3,25000,75000,Pune,Net Banking,2025-10-12,5
5316,2155,Indali Tara,T-Shirt,Fashion,2,800,1600,Hyderabad,Cash on Delivery,2025-08-18,2
5317,7012,Dominic Uppal,Headphones,Electronics,3,3000,9000,Delhi,Credit Card,2026-07-23,1
5318,9732,Banjeet Kumar,T-Shirt,Fashion,1,800,800,Delhi,Credit Card,2025-09-24,4
5319,2995,Nidhi Narayan,Shoes,Fashion,5,2500,12500,Pune,UPI,2026-06-14,5
5320,7697,Tarak Om,T-Shirt,Fashion,5,800,4000,Delhi,Cash on Delivery,2025-11-17,1
5321,2515,Logan Prabhakar,Laptop,Electronics,4,65000,260000,Mumbai,UPI,2026-05-21,7
5322,3051,Saanvi Bains,Headphones,Electronics,5,3000,15000,Ahmedabad,Cash on Delivery,2025-11-07,6
5323,5977,Saanvi Loyal,Shoes,Fashion,2,2500,5000,Kolkata,Cash on Delivery,2026-03-11,5
5324,5742,Arya Salvi,Headphones,Electronics,2,3000,6000,Mumbai,UPI,2025-11-15,2
5325,2527,Ridhi Sankaran,Phone,Electronics,3,25000,75000,Hyderabad,UPI,2026-06-06,5
5326,2696,Widisha Khosla,Phone,Electronics,5,25000,125000,Pune,UPI,2026-03-02,3
5327,3565,Bahadurjit Naik,Book,Books,2,500,1000,Ahmedabad,UPI,2026-07-26,4
5328,6074,Vyanjana Shroff,Watch,Accessories,1,5000,5000,Pune,Cash on Delivery,2025-09-21,1
5329,1022,Janani Zacharia,Headphones,Electronics,4,3000,12000,Pune,UPI,2025-08-08,7
5330,8425,Pushti Mani,Bottle,Home,4,600,2400,Mumbai,Debit Card,2026-02-18,6
5331,9627,Dev Luthra,T-Shirt,Fashion,4,800,3200,Hyderabad,UPI,2025-11-24,1
5332,6794,Mekhala Mammen,Phone,Electronics,3,25000,75000,Chennai,Debit Card,2025-11-22,3
5333,8499,Chandresh Divan,Headphones,Electronics,2,3000,6000,Ahmedabad,Cash on Delivery,2026-08-03,5
5334,8454,Victor Vala,Phone,Electronics,1,25000,25000,Pune,UPI,2025-10-18,2
5335,5350,Yash Sami,Phone,Electronics,4,25000,100000,Pune,Net Banking,2026-05-20,6
5336,8369,Chakradev Mahal,Headphones,Electronics,5,3000,15000,Delhi,Net Banking,2025-11-28,2
5337,4747,Pranit Sunder,Phone,Electronics,1,25000,25000,Chennai,Net Banking,2026-03-31,3
5338,5922,Hemal Prabhu,Laptop,Electronics,4,65000,260000,Mumbai,UPI,2025-10-27,7
5339,3749,Reva Chakraborty,Phone,Electronics,2,25000,50000,Chennai,Cash on Delivery,2026-03-28,3
5340,1745,Girish Mohanty,Phone,Electronics,1,25000,25000,Ahmedabad,Cash on Delivery,2026-04-26,4
5341,2330,Indali Sinha,Phone,Electronics,1,25000,25000,Delhi,Net Banking,2025-09-13,5
5342,5838,Kritika Dutt,Headphones,Electronics,3,3000,9000,Chennai,UPI,2026-03-02,2
5343,1613,Vaishnavi Vyas,Phone,Electronics,4,25000,100000,Chennai,Debit Card,2025-08-13,1
5344,5761,Osha Gala,Laptop,Electronics,4,65000,260000,Chennai,Cash on Delivery,2025-10-16,5
5345,7202,Faras Handa,Phone,Electronics,5,25000,125000,Pune,Net Banking,2026-03-02,3
5346,1198,Yashawini Verma,Headphones,Electronics,4,3000,12000,Hyderabad,Cash on Delivery,2026-03-02,7
5347,8471,Ekapad Jhaveri,Phone,Electronics,1,25000,25000,Kolkata,UPI,2026-01-14,7
5348,4635,Manan Dalal,Laptop,Electronics,4,65000,260000,Kolkata,Debit Card,2026-05-23,5
5349,4232,Baljiwan Golla,Book,Books,5,500,2500,Hyderabad,UPI,2025-10-01,4
5350,2210,Lavanya Sahota,Headphones,Electronics,1,3000,3000,Kolkata,UPI,2026-01-11,5
5351,1853,Utkarsh Nanda,Shoes,Fashion,4,2500,10000,Delhi,Debit Card,2025-08-10,5
5352,5391,Aadhya Ravel,Laptop,Electronics,1,65000,65000,Pune,Debit Card,2026-04-15,1
5353,6475,Alexander Prashad,Desk,Furniture,3,7000,21000,Chennai,Cash on Delivery,2026-03-19,3
5354,9503,Upkaar Balan,Phone,Electronics,2,25000,50000,Pune,Net Banking,2026-01-09,6
5355,7128,Nitara Gaba,Headphones,Electronics,3,3000,9000,Bengaluru,Credit Card,2026-02-15,5
5356,1434,Ira Apte,Bottle,Home,4,600,2400,Hyderabad,Credit Card,2026-06-06,3
5357,1907,Bahadurjit Grover,Phone,Electronics,1,25000,25000,Pune,Net Banking,2026-02-20,6
5358,3950,Baljiwan Rai,T-Shirt,Fashion,5,800,4000,Chennai,Cash on Delivery,2025-11-21,3
5359,2829,Jasmit Sahni,Phone,Electronics,4,25000,100000,Kolkata,Cash on Delivery,2025-10-06,2
5360,4546,Aarnav Buch,Phone,Electronics,4,25000,100000,Pune,Cash on Delivery,2026-07-12,6
5361,9299,Maanav Patla,Book,Books,3,500,1500,Kolkata,Credit Card,2025-08-15,2
5362,6717,Wazir Chatterjee,T-Shirt,Fashion,5,800,4000,Chennai,Debit Card,2026-06-14,6
5363,3513,Bina Kothari,Phone,Electronics,5,25000,125000,Kolkata,Cash on Delivery,2025-10-26,5
5364,5272,Christopher Ramachandran,Headphones,Electronics,1,3000,3000,Mumbai,Credit Card,2025-11-30,3
5365,8890,Lila Shan,Headphones,Electronics,1,3000,3000,Chennai,Cash on Delivery,2025-10-15,1
5366,6961,Priya Singh,Headphones,Electronics,3,3000,9000,Mumbai,Cash on Delivery,2025-10-11,7
5367,8577,Vivaan Chopra,Phone,Electronics,3,25000,75000,Bengaluru,UPI,2026-01-30,6
5368,6554,Sanaya Chaudhry,Phone,Electronics,2,25000,50000,Delhi,Cash on Delivery,2025-09-15,6
5369,4079,Gavin More,T-Shirt,Fashion,5,800,4000,Ahmedabad,Debit Card,2026-03-30,4
5370,9767,Zinal Shan,Phone,Electronics,2,25000,50000,Kolkata,UPI,2025-09-26,1
5371,6908,Kai Kashyap,Desk,Furniture,3,7000,21000,Kolkata,UPI,2025-12-25,7
5372,4888,Sara Mittal,Watch,Accessories,5,5000,25000,Pune,Credit Card,2025-12-24,4
5373,9863,Ekbal Magar,Shoes,Fashion,1,2500,2500,Chennai,Cash on Delivery,2026-03-06,6
5374,6932,Rohan Mukherjee,Headphones,Electronics,2,3000,6000,Ahmedabad,Credit Card,2025-10-30,5
5375,6394,Urmi Misra,T-Shirt,Fashion,1,800,800,Delhi,Net Banking,2025-09-13,2
5376,1116,Rayaan Sankaran,Phone,Electronics,1,25000,25000,Delhi,UPI,2026-01-20,7
5377,1907,Kalpit Bains,Chair,Furniture,1,4000,4000,Mumbai,Debit Card,2026-02-05,4
5378,8531,Darika Brar,Laptop,Electronics,1,65000,65000,Hyderabad,Net Banking,2026-04-06,3
5379,9425,Yoshita Banik,T-Shirt,Fashion,5,800,4000,Mumbai,Credit Card,2026-04-02,1
5380,1768,Kiaan Suri,Watch,Accessories,1,5000,5000,Bengaluru,Credit Card,2025-10-21,5
5381,1839,Chandran Batra,Watch,Accessories,4,5000,20000,Chennai,Cash on Delivery,2026-03-30,2
5382,2205,Onkar Dhingra,Phone,Electronics,2,25000,50000,Delhi,Debit Card,2026-07-21,6
5383,9090,Upma Tata,Phone,Electronics,1,25000,25000,Kolkata,Credit Card,2026-05-13,6
5384,6193,Upkaar Raman,Bottle,Home,3,600,1800,Chennai,UPI,2026-03-05,5
5385,9688,Jeet Korpal,Phone,Electronics,1,25000,25000,Bengaluru,Credit Card,2026-05-11,1
5386,9622,Harita Deshmukh,Headphones,Electronics,1,3000,3000,Chennai,Debit Card,2026-01-11,1
5387,4659,Bhavya Loke,Headphones,Electronics,1,3000,3000,Delhi,Credit Card,2026-05-31,2
5388,8149,Mitesh Soman,Headphones,Electronics,1,3000,3000,Hyderabad,Cash on Delivery,2026-02-26,5
5389,2083,Falak Ranganathan,Phone,Electronics,5,25000,125000,Chennai,Cash on Delivery,2026-04-21,4
5390,3414,Rushil Pathak,Phone,Electronics,2,25000,50000,Hyderabad,Net Banking,2026-02-20,6
5391,4737,Onkar Nadig,Laptop,Electronics,5,65000,325000,Bengaluru,Debit Card,2026-01-27,2
5392,3444,Maya Hayer,T-Shirt,Fashion,5,800,4000,Chennai,Cash on Delivery,2025-08-27,1
5393,4938,Inaya Swaminathan,Phone,Electronics,5,25000,125000,Kolkata,Net Banking,2026-05-04,3
5394,6257,Vihaan Pathak,Shoes,Fashion,5,2500,12500,Bengaluru,Credit Card,2025-09-14,3
5395,7790,Waida Goswami,Phone,Electronics,5,25000,125000,Pune,Debit Card,2026-02-26,3
5396,5068,Naveen Ratta,Shoes,Fashion,3,2500,7500,Chennai,Net Banking,2026-04-04,4
5397,2218,Balvan Dutt,Headphones,Electronics,1,3000,3000,Pune,Credit Card,2025-08-15,2
5398,1398,Jagdish Bail,Laptop,Electronics,3,65000,195000,Delhi,Debit Card,2026-01-02,5
5399,6471,Gaurav Wali,Headphones,Electronics,1,3000,3000,Ahmedabad,Debit Card,2026-01-19,5
5400,7367,Vincent Karpe,Shoes,Fashion,1,2500,2500,Bengaluru,Cash on Delivery,2026-02-06,5
5401,1854,Forum Ravi,Headphones,Electronics,5,3000,15000,Bengaluru,Debit Card,2026-02-16,5
5402,1259,Prisha Chahal,Laptop,Electronics,2,65000,130000,Pune,Cash on Delivery,2025-10-30,2
5403,7757,Kamya Mann,Headphones,Electronics,1,3000,3000,Bengaluru,Cash on Delivery,2025-12-22,4
5404,3388,Vedika Gokhale,Shoes,Fashion,2,2500,5000,Hyderabad,Debit Card,2025-12-19,5
5405,1109,Sara Dhawan,Phone,Electronics,5,25000,125000,Bengaluru,Net Banking,2025-08-15,3
5406,9023,Abhimanyu Jani,Phone,Electronics,5,25000,125000,Kolkata,Credit Card,2026-01-25,6
5407,4204,Nitara Ganesan,Headphones,Electronics,5,3000,15000,Ahmedabad,Cash on Delivery,2026-04-20,7
5408,2105,Chakradev De,Headphones,Electronics,3,3000,9000,Bengaluru,Debit Card,2025-12-26,6
5409,2204,Jairaj Rege,Headphones,Electronics,1,3000,3000,Mumbai,Cash on Delivery,2025-11-08,6
5410,8471,Omya Toor,Phone,Electronics,4,25000,100000,Delhi,Credit Card,2025-11-04,6
5411,6818,Triveni Raju,Headphones,Electronics,2,3000,6000,Chennai,Cash on Delivery,2025-10-20,7
5412,3626,Krishna Bajwa,Headphones,Electronics,1,3000,3000,Ahmedabad,Net Banking,2025-10-17,3
5413,4363,Manbir Konda,Shoes,Fashion,2,2500,5000,Hyderabad,UPI,2026-02-28,7
5414,6922,Zarna Deshmukh,Laptop,Electronics,1,65000,65000,Chennai,Credit Card,2026-02-15,1
5415,3394,Madhav Gulati,Shoes,Fashion,5,2500,12500,Bengaluru,Debit Card,2025-08-12,6
5416,8640,Vivaan Krishna,Headphones,Electronics,5,3000,15000,Hyderabad,Credit Card,2025-09-04,7
5417,9547,Darsh Parekh,Phone,Electronics,4,25000,100000,Hyderabad,UPI,2025-12-03,2
5418,7992,Champak Nadig,Shoes,Fashion,2,2500,5000,Ahmedabad,Debit Card,2026-05-25,5
5419,1043,Vaishnavi Deshpande,Phone,Electronics,2,25000,50000,Kolkata,Credit Card,2025-09-15,1
5420,1368,Osha Srinivasan,Laptop,Electronics,4,65000,260000,Pune,Credit Card,2025-12-25,5
5421,8157,Dalaja Grewal,Headphones,Electronics,1,3000,3000,Bengaluru,Cash on Delivery,2025-11-12,5
5422,7480,Abeer Wable,Shoes,Fashion,2,2500,5000,Ahmedabad,UPI,2026-07-20,2
5423,6791,Chatresh Butala,Shoes,Fashion,3,2500,7500,Ahmedabad,UPI,2026-02-02,6
5424,6954,Ansh Badami,Shoes,Fashion,1,2500,2500,Mumbai,UPI,2026-02-27,5
5425,9810,Vasudha Hari,Phone,Electronics,3,25000,75000,Pune,Credit Card,2026-04-28,2
5426,4407,Ekalinga Goswami,Headphones,Electronics,2,3000,6000,Delhi,UPI,2026-03-03,2
5427,3205,Andrew Issac,Headphones,Electronics,4,3000,12000,Bengaluru,Credit Card,2026-05-21,3
5428,4783,Rayaan Peri,Laptop,Electronics,5,65000,325000,Delhi,Credit Card,2026-03-31,6
5429,5499,Ayaan Parekh,Phone,Electronics,2,25000,50000,Hyderabad,Cash on Delivery,2025-11-16,3
5430,2879,Isaiah Madan,T-Shirt,Fashion,5,800,4000,Chennai,Net Banking,2026-02-07,2
5431,1493,Anya Nadkarni,T-Shirt,Fashion,5,800,4000,Mumbai,Cash on Delivery,2025-09-27,6
5432,7914,Jacob Nigam,Phone,Electronics,1,25000,25000,Chennai,Net Banking,2026-04-11,4
5433,6006,Aashi Divan,T-Shirt,Fashion,4,800,3200,Delhi,Credit Card,2026-05-31,2
5434,7124,Atharv Shere,Watch,Accessories,3,5000,15000,Pune,Debit Card,2026-01-04,1
5435,2631,Harsh Das,Desk,Furniture,4,7000,28000,Chennai,Cash on Delivery,2026-05-12,3
5436,1501,Mugdha Kanda,Headphones,Electronics,1,3000,3000,Pune,Debit Card,2026-01-06,7
5437,1450,Urvashi Nayar,Shoes,Fashion,5,2500,12500,Mumbai,Debit Card,2025-12-16,6
5438,7671,Eshana Babu,Shoes,Fashion,4,2500,10000,Pune,Credit Card,2025-10-22,5
5439,9449,Tara Brar,Desk,Furniture,2,7000,14000,Delhi,Net Banking,2026-04-19,2
5440,6876,Meera Varughese,Phone,Electronics,1,25000,25000,Delhi,Debit Card,2026-02-09,7
5441,7683,Gautam Majumdar,Laptop,Electronics,5,65000,325000,Chennai,UPI,2026-06-10,6
5442,3001,Shivani Krishna,Shoes,Fashion,2,2500,5000,Ahmedabad,Credit Card,2026-01-07,6
5443,5006,Upkaar Bhandari,Phone,Electronics,2,25000,50000,Bengaluru,Credit Card,2026-01-28,6
5444,1786,Vedika Ravel,T-Shirt,Fashion,5,800,4000,Ahmedabad,Net Banking,2026-07-07,7
5445,8291,Vamakshi Kata,Headphones,Electronics,4,3000,12000,Pune,Credit Card,2026-01-17,3
5446,6014,Atharv Sood,Book,Books,1,500,500,Kolkata,Cash on Delivery,2026-04-10,2
5447,6965,Anirudh Raval,Desk,Furniture,2,7000,14000,Delhi,UPI,2025-09-15,1
5448,3607,Maanav Om,Phone,Electronics,3,25000,75000,Ahmedabad,Debit Card,2026-02-25,5
5449,8585,Zilmil Master,Shoes,Fashion,2,2500,5000,Kolkata,Net Banking,2026-07-24,5
5450,1661,Jairaj Deshpande,Headphones,Electronics,4,3000,12000,Hyderabad,UPI,2026-04-11,4
5451,1306,Geetika Bahri,Phone,Electronics,5,25000,125000,Hyderabad,UPI,2025-11-17,3
5452,9743,Prisha Karpe,Book,Books,3,500,1500,Delhi,Net Banking,2025-12-06,4
5453,8074,Omya Gera,Phone,Electronics,5,25000,125000,Mumbai,Debit Card,2026-03-02,7
5454,4607,Jeremiah Sahota,Book,Books,2,500,1000,Ahmedabad,Debit Card,2025-08-26,6
5455,3966,Fitan Sandal,T-Shirt,Fashion,3,800,2400,Delhi,Debit Card,2025-11-01,6
5456,7664,Ekta Mani,T-Shirt,Fashion,5,800,4000,Kolkata,Debit Card,2025-10-24,4
5457,2446,Aahana Varughese,Headphones,Electronics,5,3000,15000,Mumbai,Credit Card,2026-04-14,7
5458,9982,Aadi Patla,Headphones,Electronics,5,3000,15000,Hyderabad,UPI,2026-01-13,6
5459,8663,Tarak Contractor,Phone,Electronics,3,25000,75000,Chennai,Credit Card,2025-09-06,4
5460,2705,Viraj Vora,Watch,Accessories,3,5000,15000,Mumbai,Cash on Delivery,2026-01-12,1
5461,9693,Lucky Pandit,Headphones,Electronics,3,3000,9000,Kolkata,UPI,2025-09-17,7
5462,3750,Harini Lanka,T-Shirt,Fashion,3,800,2400,Bengaluru,UPI,2025-08-11,7
5463,9547,Raagini Konda,Phone,Electronics,4,25000,100000,Chennai,UPI,2025-10-22,1
5464,5461,Rachit Manda,Book,Books,2,500,1000,Kolkata,Cash on Delivery,2026-04-20,6
5465,9316,Tarak Chhabra,Shoes,Fashion,2,2500,5000,Hyderabad,UPI,2025-11-29,6
5466,5600,Laksh Edwin,Bottle,Home,4,600,2400,Chennai,UPI,2025-12-30,6
5467,8850,Forum Kalita,Phone,Electronics,2,25000,50000,Bengaluru,Cash on Delivery,2025-11-16,1
5468,7454,Urmi Bora,Shoes,Fashion,3,2500,7500,Delhi,Credit Card,2025-09-06,2
5469,9863,Charan Bhatt,Headphones,Electronics,4,3000,12000,Ahmedabad,Credit Card,2026-07-27,5
5470,9390,Parth Borra,Phone,Electronics,5,25000,125000,Chennai,Net Banking,2026-07-30,6
5471,4847,Prisha Brahmbhatt,Phone,Electronics,3,25000,75000,Kolkata,Cash on Delivery,2025-11-23,6
5472,1140,Bhavani Mital,Phone,Electronics,5,25000,125000,Delhi,Cash on Delivery,2025-12-22,2
5473,5869,Hemal Parmar,Headphones,Electronics,3,3000,9000,Pune,Debit Card,2026-05-10,4
5474,6074,Lajita Bath,Shoes,Fashion,3,2500,7500,Pune,UPI,2026-01-24,7
5475,7602,Lakshmi Som,Chair,Furniture,4,4000,16000,Bengaluru,Cash on Delivery,2025-11-01,2
5476,5666,Anusha Kannan,Phone,Electronics,3,25000,75000,Hyderabad,Debit Card,2025-11-17,7
5477,2787,Anjali Hari,Headphones,Electronics,3,3000,9000,Chennai,UPI,2026-01-14,7
5478,6585,Aarna Dave,Shoes,Fashion,2,2500,5000,Hyderabad,Net Banking,2025-11-12,5
5479,1887,Sai Brahmbhatt,Phone,Electronics,5,25000,125000,Kolkata,Net Banking,2025-09-13,6
5480,6961,Suhani Gulati,T-Shirt,Fashion,4,800,3200,Ahmedabad,Cash on Delivery,2025-08-17,5
5481,6404,Jason Golla,T-Shirt,Fashion,4,800,3200,Chennai,Net Banking,2026-06-12,1
5482,6069,Chakrika Keer,Phone,Electronics,5,25000,125000,Hyderabad,Debit Card,2026-02-25,6
5483,1930,Vasatika Patil,Laptop,Electronics,2,65000,130000,Kolkata,UPI,2026-03-08,7
5484,8629,Ranbir Sandhu,Shoes,Fashion,4,2500,10000,Chennai,UPI,2026-05-27,6
5485,6182,Rushil Kata,Shoes,Fashion,2,2500,5000,Delhi,UPI,2026-03-27,4
5486,7355,Riya Kibe,Headphones,Electronics,2,3000,6000,Bengaluru,Credit Card,2025-12-14,2
5487,6268,Jacob Sani,Phone,Electronics,5,25000,125000,Pune,UPI,2025-08-14,2
5488,6571,Vidhi Modi,Book,Books,4,500,2000,Bengaluru,Net Banking,2025-08-31,3
5489,4068,Mitali Krishnamurthy,Shoes,Fashion,1,2500,2500,Hyderabad,UPI,2026-07-05,7
5490,7432,Tejas Kumar,Bottle,Home,2,600,1200,Ahmedabad,Credit Card,2026-01-03,2
5491,6423,Henry Jayaraman,Headphones,Electronics,3,3000,9000,Mumbai,Debit Card,2025-10-17,5
5492,1878,Gagan Yadav,Headphones,Electronics,3,3000,9000,Hyderabad,Credit Card,2026-01-12,2
5493,8983,Geetika Choudhry,Phone,Electronics,4,25000,100000,Mumbai,Debit Card,2026-05-22,4
5494,1546,Divya Bhardwaj,T-Shirt,Fashion,3,800,2400,Hyderabad,Debit Card,2025-09-28,3
5495,1686,Kalpit Kaul,Phone,Electronics,4,25000,100000,Bengaluru,UPI,2025-10-29,1
5496,5120,Brijesh Bakshi,Headphones,Electronics,4,3000,12000,Mumbai,Credit Card,2025-10-27,4
5497,6905,Ekaja Dhingra,Chair,Furniture,3,4000,12000,Pune,Cash on Delivery,2026-06-06,7
5498,2765,Maanas Toor,Phone,Electronics,2,25000,50000,Hyderabad,Net Banking,2026-03-15,1
5499,8825,Gopal Das,Chair,Furniture,2,4000,8000,Delhi,Cash on Delivery,2025-08-15,3
5500,2693,Jagat Boase,Laptop,Electronics,4,65000,260000,Bengaluru,Credit Card,2026-04-24,7
5501,4880,Priya Das,Phone,Electronics,5,25000,125000,Delhi,Debit Card,2026-01-08,4
5502,6778,Irya Gola,Phone,Electronics,4,25000,100000,Hyderabad,UPI,2026-04-21,3
5503,6572,Sarthak Bajaj,Phone,Electronics,3,25000,75000,Ahmedabad,UPI,2025-12-21,2
5504,6453,Meghana Shenoy,Chair,Furniture,2,4000,8000,Chennai,UPI,2025-10-23,4
5505,6105,Suhani Pandit,Headphones,Electronics,5,3000,15000,Hyderabad,Credit Card,2026-02-23,6
5506,4140,Qabil Shan,Phone,Electronics,4,25000,100000,Delhi,Debit Card,2026-02-22,6
5507,1478,Sanaya Ratti,T-Shirt,Fashion,1,800,800,Bengaluru,Credit Card,2025-11-25,4
5508,7948,Radhika Lal,Headphones,Electronics,2,3000,6000,Delhi,Credit Card,2025-08-15,6
5509,8276,Rudra Subramaniam,Phone,Electronics,1,25000,25000,Ahmedabad,Debit Card,2025-10-26,6
5510,8502,Urvi Thaker,Laptop,Electronics,1,65000,65000,Delhi,Cash on Delivery,2026-02-05,6
5511,1389,Shaurya Ramaswamy,Desk,Furniture,4,7000,28000,Mumbai,Debit Card,2026-02-02,6
5512,1914,Wridesh Bath,Phone,Electronics,1,25000,25000,Hyderabad,Net Banking,2025-10-02,7
5513,1543,Janya Yogi,Phone,Electronics,3,25000,75000,Kolkata,Cash on Delivery,2025-09-03,5
5514,2876,Triveni Varty,Headphones,Electronics,2,3000,6000,Chennai,Credit Card,2026-03-19,6
5515,4893,Udarsh Goel,Laptop,Electronics,2,65000,130000,Hyderabad,Net Banking,2026-07-14,6
5516,3581,Wishi Varughese,Shoes,Fashion,1,2500,2500,Chennai,Net Banking,2025-11-30,2
5517,4675,Theodore Sood,Phone,Electronics,3,25000,75000,Delhi,Cash on Delivery,2025-12-24,1
5518,1690,Advik Shukla,Phone,Electronics,4,25000,100000,Delhi,Net Banking,2026-03-05,2
5519,4820,Yachana Bali,Watch,Accessories,5,5000,25000,Kolkata,Cash on Delivery,2026-04-13,6
5520,1887,Robert Soman,Phone,Electronics,4,25000,100000,Ahmedabad,Debit Card,2025-11-05,5
5521,9871,Quincy Jhaveri,Headphones,Electronics,4,3000,12000,Kolkata,Credit Card,2025-12-12,5
5522,7557,Sarthak Vasa,Desk,Furniture,1,7000,7000,Hyderabad,Credit Card,2025-10-28,2
5523,1422,Farhan Mallick,Shoes,Fashion,5,2500,12500,Mumbai,Credit Card,2025-11-09,4
5524,1868,Guneet Suri,Chair,Furniture,5,4000,20000,Pune,Debit Card,2026-05-27,4
5525,9245,Amruta Sankaran,Shoes,Fashion,3,2500,7500,Ahmedabad,Credit Card,2026-01-25,6
5526,7690,Yash Dada,Watch,Accessories,4,5000,20000,Delhi,Net Banking,2026-01-18,4
5527,7989,Abha Mani,T-Shirt,Fashion,1,800,800,Pune,Cash on Delivery,2026-04-17,2
5528,6613,Radhika Bajaj,Shoes,Fashion,3,2500,7500,Bengaluru,Debit Card,2026-04-29,4
5529,8631,Tanveer Shroff,Phone,Electronics,5,25000,125000,Pune,Cash on Delivery,2025-10-11,4
5530,5274,Kabir Pant,Headphones,Electronics,5,3000,15000,Delhi,Cash on Delivery,2025-08-14,1
5531,5466,Andrew Amble,T-Shirt,Fashion,5,800,4000,Chennai,Debit Card,2026-07-25,4
5532,8110,Dhriti Morar,Headphones,Electronics,1,3000,3000,Mumbai,Credit Card,2026-01-09,5
5533,8434,Saanvi Barad,Headphones,Electronics,5,3000,15000,Bengaluru,Net Banking,2026-06-14,3
5534,2004,Falak Ahluwalia,Phone,Electronics,5,25000,125000,Bengaluru,Net Banking,2026-04-17,7
5535,2166,Yashvi Nayar,Bottle,Home,4,600,2400,Chennai,Debit Card,2026-06-18,1
5536,6596,Ekaja Goel,Headphones,Electronics,1,3000,3000,Hyderabad,Cash on Delivery,2025-09-16,1
5537,1545,Bachittar Pall,Shoes,Fashion,4,2500,10000,Ahmedabad,Cash on Delivery,2025-11-06,6
5538,9442,Ranveer Bhasin,Shoes,Fashion,5,2500,12500,Delhi,Credit Card,2026-04-10,1
5539,7193,Ucchal Hari,Shoes,Fashion,4,2500,10000,Pune,Cash on Delivery,2026-08-01,7
5540,2050,Ria Bhatnagar,Headphones,Electronics,3,3000,9000,Bengaluru,Cash on Delivery,2026-07-24,5
5541,3854,Gauri Barad,Headphones,Electronics,1,3000,3000,Pune,Credit Card,2026-06-08,5
5542,7112,Warjas Sekhon,Shoes,Fashion,2,2500,5000,Pune,UPI,2025-10-14,7
5543,2388,Isaac Grover,Phone,Electronics,1,25000,25000,Mumbai,Net Banking,2026-06-05,5
5544,1323,Tanish Sandhu,Shoes,Fashion,5,2500,12500,Kolkata,UPI,2026-02-10,6
5545,9428,Varsha Chaudhry,Phone,Electronics,1,25000,25000,Chennai,Cash on Delivery,2026-02-06,7
5546,3794,Madhavi Patla,Watch,Accessories,3,5000,15000,Delhi,Cash on Delivery,2026-05-30,4
5547,8721,Andrew Chawla,Shoes,Fashion,1,2500,2500,Pune,UPI,2026-06-30,3
5548,9977,Zarna Mand,Phone,Electronics,4,25000,100000,Ahmedabad,Cash on Delivery,2025-09-28,5
5549,5811,Caleb Mitter,Phone,Electronics,2,25000,50000,Chennai,UPI,2025-12-16,6
5550,2500,Yoshita Dalal,Laptop,Electronics,1,65000,65000,Delhi,Net Banking,2025-10-23,1
5551,1835,Nandini Bala,Laptop,Electronics,4,65000,260000,Mumbai,Cash on Delivery,2025-12-08,5
5552,3893,Girindra Vig,Shoes,Fashion,1,2500,2500,Delhi,Debit Card,2025-09-02,1
5553,8758,Elijah Comar,Phone,Electronics,3,25000,75000,Bengaluru,Credit Card,2025-10-27,6
5554,1536,Advaith Bahl,Shoes,Fashion,2,2500,5000,Mumbai,UPI,2026-04-28,6
5555,6971,Frado Sura,Phone,Electronics,4,25000,100000,Kolkata,Debit Card,2026-03-13,6
5556,4769,Dalaja Mandal,Headphones,Electronics,3,3000,9000,Chennai,Debit Card,2026-07-15,5
5557,6066,Jairaj Dhar,Watch,Accessories,4,5000,20000,Pune,Credit Card,2026-05-10,3
5558,5225,Anthony Kala,Phone,Electronics,5,25000,125000,Bengaluru,UPI,2026-06-30,3
5559,2851,Chanakya Sawhney,Laptop,Electronics,3,65000,195000,Ahmedabad,Credit Card,2025-08-25,4
5560,2522,Samar Andra,Phone,Electronics,3,25000,75000,Hyderabad,Credit Card,2026-02-26,4
5561,4764,Nicholas Morar,Desk,Furniture,5,7000,35000,Kolkata,Cash on Delivery,2026-07-06,7
5562,8328,Chavvi Keer,T-Shirt,Fashion,5,800,4000,Chennai,Net Banking,2026-04-07,1
5563,1078,Yashoda Chokshi,Shoes,Fashion,4,2500,10000,Ahmedabad,Debit Card,2026-04-14,4
5564,5934,Agastya Tiwari,T-Shirt,Fashion,4,800,3200,Delhi,Debit Card,2025-12-05,5
5565,9457,Timothy Kant,Phone,Electronics,4,25000,100000,Mumbai,Debit Card,2025-12-05,3
5566,9446,Devansh Nagi,Headphones,Electronics,1,3000,3000,Delhi,Credit Card,2025-12-06,7
5567,7566,Daksh Mann,T-Shirt,Fashion,5,800,4000,Bengaluru,Debit Card,2026-07-05,6
5568,8277,Sarthak Pradhan,Laptop,Electronics,3,65000,195000,Pune,Debit Card,2025-08-31,3
5569,8155,Inaya Kothari,Laptop,Electronics,5,65000,325000,Hyderabad,Credit Card,2026-03-28,3
5570,6199,Dalaja Srivastava,Phone,Electronics,2,25000,50000,Bengaluru,Cash on Delivery,2025-08-26,6
5571,2909,Yatin Pingle,Headphones,Electronics,1,3000,3000,Mumbai,UPI,2025-10-02,6
5572,9752,Frado Bansal,Headphones,Electronics,1,3000,3000,Pune,Cash on Delivery,2026-02-03,6
5573,6267,Turvi Khare,Headphones,Electronics,5,3000,15000,Hyderabad,Credit Card,2025-08-18,1
5574,7751,Upadhriti Sharaf,Phone,Electronics,5,25000,125000,Mumbai,Net Banking,2026-06-15,6
5575,4253,Omaja Nayar,Phone,Electronics,4,25000,100000,Pune,Net Banking,2025-11-14,1
5576,3559,Pavani Radhakrishnan,Watch,Accessories,1,5000,5000,Bengaluru,Cash on Delivery,2025-08-20,3
5577,9115,Krishna Keer,Phone,Electronics,5,25000,125000,Bengaluru,UPI,2025-09-28,3
5578,9956,Nilima Pal,Watch,Accessories,3,5000,15000,Bengaluru,Net Banking,2026-05-24,5
5579,9979,Manan Swaminathan,Watch,Accessories,4,5000,20000,Mumbai,Net Banking,2025-09-29,2
5580,8708,Siya Srivastava,Chair,Furniture,3,4000,12000,Pune,Net Banking,2026-02-12,6
5581,5997,Kashvi Kannan,Headphones,Electronics,4,3000,12000,Chennai,UPI,2026-04-23,3
5582,8465,Chatresh Solanki,Phone,Electronics,2,25000,50000,Mumbai,Cash on Delivery,2026-06-10,6
5583,8773,Girindra Grover,Headphones,Electronics,3,3000,9000,Bengaluru,UPI,2025-12-22,3
5584,4000,Arin Gola,Headphones,Electronics,4,3000,12000,Kolkata,Debit Card,2025-12-29,5
5585,6638,Adweta Zacharia,Laptop,Electronics,3,65000,195000,Bengaluru,Net Banking,2025-11-07,7
5586,8307,Madhavi Sahni,Watch,Accessories,4,5000,20000,Chennai,Net Banking,2026-07-15,5
5587,8454,Anthony Kunda,Headphones,Electronics,5,3000,15000,Kolkata,Cash on Delivery,2025-11-09,3
5588,9400,Jhalak Manda,Phone,Electronics,3,25000,75000,Pune,Cash on Delivery,2026-06-27,7
5589,4860,Lakshmi Bajwa,Phone,Electronics,1,25000,25000,Pune,UPI,2026-06-02,1
5590,4490,Manan Talwar,Book,Books,2,500,1000,Chennai,UPI,2026-04-15,6
5591,8126,Michael Parekh,Phone,Electronics,5,25000,125000,Bengaluru,Cash on Delivery,2026-01-06,3
5592,4420,Chatura Savant,Shoes,Fashion,1,2500,2500,Pune,Cash on Delivery,2026-07-25,2
5593,2816,Amruta Bahri,Headphones,Electronics,1,3000,3000,Bengaluru,Debit Card,2026-07-19,7
5594,5826,Mitesh Raja,Chair,Furniture,3,4000,12000,Kolkata,Net Banking,2026-04-15,2
5595,7670,Veda Tak,Headphones,Electronics,3,3000,9000,Mumbai,UPI,2025-08-16,3
5596,3229,Maanas Dhar,Headphones,Electronics,4,3000,12000,Bengaluru,Credit Card,2026-04-28,7
5597,1462,Bhavna Dalal,Watch,Accessories,4,5000,20000,Chennai,Debit Card,2026-06-11,5
5598,6178,Ria Korpal,Phone,Electronics,1,25000,25000,Hyderabad,UPI,2026-01-30,4
5599,8364,Yash Chana,Laptop,Electronics,2,65000,130000,Pune,Credit Card,2025-11-02,2
5600,3887,Dhriti Agate,Laptop,Electronics,4,65000,260000,Kolkata,UPI,2025-12-21,5
5601,5657,Ansh Dara,Headphones,Electronics,2,3000,6000,Pune,Cash on Delivery,2025-08-28,7
5602,4081,Vedhika Mand,Watch,Accessories,4,5000,20000,Mumbai,UPI,2025-12-05,2
5603,9906,Chandresh Agate,Shoes,Fashion,2,2500,5000,Delhi,Cash on Delivery,2026-05-28,5
5604,8999,Falak Dyal,T-Shirt,Fashion,5,800,4000,Delhi,Cash on Delivery,2026-06-12,4
5605,6680,Eta Dhingra,Laptop,Electronics,3,65000,195000,Ahmedabad,Net Banking,2026-01-08,4
5606,8094,Faris Datta,Phone,Electronics,3,25000,75000,Ahmedabad,Debit Card,2026-01-22,1
5607,3707,Gagan Chokshi,Headphones,Electronics,1,3000,3000,Bengaluru,Debit Card,2025-08-13,2
5608,9573,Zaid Pingle,Laptop,Electronics,2,65000,130000,Chennai,Cash on Delivery,2026-03-29,5
5609,5464,Harish Nagarajan,Laptop,Electronics,3,65000,195000,Chennai,Net Banking,2026-02-18,6
5610,3877,Tara Kale,Shoes,Fashion,3,2500,7500,Bengaluru,Net Banking,2025-11-11,3
5611,6379,Kritika Jani,Headphones,Electronics,1,3000,3000,Bengaluru,UPI,2026-07-04,2
5612,3745,Neel Bhardwaj,Laptop,Electronics,2,65000,130000,Kolkata,UPI,2026-05-17,7
5613,4434,Ishanvi Rao,Shoes,Fashion,2,2500,5000,Bengaluru,UPI,2026-01-03,2
5614,9568,Geetika Tella,Watch,Accessories,4,5000,20000,Chennai,Debit Card,2025-11-16,2
5615,9931,Damyanti Anne,T-Shirt,Fashion,4,800,3200,Chennai,Credit Card,2026-02-21,4
5616,4049,Vaishnavi Khurana,Desk,Furniture,3,7000,21000,Kolkata,Credit Card,2026-03-30,5
5617,1476,Nisha Pillay,Headphones,Electronics,4,3000,12000,Hyderabad,Credit Card,2025-09-06,1
5618,8353,Krish Kibe,Headphones,Electronics,4,3000,12000,Hyderabad,Debit Card,2026-06-12,4
5619,7663,Advik Narang,Chair,Furniture,1,4000,4000,Bengaluru,Net Banking,2025-10-09,2
5620,6684,Tanvi Sem,T-Shirt,Fashion,3,800,2400,Ahmedabad,Cash on Delivery,2026-02-14,2
5621,3842,Lopa Nadkarni,Phone,Electronics,4,25000,100000,Hyderabad,Credit Card,2026-05-02,7
5622,9187,Ayaan Sani,T-Shirt,Fashion,4,800,3200,Delhi,UPI,2026-01-07,3
5623,9695,Pallavi Kannan,Phone,Electronics,3,25000,75000,Ahmedabad,Net Banking,2026-04-09,4
5624,8574,Manan Bansal,Phone,Electronics,2,25000,50000,Hyderabad,Credit Card,2025-10-04,2
5625,1371,Eshana Verma,Headphones,Electronics,4,3000,12000,Pune,Credit Card,2025-09-30,7
5626,6424,Yashvi Pai,Phone,Electronics,2,25000,50000,Ahmedabad,Debit Card,2026-01-18,3
5627,4652,Samesh Prakash,Book,Books,5,500,2500,Kolkata,Cash on Delivery,2025-09-23,6
5628,2703,Advika Thaman,Laptop,Electronics,1,65000,65000,Chennai,Cash on Delivery,2026-03-12,5
5629,6893,Megha Majumdar,Headphones,Electronics,1,3000,3000,Chennai,Debit Card,2026-07-22,4
5630,4814,Januja Lanka,Watch,Accessories,4,5000,20000,Chennai,Debit Card,2026-05-10,4
5631,5563,Siddharth Ganguly,Shoes,Fashion,3,2500,7500,Pune,Cash on Delivery,2026-02-13,4
5632,4070,Yuvraj Edwin,Shoes,Fashion,2,2500,5000,Bengaluru,Net Banking,2026-06-23,7
5633,5643,Pranav Kale,Laptop,Electronics,2,65000,130000,Ahmedabad,Debit Card,2026-01-10,5
5634,1475,Jairaj Sama,Headphones,Electronics,4,3000,12000,Delhi,Cash on Delivery,2026-04-13,2
5635,5288,Omisha Seth,Phone,Electronics,5,25000,125000,Ahmedabad,Net Banking,2026-03-20,7
5636,3615,Benjamin Pathak,Headphones,Electronics,3,3000,9000,Chennai,Debit Card,2025-09-27,1
5637,6292,Ikbal Warrior,Headphones,Electronics,1,3000,3000,Hyderabad,UPI,2025-11-19,1
5638,4692,Daniel Chaudhry,Phone,Electronics,1,25000,25000,Hyderabad,Net Banking,2026-05-19,5
5639,4953,Chaitaly Din,Laptop,Electronics,1,65000,65000,Kolkata,UPI,2026-07-12,7
5640,9917,Wakeeta Dube,T-Shirt,Fashion,2,800,1600,Hyderabad,Credit Card,2025-08-15,3
5641,1873,Widisha Mohan,Headphones,Electronics,5,3000,15000,Ahmedabad,Net Banking,2025-10-28,7
5642,9861,Aarnav Nanda,Bottle,Home,1,600,600,Delhi,UPI,2025-12-04,3
5643,8488,Netra Purohit,T-Shirt,Fashion,2,800,1600,Pune,Credit Card,2026-01-20,3
5644,3118,Laksh Char,Headphones,Electronics,1,3000,3000,Kolkata,Cash on Delivery,2026-03-11,2
5645,2161,Nicholas Seshadri,Headphones,Electronics,4,3000,12000,Ahmedabad,Cash on Delivery,2026-03-02,3
5646,7030,Varenya Sur,Shoes,Fashion,5,2500,12500,Kolkata,Net Banking,2026-04-11,6
5647,9104,Turvi Sarin,Watch,Accessories,3,5000,15000,Ahmedabad,Net Banking,2025-09-27,3
5648,7026,Shivani Kanda,Shoes,Fashion,3,2500,7500,Delhi,Debit Card,2025-10-06,3
5649,7336,Agastya Sem,Watch,Accessories,2,5000,10000,Bengaluru,Net Banking,2025-12-21,6
5650,2879,Omkaar Bose,Shoes,Fashion,4,2500,10000,Pune,Net Banking,2026-05-25,3
5651,2217,Manthan Borra,Watch,Accessories,3,5000,15000,Hyderabad,Net Banking,2026-01-19,3
5652,3146,Ekaja Pandya,Desk,Furniture,3,7000,21000,Ahmedabad,Credit Card,2026-02-23,7
5653,9676,Lavanya Deep,Desk,Furniture,4,7000,28000,Bengaluru,UPI,2026-01-21,4
5654,2099,Triveni Jain,Shoes,Fashion,1,2500,2500,Bengaluru,UPI,2026-05-03,3
5655,9051,Yadavi Johal,T-Shirt,Fashion,3,800,2400,Pune,Debit Card,2025-10-04,3
5656,1661,Aahana Agrawal,Phone,Electronics,2,25000,50000,Bengaluru,Cash on Delivery,2026-01-15,6
5657,5293,Samar Ravi,Phone,Electronics,5,25000,125000,Kolkata,Credit Card,2025-09-14,1
5658,3318,Champak Rai,Headphones,Electronics,5,3000,15000,Pune,UPI,2026-07-07,2
5659,4964,Kashish Luthra,T-Shirt,Fashion,3,800,2400,Bengaluru,UPI,2025-11-21,7
5660,5681,Jyoti Agrawal,Phone,Electronics,3,25000,75000,Delhi,Credit Card,2026-05-09,5
5661,4826,Abdul Dugar,Phone,Electronics,4,25000,100000,Pune,UPI,2026-01-19,5
5662,2450,Abha Manda,Phone,Electronics,2,25000,50000,Delhi,Debit Card,2026-03-31,6
5663,6793,Kamala Bala,T-Shirt,Fashion,2,800,1600,Kolkata,Net Banking,2026-05-15,3
5664,1440,Hritik Shankar,Headphones,Electronics,1,3000,3000,Pune,Cash on Delivery,2026-04-16,5
5665,3233,Hemal Kumar,Book,Books,1,500,500,Hyderabad,Credit Card,2026-01-05,3
5666,2414,Shaurya Handa,Phone,Electronics,1,25000,25000,Mumbai,UPI,2026-07-22,2
5667,5292,Naksh Chauhan,T-Shirt,Fashion,2,800,1600,Ahmedabad,Cash on Delivery,2025-11-23,1
5668,8084,Deepa Narayan,Phone,Electronics,5,25000,125000,Bengaluru,Cash on Delivery,2025-08-19,4
5669,4041,Mitesh Pant,Headphones,Electronics,1,3000,3000,Kolkata,Credit Card,2026-02-03,3
5670,2908,Vedhika Rastogi,T-Shirt,Fashion,1,800,800,Bengaluru,UPI,2026-07-10,7
5671,4339,Tanay Barman,Phone,Electronics,1,25000,25000,Mumbai,Credit Card,2025-11-13,1
5672,6002,Raghav Chander,Laptop,Electronics,5,65000,325000,Delhi,Credit Card,2025-10-05,5
5673,1831,Vasatika Krishnan,Headphones,Electronics,5,3000,15000,Mumbai,Net Banking,2025-08-25,4
5674,6905,Lekha Ratta,Shoes,Fashion,3,2500,7500,Bengaluru,Credit Card,2025-10-15,1
5675,1591,Christopher Prabhu,T-Shirt,Fashion,1,800,800,Bengaluru,UPI,2026-02-05,6
5676,7431,Zarna Puri,Phone,Electronics,3,25000,75000,Hyderabad,UPI,2026-02-19,4
5677,8062,Ishani Gupta,Chair,Furniture,2,4000,8000,Chennai,Cash on Delivery,2025-09-13,1
5678,8934,Hemangini Hari,Bottle,Home,1,600,600,Mumbai,UPI,2025-12-05,7
5679,2511,Neha Dhillon,Shoes,Fashion,5,2500,12500,Mumbai,Net Banking,2025-09-21,7
5680,1585,Megha Sahni,T-Shirt,Fashion,3,800,2400,Ahmedabad,UPI,2025-11-21,1
5681,3603,Gayathri Goyal,Phone,Electronics,2,25000,50000,Delhi,Credit Card,2026-07-13,3
5682,7027,Harish Mohanty,Chair,Furniture,3,4000,12000,Chennai,UPI,2025-12-29,4
5683,8778,Upkaar Deshmukh,Laptop,Electronics,5,65000,325000,Chennai,Debit Card,2025-11-28,1
5684,8434,Ekapad Virk,T-Shirt,Fashion,4,800,3200,Ahmedabad,Credit Card,2026-02-10,3
5685,3490,Kamya Pant,Shoes,Fashion,4,2500,10000,Hyderabad,UPI,2026-07-31,7
5686,2927,Wahab Mangal,Phone,Electronics,2,25000,50000,Chennai,UPI,2026-07-11,7
5687,9254,Yachana Kothari,Phone,Electronics,4,25000,100000,Mumbai,UPI,2026-02-26,6
5688,6168,Rachana Rau,Chair,Furniture,1,4000,4000,Kolkata,UPI,2026-02-01,2
5689,7211,Harsh Kaur,T-Shirt,Fashion,5,800,4000,Hyderabad,UPI,2026-05-21,4
5690,1372,Anika Bansal,Phone,Electronics,4,25000,100000,Delhi,Debit Card,2026-07-08,5
5691,7502,Simon Nagar,Shoes,Fashion,4,2500,10000,Chennai,Net Banking,2026-07-23,2
5692,5060,Hredhaan Das,Watch,Accessories,2,5000,10000,Hyderabad,Cash on Delivery,2025-11-11,1
5693,6214,Leena Puri,Laptop,Electronics,1,65000,65000,Delhi,UPI,2026-03-02,5
5694,5494,Anirudh Raghavan,Headphones,Electronics,1,3000,3000,Delhi,Net Banking,2025-12-21,4
5695,4542,Reva Ramakrishnan,Phone,Electronics,2,25000,50000,Pune,Credit Card,2026-01-13,7
5696,6531,Advik Narain,Laptop,Electronics,4,65000,260000,Kolkata,Debit Card,2026-08-06,3
5697,9620,Waida Ravel,Watch,Accessories,5,5000,25000,Hyderabad,Net Banking,2025-12-23,6
5698,6489,Sanaya Rao,Phone,Electronics,4,25000,100000,Delhi,Net Banking,2026-01-09,4
5699,6325,Jai Trivedi,Phone,Electronics,5,25000,125000,Bengaluru,Debit Card,2025-09-25,5
5700,6833,Michael Nagar,Desk,Furniture,3,7000,21000,Ahmedabad,UPI,2025-09-29,2
5701,7894,Eiravati Chaudhary,Shoes,Fashion,1,2500,2500,Delhi,Credit Card,2026-04-12,3
5702,4853,Harini Gulati,Headphones,Electronics,2,3000,6000,Chennai,Cash on Delivery,2026-06-12,5
5703,9975,Utkarsh Saxena,Headphones,Electronics,2,3000,6000,Kolkata,Credit Card,2026-04-14,4
5704,3381,Hemangini Mann,Watch,Accessories,2,5000,10000,Hyderabad,Net Banking,2026-03-26,1
5705,7737,Pranit Deshmukh,Laptop,Electronics,2,65000,130000,Pune,Cash on Delivery,2026-06-28,3
5706,7899,Samar Jhaveri,Headphones,Electronics,4,3000,12000,Pune,Net Banking,2026-07-19,4
5707,2609,Tamanna Bail,Shoes,Fashion,3,2500,7500,Chennai,Credit Card,2025-09-30,4
5708,1632,Jagat Mallick,T-Shirt,Fashion,2,800,1600,Chennai,Credit Card,2026-05-26,1
5709,3763,Aishani Bhattacharyya,Headphones,Electronics,3,3000,9000,Kolkata,Cash on Delivery,2026-08-02,4
5710,6871,Nathan Sule,Laptop,Electronics,3,65000,195000,Pune,UPI,2026-02-20,5
5711,5146,Oviya Chowdhury,Phone,Electronics,3,25000,75000,Mumbai,Debit Card,2026-02-12,4
5712,6105,Maanas Taneja,Phone,Electronics,1,25000,25000,Hyderabad,Cash on Delivery,2026-07-21,1
5713,7245,Dayamai Bandi,Laptop,Electronics,5,65000,325000,Mumbai,UPI,2026-03-30,3
5714,4248,Chameli Mody,Phone,Electronics,1,25000,25000,Chennai,UPI,2026-06-27,1
5715,7548,Atharv Ahuja,Headphones,Electronics,2,3000,6000,Delhi,Debit Card,2026-06-09,3
5716,7210,Ojasvi Morar,Phone,Electronics,3,25000,75000,Ahmedabad,Debit Card,2025-08-28,2
5717,5043,Pallavi Kale,Shoes,Fashion,5,2500,12500,Chennai,Net Banking,2026-03-09,7
5718,9189,Ikbal Koshy,Phone,Electronics,2,25000,50000,Kolkata,UPI,2026-04-02,3
5719,5752,Avni Dugal,T-Shirt,Fashion,2,800,1600,Pune,Debit Card,2026-01-15,3
5720,6802,Yatan Kashyap,Bottle,Home,5,600,3000,Chennai,Cash on Delivery,2025-08-08,1
5721,2412,Dominic Varughese,Laptop,Electronics,1,65000,65000,Mumbai,Net Banking,2025-09-09,4
5722,3493,Nilima Kaul,Shoes,Fashion,2,2500,5000,Kolkata,Credit Card,2025-10-30,2
5723,8726,Eta Vala,Chair,Furniture,4,4000,16000,Pune,Credit Card,2026-05-28,6
5724,4402,Aarnav Samra,Laptop,Electronics,4,65000,260000,Chennai,Net Banking,2025-12-24,2
5725,6322,Yashawini Walia,Headphones,Electronics,1,3000,3000,Kolkata,UPI,2026-05-16,7
5726,1481,Osha Gokhale,Headphones,Electronics,3,3000,9000,Mumbai,Cash on Delivery,2025-09-29,6
5727,1543,Ayush Srinivas,Book,Books,3,500,1500,Mumbai,UPI,2026-04-29,2
5728,1315,Rushil Bhakta,Headphones,Electronics,3,3000,9000,Hyderabad,Debit Card,2026-03-03,7
5729,5456,Dalbir Sahota,Headphones,Electronics,3,3000,9000,Hyderabad,Cash on Delivery,2026-01-06,7
5730,7880,Bhavya Khosla,Headphones,Electronics,1,3000,3000,Bengaluru,Cash on Delivery,2026-06-01,5
5731,6494,Ojasvi Gour,Phone,Electronics,5,25000,125000,Mumbai,Debit Card,2025-12-18,7
5732,5179,Tarak Ramaswamy,Phone,Electronics,3,25000,75000,Pune,Net Banking,2025-10-05,6
5733,6395,Dipta Bhatnagar,Phone,Electronics,5,25000,125000,Pune,Credit Card,2026-07-14,7
5734,6795,Ranveer Dey,Laptop,Electronics,4,65000,260000,Chennai,Credit Card,2025-10-15,4
5735,1127,Frederick Wali,Phone,Electronics,5,25000,125000,Delhi,UPI,2025-11-15,4
5736,8320,Vamakshi Dalal,Chair,Furniture,1,4000,4000,Hyderabad,Debit Card,2026-06-04,3
5737,6225,Ekantika Balan,Headphones,Electronics,3,3000,9000,Bengaluru,Credit Card,2026-07-23,3
5738,4487,Elijah Tella,Shoes,Fashion,4,2500,10000,Hyderabad,Credit Card,2026-02-24,4
5739,8969,Warda More,Phone,Electronics,5,25000,125000,Mumbai,UPI,2026-08-03,1
5740,8620,Jyoti Apte,Laptop,Electronics,1,65000,65000,Mumbai,Credit Card,2026-07-08,6
5741,6535,Bhavini Parmer,Shoes,Fashion,3,2500,7500,Kolkata,Cash on Delivery,2025-08-12,1
5742,1670,Yatan Memon,Shoes,Fashion,2,2500,5000,Pune,Net Banking,2026-04-07,3
5743,5725,Widisha Goswami,Headphones,Electronics,1,3000,3000,Bengaluru,Credit Card,2026-01-03,3
5744,9877,Naksh Dhawan,Shoes,Fashion,2,2500,5000,Hyderabad,Credit Card,2025-08-12,4
5745,8731,Chakrika Thakkar,Phone,Electronics,5,25000,125000,Ahmedabad,Cash on Delivery,2025-09-27,6
5746,3042,Patrick Tata,Headphones,Electronics,5,3000,15000,Hyderabad,UPI,2026-02-16,2
5747,7199,Gaurav Garde,Headphones,Electronics,3,3000,9000,Pune,Cash on Delivery,2025-09-12,6
5748,6597,Tanish Gupta,Headphones,Electronics,1,3000,3000,Bengaluru,UPI,2025-09-15,7
5749,1614,Aachal Ravel,Headphones,Electronics,4,3000,12000,Pune,UPI,2026-04-26,6
5750,2979,Chandran Tandon,Desk,Furniture,4,7000,28000,Mumbai,Cash on Delivery,2025-11-08,1
5751,5223,Damyanti Patel,Laptop,Electronics,4,65000,260000,Pune,Cash on Delivery,2026-07-27,6
5752,9271,Chakrika Srinivas,Shoes,Fashion,1,2500,2500,Hyderabad,UPI,2026-04-30,7
5753,5971,Jalsa Chad,Headphones,Electronics,3,3000,9000,Bengaluru,Debit Card,2025-09-29,7
5754,9457,Ikbal Bobal,Book,Books,2,500,1000,Ahmedabad,Credit Card,2026-03-30,2
5755,5790,Janaki Parsa,Headphones,Electronics,4,3000,12000,Kolkata,Cash on Delivery,2025-12-30,1
5756,2982,Oliver Dube,Laptop,Electronics,5,65000,325000,Bengaluru,Debit Card,2026-07-25,2
5757,3569,Raagini Aggarwal,Phone,Electronics,1,25000,25000,Mumbai,Net Banking,2025-08-13,7
5758,3719,Rehaan Madan,Laptop,Electronics,2,65000,130000,Chennai,Cash on Delivery,2026-01-30,5
5759,7702,Ati Palla,Chair,Furniture,1,4000,4000,Chennai,Cash on Delivery,2026-04-04,6
5760,8051,Zehaan Nagy,Laptop,Electronics,5,65000,325000,Ahmedabad,Credit Card,2026-03-31,5
5761,6914,Lila Parmar,Bottle,Home,5,600,3000,Kolkata,UPI,2026-06-30,4
5762,3188,Fitan Sibal,Phone,Electronics,5,25000,125000,Mumbai,UPI,2025-12-08,7
5763,1157,Luke Bhatt,Laptop,Electronics,4,65000,260000,Delhi,Cash on Delivery,2026-05-03,1
5764,9522,Ekaraj Lad,T-Shirt,Fashion,4,800,3200,Delhi,Net Banking,2026-05-25,6
5765,8121,Charita Venkataraman,Headphones,Electronics,4,3000,12000,Hyderabad,Credit Card,2025-10-16,1
5766,9435,Charles Deol,Headphones,Electronics,1,3000,3000,Hyderabad,Debit Card,2026-07-07,5
5767,8130,Xalak Vig,Phone,Electronics,2,25000,50000,Kolkata,Debit Card,2025-08-18,5
5768,3883,Aditya Lad,Headphones,Electronics,4,3000,12000,Chennai,Debit Card,2025-10-05,1
5769,5407,Advika Contractor,Watch,Accessories,3,5000,15000,Ahmedabad,Cash on Delivery,2026-02-05,3
5770,8715,Anirudh Devan,Headphones,Electronics,4,3000,12000,Chennai,Debit Card,2025-09-05,6
5771,9353,Gayathri Bhargava,Phone,Electronics,5,25000,125000,Bengaluru,Net Banking,2025-09-21,1
5772,5447,Jagvi Gandhi,Headphones,Electronics,5,3000,15000,Kolkata,Cash on Delivery,2025-08-16,5
5773,4175,Jack Bhasin,Phone,Electronics,1,25000,25000,Pune,Debit Card,2026-06-28,7
5774,1999,Netra Keer,Phone,Electronics,2,25000,50000,Bengaluru,Cash on Delivery,2026-05-20,2
5775,1955,Nachiket Ram,Phone,Electronics,2,25000,50000,Hyderabad,Credit Card,2026-03-31,7
5776,6657,Chanchal Ravel,Shoes,Fashion,3,2500,7500,Bengaluru,Debit Card,2026-02-22,4
5777,1540,Jasmit Mangat,Phone,Electronics,1,25000,25000,Kolkata,Debit Card,2025-09-18,7
5778,4720,Urvi Arya,T-Shirt,Fashion,4,800,3200,Ahmedabad,UPI,2025-11-04,4
5779,3432,Lavanya Bahri,Headphones,Electronics,2,3000,6000,Pune,Cash on Delivery,2026-05-22,4
5780,3001,Ojasvi Kannan,Shoes,Fashion,3,2500,7500,Bengaluru,Debit Card,2026-05-24,6
5781,1405,Rachana Ghosh,Headphones,Electronics,4,3000,12000,Delhi,Debit Card,2025-10-20,7
5782,7544,Forum Mittal,T-Shirt,Fashion,2,800,1600,Chennai,Net Banking,2026-02-19,2
5783,8118,Ekanta Peri,Phone,Electronics,4,25000,100000,Hyderabad,Credit Card,2025-12-18,3
5784,6815,Maya Subramanian,Phone,Electronics,5,25000,125000,Chennai,Credit Card,2026-03-06,7
5785,4782,Harini Acharya,Desk,Furniture,5,7000,35000,Kolkata,Credit Card,2025-12-07,7
5786,9147,Mitesh Sarma,T-Shirt,Fashion,2,800,1600,Bengaluru,Credit Card,2025-09-09,3
5787,2671,Krish Ganguly,T-Shirt,Fashion,2,800,1600,Delhi,Credit Card,2026-02-02,7
5788,1871,Eshana Mangal,Phone,Electronics,4,25000,100000,Delhi,Net Banking,2026-04-07,6
5789,4401,Hemang Rege,Headphones,Electronics,2,3000,6000,Pune,UPI,2026-08-05,2
5790,5376,Ishani Agrawal,Shoes,Fashion,1,2500,2500,Hyderabad,Credit Card,2026-07-08,2
5791,3028,Aarav Panchal,Watch,Accessories,2,5000,10000,Hyderabad,Net Banking,2026-03-02,3
5792,3095,Lohit Mitter,Phone,Electronics,1,25000,25000,Ahmedabad,Cash on Delivery,2025-09-25,5
5793,5413,Ayushman Bath,Shoes,Fashion,1,2500,2500,Kolkata,Credit Card,2026-04-05,4
5794,7089,Sneha Maharaj,Phone,Electronics,5,25000,125000,Mumbai,Cash on Delivery,2026-07-25,4
5795,9853,Prisha Kala,Headphones,Electronics,4,3000,12000,Delhi,Cash on Delivery,2026-05-23,3
5796,6032,Warhi Prabhakar,Phone,Electronics,3,25000,75000,Pune,Credit Card,2025-08-27,1
5797,4644,Quincy Dhar,Phone,Electronics,5,25000,125000,Kolkata,Net Banking,2026-05-30,6
5798,1493,Faras Sagar,Phone,Electronics,3,25000,75000,Ahmedabad,Credit Card,2026-05-16,6
5799,4247,Dominic Kanda,Phone,Electronics,4,25000,100000,Chennai,Net Banking,2026-01-23,5
5800,5310,Chatura Barad,Phone,Electronics,2,25000,50000,Bengaluru,Net Banking,2025-11-19,5
5801,1622,Aishani Batta,Phone,Electronics,5,25000,125000,Hyderabad,Net Banking,2025-11-05,4
5802,8679,Sarthak Upadhyay,Shoes,Fashion,5,2500,12500,Hyderabad,Credit Card,2026-02-25,1
5803,4899,Aishani Chaudry,Shoes,Fashion,1,2500,2500,Bengaluru,UPI,2025-11-12,5
5804,7891,Lajita Tara,Headphones,Electronics,5,3000,15000,Ahmedabad,Debit Card,2026-04-28,7
5805,3093,Daksh Prasad,Laptop,Electronics,1,65000,65000,Ahmedabad,UPI,2026-07-08,4
5806,7632,Vrishti Zacharia,Headphones,Electronics,5,3000,15000,Delhi,Cash on Delivery,2025-09-25,6
5807,9097,Hema Karan,Headphones,Electronics,3,3000,9000,Chennai,Cash on Delivery,2026-03-06,1
5808,9714,Gunbir Vyas,Watch,Accessories,5,5000,25000,Chennai,Credit Card,2025-12-30,2
5809,2458,Daksh Agarwal,Headphones,Electronics,3,3000,9000,Delhi,Credit Card,2025-12-24,5
5810,3402,Indira Subramaniam,Phone,Electronics,3,25000,75000,Kolkata,Cash on Delivery,2026-04-12,2
5811,6774,Aradhana Dutta,Phone,Electronics,3,25000,75000,Chennai,Credit Card,2025-09-06,6
5812,7793,Samesh Sama,Headphones,Electronics,2,3000,6000,Hyderabad,Net Banking,2025-08-23,5
5813,5735,Balvan Bala,Phone,Electronics,3,25000,75000,Delhi,Credit Card,2026-06-28,5
5814,5685,Dalaja Chaudry,Headphones,Electronics,3,3000,9000,Chennai,Debit Card,2025-12-06,4
5815,4250,Tristan Edwin,T-Shirt,Fashion,3,800,2400,Mumbai,Cash on Delivery,2025-12-14,1
5816,1513,Idika Dube,Headphones,Electronics,2,3000,6000,Delhi,Credit Card,2025-11-04,6
5817,3399,Tanvi Chowdhury,Watch,Accessories,1,5000,5000,Kolkata,Credit Card,2026-01-05,4
5818,3748,Abhiram Warrior,Shoes,Fashion,2,2500,5000,Ahmedabad,Cash on Delivery,2026-01-16,6
5819,4045,Maanav Basu,T-Shirt,Fashion,2,800,1600,Bengaluru,Credit Card,2025-12-16,3
5820,5389,Eesha Tata,Book,Books,4,500,2000,Hyderabad,Net Banking,2026-03-23,1
5821,1083,Lekha Goda,Headphones,Electronics,4,3000,12000,Mumbai,Net Banking,2025-10-13,1
5822,5953,Yash Nanda,Laptop,Electronics,1,65000,65000,Chennai,Cash on Delivery,2026-07-27,6
5823,8247,Odika Bal,Chair,Furniture,1,4000,4000,Hyderabad,Credit Card,2025-11-15,4
5824,4239,Rachana Shetty,Phone,Electronics,4,25000,100000,Kolkata,Net Banking,2026-01-23,3
5825,2496,Lakshmi Bassi,Shoes,Fashion,3,2500,7500,Kolkata,Cash on Delivery,2026-02-23,7
5826,1380,Lucky Aurora,Laptop,Electronics,5,65000,325000,Hyderabad,Cash on Delivery,2026-07-26,1
5827,6992,Veer Garde,Book,Books,3,500,1500,Mumbai,UPI,2026-06-30,3
5828,5045,Imaran Sankar,Phone,Electronics,4,25000,100000,Pune,Cash on Delivery,2026-08-04,4
5829,5176,Zilmil Chad,Chair,Furniture,3,4000,12000,Kolkata,Credit Card,2025-11-29,6
5830,9840,Indrajit Patla,Chair,Furniture,2,4000,8000,Kolkata,Net Banking,2026-04-11,1
5831,3142,Rushil Anne,Shoes,Fashion,3,2500,7500,Delhi,Debit Card,2025-10-03,4
5832,4135,Onkar Gade,Headphones,Electronics,1,3000,3000,Kolkata,Net Banking,2026-07-21,7
5833,8250,Theodore Toor,Watch,Accessories,4,5000,20000,Mumbai,Net Banking,2026-02-19,5
5834,9232,Samarth Patil,Book,Books,5,500,2500,Hyderabad,Cash on Delivery,2026-02-16,3
5835,6812,Sanaya Bhandari,Phone,Electronics,3,25000,75000,Delhi,Net Banking,2026-06-04,7
5836,4511,Pranit Sachdev,Headphones,Electronics,3,3000,9000,Delhi,Cash on Delivery,2026-02-14,2
5837,3454,Nimrat Kannan,Shoes,Fashion,1,2500,2500,Hyderabad,UPI,2026-03-29,5
5838,7388,Dominic Ramesh,Watch,Accessories,5,5000,25000,Pune,Cash on Delivery,2026-04-02,7
5839,5345,Pranit Sharaf,Shoes,Fashion,2,2500,5000,Hyderabad,Debit Card,2026-01-14,7
5840,5114,Qabil Bath,Watch,Accessories,3,5000,15000,Chennai,Net Banking,2025-12-19,3
5841,4058,Gabriel Kunda,Phone,Electronics,1,25000,25000,Mumbai,Debit Card,2026-02-17,4
5842,9264,Gunbir Gokhale,Laptop,Electronics,2,65000,130000,Kolkata,UPI,2026-01-10,1
5843,4433,Yug Das,Headphones,Electronics,1,3000,3000,Ahmedabad,Debit Card,2026-05-26,4
5844,7998,Yash Kale,Shoes,Fashion,4,2500,10000,Delhi,Debit Card,2025-10-26,5
5845,8814,Jason Thakur,T-Shirt,Fashion,2,800,1600,Chennai,Debit Card,2025-10-29,4
5846,3007,Anirudh Issac,Phone,Electronics,4,25000,100000,Mumbai,Cash on Delivery,2025-11-07,1
5847,6538,Falan Raju,Phone,Electronics,1,25000,25000,Delhi,Credit Card,2025-08-23,6
5848,6128,Pratyush Wason,Headphones,Electronics,4,3000,12000,Ahmedabad,Net Banking,2026-06-05,7
5849,2149,Aarna Agrawal,Headphones,Electronics,5,3000,15000,Delhi,UPI,2026-06-28,7
5850,6142,Meera Dugar,T-Shirt,Fashion,1,800,800,Hyderabad,Credit Card,2025-10-04,2
5851,7815,Anita Sem,Phone,Electronics,5,25000,125000,Chennai,UPI,2026-06-12,1
5852,6141,Saksham Dara,T-Shirt,Fashion,5,800,4000,Ahmedabad,UPI,2026-01-16,7
5853,6549,Kala Chadha,Watch,Accessories,2,5000,10000,Kolkata,Credit Card,2026-07-15,7
5854,1510,Ira Ranganathan,Headphones,Electronics,1,3000,3000,Mumbai,Credit Card,2025-10-16,7
5855,8629,Tamanna Rana,Phone,Electronics,3,25000,75000,Mumbai,Net Banking,2026-06-13,1
5856,1897,Frederick Rastogi,Book,Books,5,500,2500,Chennai,UPI,2026-06-22,5
5857,2899,Fariq Arora,Phone,Electronics,5,25000,125000,Hyderabad,Cash on Delivery,2025-09-18,6
5858,1592,Faqid Kibe,T-Shirt,Fashion,3,800,2400,Ahmedabad,Debit Card,2025-11-12,1
5859,4647,Nisha Kari,Headphones,Electronics,5,3000,15000,Chennai,Net Banking,2026-03-27,4
5860,9068,Lipika Raghavan,Laptop,Electronics,4,65000,260000,Mumbai,Cash on Delivery,2025-09-21,1
5861,3418,Patrick Kulkarni,Headphones,Electronics,3,3000,9000,Hyderabad,Credit Card,2026-07-06,7
5862,6990,Fiyaz Sethi,T-Shirt,Fashion,5,800,4000,Delhi,Cash on Delivery,2025-09-17,6
5863,2371,Guneet Anand,Phone,Electronics,4,25000,100000,Bengaluru,Net Banking,2026-07-13,2
5864,2216,Dakshesh Sarin,Phone,Electronics,2,25000,50000,Hyderabad,Debit Card,2025-12-16,5
5865,1689,Eiravati Iyer,Phone,Electronics,2,25000,50000,Pune,UPI,2026-05-26,6
5866,8831,Chakrika Bhatnagar,Laptop,Electronics,2,65000,130000,Mumbai,Cash on Delivery,2025-11-14,4
5867,6714,Pushti Wable,Phone,Electronics,5,25000,125000,Chennai,Credit Card,2026-07-02,6
5868,1113,Neel Mutti,Headphones,Electronics,5,3000,15000,Chennai,Cash on Delivery,2026-06-06,1
5869,7791,Hitesh Som,Laptop,Electronics,2,65000,130000,Bengaluru,UPI,2026-06-14,6
5870,7362,Nachiket Rai,Phone,Electronics,1,25000,25000,Ahmedabad,UPI,2026-02-03,4
5871,3752,Ekaja Halder,Phone,Electronics,1,25000,25000,Mumbai,UPI,2026-06-22,5
5872,9880,Kashish Sankaran,Headphones,Electronics,1,3000,3000,Mumbai,UPI,2025-10-16,6
5873,4631,Aarna Yogi,Shoes,Fashion,2,2500,5000,Hyderabad,UPI,2026-04-09,2
5874,9322,Samuel Sethi,Phone,Electronics,5,25000,125000,Kolkata,Net Banking,2026-01-23,6
5875,8031,Geetika Seth,Book,Books,1,500,500,Bengaluru,Credit Card,2026-07-25,1
5876,8052,Bachittar Bhatnagar,T-Shirt,Fashion,3,800,2400,Mumbai,UPI,2026-01-22,5
5877,7628,Aishani Palan,Shoes,Fashion,1,2500,2500,Delhi,Debit Card,2026-01-27,3
5878,2459,Darpan Khosla,Laptop,Electronics,2,65000,130000,Mumbai,Credit Card,2025-08-11,7
5879,7917,Harinakshi Singhal,Laptop,Electronics,2,65000,130000,Delhi,Net Banking,2025-12-18,1
5880,2691,Ekta Anand,Headphones,Electronics,3,3000,9000,Delhi,Debit Card,2025-10-01,3
5881,1696,Barkha Hora,Shoes,Fashion,4,2500,10000,Mumbai,Net Banking,2026-07-26,4
5882,1624,Chakrika Kunda,Book,Books,3,500,1500,Hyderabad,Debit Card,2025-09-19,4
5883,5595,Ayushman Dutta,Headphones,Electronics,3,3000,9000,Ahmedabad,UPI,2026-05-11,7
5884,6446,Faras Goswami,Headphones,Electronics,5,3000,15000,Delhi,Cash on Delivery,2025-11-05,7
5885,5297,Wishi Roy,Phone,Electronics,4,25000,100000,Ahmedabad,Cash on Delivery,2026-03-30,4
5886,9951,Yashasvi Ahuja,Headphones,Electronics,2,3000,6000,Ahmedabad,Net Banking,2026-03-31,6
5887,3320,Abhimanyu Talwar,Laptop,Electronics,3,65000,195000,Pune,UPI,2025-09-15,3
5888,1263,Chameli Sant,Phone,Electronics,5,25000,125000,Pune,Net Banking,2025-08-25,3
5889,8062,Harrison Bava,Headphones,Electronics,4,3000,12000,Bengaluru,Debit Card,2025-11-21,7
5890,5712,Tanvi Mani,Phone,Electronics,5,25000,125000,Kolkata,Cash on Delivery,2025-08-24,7
5891,6658,Udant Ravel,Phone,Electronics,1,25000,25000,Hyderabad,UPI,2026-05-28,1
5892,9116,Kritika Kakar,Phone,Electronics,3,25000,75000,Bengaluru,Net Banking,2026-04-20,6
5893,5808,Avni Rana,Headphones,Electronics,4,3000,12000,Chennai,Net Banking,2026-06-23,3
5894,3207,Lohit Lal,Headphones,Electronics,1,3000,3000,Chennai,Credit Card,2025-08-14,5
5895,2389,Yamini Rege,T-Shirt,Fashion,4,800,3200,Mumbai,Cash on Delivery,2026-01-24,4
5896,7537,Manthan Kala,Phone,Electronics,5,25000,125000,Chennai,UPI,2026-07-23,7
5897,9553,Dayamai Gaba,Phone,Electronics,5,25000,125000,Bengaluru,Debit Card,2026-04-16,7
5898,7767,Warhi Varty,Desk,Furniture,5,7000,35000,Kolkata,UPI,2025-10-26,1
5899,3578,Zarna Randhawa,Phone,Electronics,4,25000,100000,Kolkata,Cash on Delivery,2026-03-14,7
5900,3590,Zansi Yogi,Shoes,Fashion,1,2500,2500,Mumbai,Debit Card,2026-05-07,7
5901,4379,Eshana Jain,Desk,Furniture,2,7000,14000,Mumbai,Credit Card,2025-09-13,3
5902,4327,Yagnesh Sastry,Phone,Electronics,2,25000,50000,Ahmedabad,Credit Card,2026-06-27,3
5903,1554,Joshua Nath,T-Shirt,Fashion,4,800,3200,Delhi,Net Banking,2025-08-19,3
5904,6061,Ikbal Baria,Shoes,Fashion,5,2500,12500,Chennai,UPI,2026-01-17,4
5905,1926,Omya Johal,Phone,Electronics,3,25000,75000,Ahmedabad,Credit Card,2025-10-21,1
5906,6414,Yash Sachar,Shoes,Fashion,2,2500,5000,Hyderabad,UPI,2025-08-28,2
5907,5459,Shravya Bhattacharyya,Shoes,Fashion,5,2500,12500,Ahmedabad,Cash on Delivery,2025-09-05,1
5908,4767,Fariq Dugal,Phone,Electronics,5,25000,125000,Pune,Credit Card,2026-07-07,2
5909,1108,Theodore Shere,Phone,Electronics,1,25000,25000,Mumbai,Credit Card,2026-02-23,5
5910,4706,Nachiket Bali,Phone,Electronics,3,25000,75000,Mumbai,Debit Card,2026-04-15,6
5911,5604,Frederick Sharaf,Shoes,Fashion,1,2500,2500,Delhi,Net Banking,2025-08-08,7
5912,5345,Lopa Cheema,Headphones,Electronics,2,3000,6000,Hyderabad,Cash on Delivery,2026-05-27,7
5913,3476,Warda Saraf,Headphones,Electronics,5,3000,15000,Pune,UPI,2026-01-26,7
5914,7997,Ekbal Naik,Phone,Electronics,1,25000,25000,Bengaluru,Credit Card,2025-10-28,1
5915,9471,Sara Nanda,Phone,Electronics,5,25000,125000,Mumbai,Net Banking,2026-07-17,1
5916,7272,Gauri Yadav,Shoes,Fashion,1,2500,2500,Bengaluru,Debit Card,2026-06-20,2
5917,8588,Gauri Mittal,Chair,Furniture,3,4000,12000,Chennai,Credit Card,2026-06-20,6
5918,8757,Chaitaly Randhawa,Phone,Electronics,5,25000,125000,Kolkata,Debit Card,2025-09-10,7
5919,3088,Nitara Mani,Desk,Furniture,3,7000,21000,Chennai,Credit Card,2026-04-13,7
5920,9563,Kai Wali,Shoes,Fashion,5,2500,12500,Bengaluru,Credit Card,2025-12-25,6
5921,3442,Yadavi Purohit,T-Shirt,Fashion,4,800,3200,Ahmedabad,Debit Card,2026-03-12,3
5922,6274,Daniel Bora,Shoes,Fashion,2,2500,5000,Hyderabad,Debit Card,2026-03-10,1
5923,9624,Shivani Loyal,Laptop,Electronics,4,65000,260000,Bengaluru,Net Banking,2026-03-09,1
5924,5124,Ikbal Prakash,Phone,Electronics,2,25000,50000,Ahmedabad,Debit Card,2026-07-05,2
5925,4058,Gaurav Solanki,Headphones,Electronics,5,3000,15000,Kolkata,Credit Card,2026-03-20,1
5926,7499,Bimala Shenoy,Bottle,Home,4,600,2400,Kolkata,Cash on Delivery,2026-01-22,4
5927,9720,Ishanvi Rao,Book,Books,1,500,500,Bengaluru,Net Banking,2026-07-13,5
5928,6258,Dominic Srinivasan,Chair,Furniture,3,4000,12000,Kolkata,UPI,2025-09-21,6
5929,8743,Guneet Mand,Shoes,Fashion,1,2500,2500,Ahmedabad,Credit Card,2025-08-11,1
5930,7390,Upkaar Nadkarni,Shoes,Fashion,2,2500,5000,Ahmedabad,Net Banking,2025-11-07,2
5931,7490,Ranbir Reddy,Phone,Electronics,2,25000,50000,Bengaluru,UPI,2026-05-21,6
5932,5842,Fiyaz Sachdeva,Shoes,Fashion,4,2500,10000,Mumbai,Debit Card,2026-05-19,7
5933,1062,Aradhana Varma,Chair,Furniture,2,4000,8000,Mumbai,UPI,2026-07-23,7
5934,5688,Urvashi Goyal,Phone,Electronics,3,25000,75000,Ahmedabad,Credit Card,2026-06-30,5
5935,7257,Ijaya Zachariah,T-Shirt,Fashion,5,800,4000,Pune,Debit Card,2025-10-30,6
5936,4354,Henry Sami,Headphones,Electronics,3,3000,9000,Hyderabad,UPI,2026-06-22,5
5937,2584,Jeevika Som,T-Shirt,Fashion,4,800,3200,Mumbai,Debit Card,2026-07-06,2
5938,5532,Sanaya Garde,Phone,Electronics,2,25000,50000,Kolkata,Credit Card,2026-04-28,5
5939,8657,Rayaan Lata,Headphones,Electronics,5,3000,15000,Delhi,UPI,2026-05-15,1
5940,5956,Charita Sani,T-Shirt,Fashion,2,800,1600,Hyderabad,Debit Card,2025-11-29,3
5941,6968,Anmol Swamy,Headphones,Electronics,4,3000,12000,Ahmedabad,Net Banking,2026-02-25,6
5942,9694,Kashvi Barad,Headphones,Electronics,1,3000,3000,Mumbai,Cash on Delivery,2025-12-04,5
5943,2894,Harshil Dua,Headphones,Electronics,2,3000,6000,Ahmedabad,Net Banking,2025-10-28,5
5944,5180,Tamanna Gole,Phone,Electronics,5,25000,125000,Hyderabad,Cash on Delivery,2025-10-06,4
5945,9437,Rishi Bora,Chair,Furniture,2,4000,8000,Bengaluru,Cash on Delivery,2026-06-17,3
5946,4451,Imaran Sarraf,Headphones,Electronics,1,3000,3000,Hyderabad,UPI,2026-05-21,2
5947,6267,Yatan Bhalla,Phone,Electronics,2,25000,50000,Pune,Net Banking,2025-12-15,1
5948,1225,Tanmayi Narayan,Book,Books,4,500,2000,Pune,Cash on Delivery,2026-05-20,2
5949,9607,Qushi Merchant,Shoes,Fashion,3,2500,7500,Hyderabad,Cash on Delivery,2025-11-14,5
5950,8726,Devika Sandal,Headphones,Electronics,4,3000,12000,Kolkata,Debit Card,2026-04-30,1
5951,7597,Chanchal Pandey,Headphones,Electronics,2,3000,6000,Chennai,Cash on Delivery,2025-12-17,7
5952,7589,Eshana Sankar,Bottle,Home,3,600,1800,Delhi,UPI,2025-09-25,6
5953,3281,Imaran Bhattacharyya,Chair,Furniture,4,4000,16000,Bengaluru,Net Banking,2025-09-12,7
5954,9827,Frederick Mane,Phone,Electronics,2,25000,50000,Bengaluru,UPI,2025-09-17,5
5955,9248,Jagdish Narain,T-Shirt,Fashion,2,800,1600,Chennai,Net Banking,2025-08-17,2
5956,8214,Ekta Biswas,Headphones,Electronics,3,3000,9000,Bengaluru,Cash on Delivery,2025-09-12,3
5957,4374,Aishani Khatri,Shoes,Fashion,2,2500,5000,Hyderabad,UPI,2025-10-04,3
5958,8059,Vansha Balasubramanian,Shoes,Fashion,3,2500,7500,Bengaluru,UPI,2026-03-02,4
5959,1531,Charita Khare,Headphones,Electronics,4,3000,12000,Pune,Net Banking,2026-02-03,3
5960,3977,Arya Kamdar,Bottle,Home,1,600,600,Hyderabad,Debit Card,2025-09-13,6
5961,6571,Jeremiah Kibe,Book,Books,2,500,1000,Pune,Net Banking,2026-05-29,5
5962,6067,Pratyush Sha,Laptop,Electronics,5,65000,325000,Chennai,Debit Card,2026-05-14,1
5963,3970,Azaan Nigam,Phone,Electronics,3,25000,75000,Mumbai,UPI,2026-05-31,7
5964,8662,Sanaya Murty,Phone,Electronics,2,25000,50000,Mumbai,Cash on Delivery,2025-09-14,7
5965,4694,Ayush Kala,Shoes,Fashion,3,2500,7500,Chennai,Debit Card,2026-02-25,6
5966,2362,Wyatt Salvi,Desk,Furniture,1,7000,7000,Chennai,Debit Card,2026-06-30,5
5967,7099,Manbir Bedi,Phone,Electronics,3,25000,75000,Pune,Credit Card,2025-08-10,1
5968,4233,Krisha Suresh,Shoes,Fashion,4,2500,10000,Mumbai,Credit Card,2026-04-15,7
5969,7453,Upasna Mander,Watch,Accessories,2,5000,10000,Ahmedabad,Net Banking,2025-12-21,4
5970,8556,Anya Mane,Phone,Electronics,4,25000,100000,Chennai,Net Banking,2026-01-31,4
5971,4434,Chameli Kala,Headphones,Electronics,3,3000,9000,Ahmedabad,Net Banking,2026-01-28,4
5972,2463,Chameli Majumdar,Laptop,Electronics,3,65000,195000,Kolkata,Debit Card,2026-04-01,5
5973,4605,Raagini Nagi,Laptop,Electronics,3,65000,195000,Delhi,Net Banking,2026-05-24,6
5974,3935,Nitesh Sarraf,Headphones,Electronics,3,3000,9000,Chennai,Cash on Delivery,2026-02-14,7
5975,1212,Raksha Sarma,Phone,Electronics,2,25000,50000,Kolkata,Cash on Delivery,2026-05-13,1
5976,1543,Timothy Kohli,Phone,Electronics,1,25000,25000,Mumbai,UPI,2026-06-17,1
5977,6477,Pranav Srinivas,Phone,Electronics,1,25000,25000,Pune,Net Banking,2025-08-24,1
5978,4257,Eesha Bala,Phone,Electronics,2,25000,50000,Chennai,Debit Card,2025-11-03,4
5979,5285,Ishita Issac,Shoes,Fashion,1,2500,2500,Delhi,UPI,2026-02-10,1
5980,7451,Yachana Ramanathan,Watch,Accessories,5,5000,25000,Mumbai,Cash on Delivery,2025-11-25,7
5981,8541,Tanmayi Swamy,T-Shirt,Fashion,3,800,2400,Delhi,Debit Card,2026-05-07,7
5982,2467,Warinder Sengupta,Shoes,Fashion,5,2500,12500,Ahmedabad,Cash on Delivery,2025-10-26,2
5983,7249,Turvi Chhabra,Headphones,Electronics,1,3000,3000,Kolkata,Net Banking,2025-11-24,5
5984,7342,Chasmum Borah,Phone,Electronics,2,25000,50000,Kolkata,Credit Card,2026-04-23,1
5985,2936,Jalsa Dhar,Headphones,Electronics,4,3000,12000,Delhi,Credit Card,2026-08-01,7
5986,8083,Ijaya Chaudry,Phone,Electronics,2,25000,50000,Pune,Credit Card,2025-08-14,6
5987,9338,William Saini,Phone,Electronics,3,25000,75000,Chennai,Net Banking,2025-10-22,5
5988,5373,Advika Soni,Headphones,Electronics,2,3000,6000,Ahmedabad,Net Banking,2026-07-22,4
5989,6929,Turvi Babu,Phone,Electronics,3,25000,75000,Kolkata,Net Banking,2025-11-03,2
5990,8649,Kashvi Bains,Phone,Electronics,4,25000,100000,Delhi,UPI,2025-11-20,1
5991,2570,Ranveer Mahajan,Shoes,Fashion,3,2500,7500,Kolkata,Cash on Delivery,2026-01-15,2
5992,7778,Warinder Bandi,Shoes,Fashion,2,2500,5000,Delhi,Net Banking,2026-04-19,4
5993,9329,Charles Dhingra,Headphones,Electronics,4,3000,12000,Chennai,UPI,2025-08-22,1
5994,6620,Ekantika Chacko,Book,Books,5,500,2500,Kolkata,Credit Card,2025-10-23,3
5995,5806,Jai Cherian,Headphones,Electronics,4,3000,12000,Hyderabad,Credit Card,2026-03-02,7
5996,9129,Chameli Kakar,Headphones,Electronics,3,3000,9000,Delhi,Credit Card,2025-08-15,4
5997,7481,Atharv Khurana,Phone,Electronics,4,25000,100000,Kolkata,Cash on Delivery,2026-07-16,7
5998,7450,Gavin Chand,T-Shirt,Fashion,3,800,2400,Pune,Debit Card,2026-05-31,5
5999,7308,Warda Jani,Headphones,Electronics,4,3000,12000,Pune,Net Banking,2025-10-27,6
6000,2282,Riya Oommen,Phone,Electronics,4,25000,100000,Ahmedabad,Debit Card,2026-01-28,7
6001,5506,Oni Doctor,Shoes,Fashion,2,2500,5000,Kolkata,Debit Card,2026-02-01,7
6002,3125,Vincent Puri,Phone,Electronics,1,25000,25000,Pune,UPI,2025-11-29,7
6003,9112,Xalak Das,Phone,Electronics,4,25000,100000,Bengaluru,Net Banking,2025-09-18,6
6004,9588,Caleb Saran,Laptop,Electronics,3,65000,195000,Chennai,Debit Card,2025-11-15,2
6005,6452,Finn Saran,Shoes,Fashion,3,2500,7500,Delhi,Credit Card,2026-02-20,4
6006,5581,Abha Date,T-Shirt,Fashion,3,800,2400,Delhi,Cash on Delivery,2025-10-27,5
6007,9717,Baljiwan Contractor,Laptop,Electronics,2,65000,130000,Hyderabad,Credit Card,2026-08-05,6
6008,4088,Indrajit Mani,Headphones,Electronics,4,3000,12000,Bengaluru,Net Banking,2026-04-05,1
6009,7222,Qarin Saran,Phone,Electronics,5,25000,125000,Pune,Net Banking,2026-07-22,1
6010,1478,Lipika Sama,Shoes,Fashion,3,2500,7500,Kolkata,Credit Card,2026-06-12,4
6011,2431,Saanvi Badami,Phone,Electronics,3,25000,75000,Ahmedabad,UPI,2025-11-23,6
6012,3894,Aahana Naidu,Watch,Accessories,2,5000,10000,Pune,UPI,2025-08-27,3
6013,7678,Onveer Menon,Phone,Electronics,2,25000,50000,Ahmedabad,Net Banking,2026-06-30,2
6014,8075,Wakeeta Dash,Watch,Accessories,4,5000,20000,Hyderabad,Credit Card,2025-11-19,3
6015,5606,Isaac Rajagopal,Book,Books,4,500,2000,Chennai,Debit Card,2026-06-14,6
6016,8075,Harshil Kari,Bottle,Home,4,600,2400,Delhi,Credit Card,2026-04-09,2
6017,8957,Priya Pant,Watch,Accessories,2,5000,10000,Hyderabad,Net Banking,2025-10-19,5
6018,6499,Shivansh Mitter,Headphones,Electronics,1,3000,3000,Bengaluru,UPI,2026-03-01,6
6019,5647,Raghav Mitter,Chair,Furniture,5,4000,20000,Mumbai,UPI,2026-05-24,1
6020,8146,Yashawini Kota,Laptop,Electronics,4,65000,260000,Delhi,Cash on Delivery,2026-03-08,7
6021,6372,Aradhana Koshy,Headphones,Electronics,5,3000,15000,Mumbai,Cash on Delivery,2026-02-07,3
6022,8560,Odika Mallick,Chair,Furniture,3,4000,12000,Kolkata,Net Banking,2025-09-12,6
6023,4216,Ryan Pillay,Headphones,Electronics,5,3000,15000,Hyderabad,UPI,2026-01-22,4
6024,4521,Kritika Sarraf,Laptop,Electronics,3,65000,195000,Ahmedabad,Cash on Delivery,2026-07-21,7
6025,8750,Jai Borde,Shoes,Fashion,3,2500,7500,Hyderabad,Debit Card,2025-08-19,1
6026,4005,Vihaan Chauhan,Desk,Furniture,3,7000,21000,Chennai,UPI,2025-11-17,2
6027,7610,Aradhana Comar,T-Shirt,Fashion,1,800,800,Kolkata,Debit Card,2026-08-05,4
6028,8878,Chaitanya Kar,T-Shirt,Fashion,1,800,800,Mumbai,Net Banking,2026-08-03,6
6029,3987,Hemang Madan,Desk,Furniture,2,7000,14000,Hyderabad,Cash on Delivery,2026-05-16,1
6030,2798,Girik Sethi,Watch,Accessories,5,5000,25000,Bengaluru,Credit Card,2025-11-03,4
6031,9534,Anusha Pandya,Headphones,Electronics,3,3000,9000,Pune,UPI,2025-11-29,6
6032,5070,Samuel Lall,Shoes,Fashion,2,2500,5000,Kolkata,Cash on Delivery,2026-03-27,5
6033,9274,Guneet Din,Headphones,Electronics,3,3000,9000,Delhi,Cash on Delivery,2025-09-12,5
6034,7626,Omya Sanghvi,Laptop,Electronics,1,65000,65000,Ahmedabad,UPI,2025-09-09,1
6035,1668,Chameli Sura,T-Shirt,Fashion,3,800,2400,Kolkata,UPI,2025-09-06,4
6036,5937,Ikshita Sundaram,Headphones,Electronics,5,3000,15000,Kolkata,Net Banking,2026-06-04,6
6037,1174,Vyanjana Pall,Phone,Electronics,2,25000,50000,Hyderabad,Debit Card,2026-02-13,5
6038,8576,Vansha Maharaj,T-Shirt,Fashion,3,800,2400,Hyderabad,Cash on Delivery,2026-07-19,7
6039,1118,Quincy Dutt,Phone,Electronics,3,25000,75000,Pune,Debit Card,2026-01-23,5
6040,9422,Radha Venkataraman,Phone,Electronics,2,25000,50000,Delhi,Net Banking,2025-08-18,1
6041,9291,Madhavi Banerjee,Phone,Electronics,4,25000,100000,Hyderabad,Cash on Delivery,2026-08-05,7
6042,2355,Aadi Rao,Bottle,Home,2,600,1200,Chennai,Cash on Delivery,2025-09-17,6
6043,9234,Yauvani Rajan,Headphones,Electronics,5,3000,15000,Pune,Debit Card,2026-02-17,3
6044,6168,Samar Nagar,Watch,Accessories,5,5000,25000,Hyderabad,UPI,2025-09-26,2
6045,8555,Darika Yogi,Bottle,Home,1,600,600,Ahmedabad,Cash on Delivery,2026-03-27,1
6046,3531,Sudiksha Shroff,T-Shirt,Fashion,3,800,2400,Chennai,Net Banking,2026-06-25,5
6047,6924,Girish Iyer,T-Shirt,Fashion,1,800,800,Bengaluru,Credit Card,2025-11-17,7
6048,3135,Zarna Suri,Book,Books,1,500,500,Chennai,Cash on Delivery,2025-10-06,2
6049,3705,Inaya Acharya,Phone,Electronics,5,25000,125000,Hyderabad,Debit Card,2026-01-15,7
6050,5337,Tripti Ganguly,Chair,Furniture,3,4000,12000,Delhi,Credit Card,2025-08-30,1
6051,2922,Faris Babu,Headphones,Electronics,5,3000,15000,Ahmedabad,Debit Card,2026-05-31,7
6052,3949,Zehaan Tiwari,T-Shirt,Fashion,1,800,800,Kolkata,Credit Card,2025-11-15,2
6053,6853,Meera Devan,Laptop,Electronics,2,65000,130000,Hyderabad,UPI,2026-03-24,5
6054,1071,Lucky Chandra,Chair,Furniture,3,4000,12000,Delhi,Debit Card,2026-02-06,2
6055,3294,Girik Deo,Phone,Electronics,5,25000,125000,Delhi,Cash on Delivery,2026-04-08,5
6056,5930,Anirudh Dar,Phone,Electronics,1,25000,25000,Mumbai,UPI,2025-10-04,5
6057,6678,Jacob Agarwal,Phone,Electronics,1,25000,25000,Pune,Net Banking,2026-08-05,3
6058,9457,Sanaya Cherian,Shoes,Fashion,2,2500,5000,Ahmedabad,Cash on Delivery,2026-03-10,7
6059,8324,Waida Koshy,T-Shirt,Fashion,5,800,4000,Hyderabad,Net Banking,2025-11-22,7
6060,5438,Zashil Natt,Headphones,Electronics,2,3000,6000,Ahmedabad,Debit Card,2025-09-09,2
6061,7139,Saumya Mane,Headphones,Electronics,1,3000,3000,Mumbai,Net Banking,2026-05-02,2
6062,9441,Sudiksha Hayer,Headphones,Electronics,2,3000,6000,Bengaluru,Cash on Delivery,2026-06-25,3
6063,6816,Radha Bhardwaj,Watch,Accessories,5,5000,25000,Mumbai,Net Banking,2026-04-02,3
6064,6982,Vrishti Kant,Phone,Electronics,3,25000,75000,Kolkata,Cash on Delivery,2025-08-12,7
6065,2298,Aahana Nath,Headphones,Electronics,5,3000,15000,Ahmedabad,Debit Card,2026-04-03,5
6066,9409,Garima Gill,Laptop,Electronics,1,65000,65000,Mumbai,Net Banking,2025-10-02,4
6067,6379,Yug Mohanty,Shoes,Fashion,5,2500,12500,Pune,Debit Card,2026-02-22,6
6068,2692,Bishakha Vohra,Headphones,Electronics,4,3000,12000,Ahmedabad,UPI,2026-04-11,7
6069,9396,Yachana Sahni,Shoes,Fashion,3,2500,7500,Pune,Net Banking,2025-10-10,6
6070,1498,Daniel Sangha,Phone,Electronics,3,25000,75000,Bengaluru,Debit Card,2025-10-08,3
6071,1672,Ranveer Kothari,Headphones,Electronics,3,3000,9000,Hyderabad,Debit Card,2025-09-12,1
6072,6916,Omkaar Sachdeva,Headphones,Electronics,4,3000,12000,Ahmedabad,Debit Card,2025-10-25,5
6073,7033,Jyoti Narang,Shoes,Fashion,2,2500,5000,Ahmedabad,Net Banking,2026-04-14,5
6074,9319,Riya Varghese,Laptop,Electronics,1,65000,65000,Bengaluru,Credit Card,2025-11-16,4
6075,5915,Gunbir Nori,Headphones,Electronics,3,3000,9000,Kolkata,Cash on Delivery,2025-11-02,6
6076,5448,Bahadurjit Wagle,Headphones,Electronics,4,3000,12000,Ahmedabad,Net Banking,2025-10-23,7
6077,2924,Max Reddy,Phone,Electronics,3,25000,75000,Bengaluru,Credit Card,2025-12-05,5
6078,5068,Onkar Gandhi,Headphones,Electronics,3,3000,9000,Kolkata,Net Banking,2026-05-01,4
6079,9084,Reyansh Tata,Shoes,Fashion,1,2500,2500,Delhi,Debit Card,2025-08-12,7
6080,5656,Gopal Sant,Phone,Electronics,3,25000,75000,Pune,Net Banking,2026-03-05,6
6081,5344,Urvi Bhavsar,Shoes,Fashion,4,2500,10000,Mumbai,Cash on Delivery,2025-10-18,4
6082,6585,Brinda Nori,Phone,Electronics,5,25000,125000,Chennai,Cash on Delivery,2025-10-31,1
6083,4620,Jack Brar,Phone,Electronics,3,25000,75000,Ahmedabad,UPI,2025-08-18,2
6084,8319,Teerth Dewan,T-Shirt,Fashion,4,800,3200,Pune,Net Banking,2025-11-16,6
6085,5933,Udarsh Dey,T-Shirt,Fashion,4,800,3200,Mumbai,Credit Card,2025-11-23,7
6086,3417,Charles Vasa,Bottle,Home,4,600,2400,Kolkata,Cash on Delivery,2025-12-12,3
6087,5637,Faraj Varma,Phone,Electronics,1,25000,25000,Ahmedabad,UPI,2026-04-15,6
6088,2691,Aarini Merchant,Shoes,Fashion,3,2500,7500,Kolkata,UPI,2025-11-01,1
6089,6511,Sanaya Gour,Phone,Electronics,3,25000,75000,Hyderabad,Debit Card,2026-07-20,3
6090,6956,Upadhriti Rajan,Phone,Electronics,3,25000,75000,Chennai,Credit Card,2026-04-20,1
6091,4517,Krish Iyengar,Headphones,Electronics,5,3000,15000,Hyderabad,Debit Card,2026-04-26,7
6092,7793,Amruta Sem,Chair,Furniture,4,4000,16000,Chennai,Net Banking,2026-02-16,1
6093,6834,Forum Setty,Headphones,Electronics,5,3000,15000,Delhi,Debit Card,2026-04-09,7
6094,1491,Azad Babu,Shoes,Fashion,1,2500,2500,Chennai,UPI,2025-11-15,3
6095,2454,Teerth Luthra,Phone,Electronics,4,25000,100000,Ahmedabad,Debit Card,2025-10-11,6
6096,3599,Vrinda Vasa,Headphones,Electronics,3,3000,9000,Mumbai,Net Banking,2025-09-10,4
6097,7405,Anusha Patil,Headphones,Electronics,2,3000,6000,Chennai,UPI,2026-05-21,7
6098,2123,Hiral Dugar,Desk,Furniture,2,7000,14000,Chennai,UPI,2026-04-29,5
6099,9293,Saanvi Manda,Headphones,Electronics,5,3000,15000,Ahmedabad,UPI,2026-07-22,1
6100,4226,Alka Borde,Laptop,Electronics,3,65000,195000,Mumbai,UPI,2026-05-02,1
6101,3837,Fariq Balan,Phone,Electronics,2,25000,50000,Delhi,Credit Card,2025-10-14,4
6102,4110,Samar Sur,Phone,Electronics,1,25000,25000,Hyderabad,Credit Card,2026-01-28,5
6103,1697,Ansh Khurana,Headphones,Electronics,4,3000,12000,Bengaluru,UPI,2025-09-20,6
6104,9902,Krishna Ahuja,Shoes,Fashion,2,2500,5000,Kolkata,Net Banking,2026-01-26,2
6105,9721,Suhani Nadkarni,Desk,Furniture,1,7000,7000,Hyderabad,Net Banking,2026-07-30,3
6106,9515,Nitesh Kapoor,Phone,Electronics,4,25000,100000,Mumbai,Cash on Delivery,2026-01-20,7
6107,5070,Ekta Datta,Headphones,Electronics,4,3000,12000,Pune,Credit Card,2026-02-11,6
6108,5898,Jalsa Gera,Laptop,Electronics,2,65000,130000,Mumbai,Credit Card,2026-02-20,3
6109,8126,Chasmum Parsa,Phone,Electronics,4,25000,100000,Pune,Cash on Delivery,2025-12-27,3
6110,6029,Nathan Dugar,Phone,Electronics,4,25000,100000,Pune,UPI,2025-12-10,3
6111,4180,Fitan Bala,Headphones,Electronics,5,3000,15000,Bengaluru,Cash on Delivery,2026-07-07,5
6112,4925,Patrick Tandon,T-Shirt,Fashion,4,800,3200,Kolkata,Net Banking,2026-03-07,7
6113,2522,Adweta Boase,Shoes,Fashion,5,2500,12500,Kolkata,Cash on Delivery,2026-06-14,7
6114,3765,Qasim Viswanathan,Watch,Accessories,3,5000,15000,Pune,Cash on Delivery,2026-07-11,5
6115,6012,Arunima Aggarwal,Headphones,Electronics,1,3000,3000,Pune,Cash on Delivery,2026-01-29,7
6116,6487,Lajita Khare,Shoes,Fashion,5,2500,12500,Hyderabad,UPI,2025-11-23,7
6117,7608,Isaac Bhagat,Phone,Electronics,4,25000,100000,Pune,Credit Card,2026-06-14,2
6118,3500,Ekaraj Maharaj,Shoes,Fashion,1,2500,2500,Chennai,Net Banking,2026-03-11,7
6119,7144,Chameli Hegde,Laptop,Electronics,5,65000,325000,Pune,Net Banking,2026-07-24,4
6120,2046,Alexander Gill,Phone,Electronics,5,25000,125000,Mumbai,Net Banking,2026-03-03,2
6121,3390,Arin Manda,T-Shirt,Fashion,5,800,4000,Hyderabad,Credit Card,2026-04-09,3
6122,3250,Vidhi Gade,Phone,Electronics,4,25000,100000,Bengaluru,UPI,2026-05-03,2
6123,8962,Lajita Suri,Headphones,Electronics,2,3000,6000,Pune,UPI,2026-03-04,4
6124,4338,Qushi Ganguly,Shoes,Fashion,1,2500,2500,Chennai,Cash on Delivery,2026-07-29,3
6125,6353,Hamsini Kaur,Shoes,Fashion,5,2500,12500,Kolkata,Net Banking,2025-08-31,2
6126,6401,Robert Sehgal,Laptop,Electronics,3,65000,195000,Ahmedabad,Net Banking,2026-01-15,4
6127,8362,Saksham Morar,Shoes,Fashion,3,2500,7500,Chennai,Debit Card,2025-11-17,7
6128,7313,Victor Pal,T-Shirt,Fashion,5,800,4000,Delhi,UPI,2026-07-15,3
6129,7481,Ishanvi Tiwari,Phone,Electronics,2,25000,50000,Kolkata,Cash on Delivery,2026-06-17,3
6130,5324,Advika Din,Shoes,Fashion,5,2500,12500,Hyderabad,Cash on Delivery,2025-09-06,2
6131,7023,Ryan Choudhary,Phone,Electronics,1,25000,25000,Chennai,UPI,2025-10-29,3
6132,4160,Daksha Goel,Chair,Furniture,3,4000,12000,Pune,Debit Card,2026-04-18,2
6133,3472,Gayathri Talwar,Laptop,Electronics,3,65000,195000,Mumbai,Net Banking,2025-12-06,4
6134,2634,Harrison Boase,Headphones,Electronics,4,3000,12000,Ahmedabad,Credit Card,2026-01-29,1
6135,2518,Ekta Chad,Phone,Electronics,1,25000,25000,Ahmedabad,UPI,2025-08-10,7
6136,2659,Shivansh Sem,Phone,Electronics,3,25000,75000,Hyderabad,Credit Card,2026-02-16,3
6137,6234,Warinder Pandit,Watch,Accessories,5,5000,25000,Delhi,Net Banking,2026-03-22,1
6138,4041,Libni Ahuja,Shoes,Fashion,2,2500,5000,Bengaluru,Net Banking,2026-01-06,5
6139,7935,Yash Sani,Watch,Accessories,4,5000,20000,Chennai,Credit Card,2026-03-10,2
6140,1780,Mohini Tank,Watch,Accessories,5,5000,25000,Pune,Credit Card,2025-12-01,2
6141,1025,Jalsa Bahl,Phone,Electronics,1,25000,25000,Chennai,UPI,2025-12-27,6
6142,2268,Vasana Srinivas,T-Shirt,Fashion,5,800,4000,Kolkata,UPI,2025-10-18,1
6143,2335,Samarth Bora,Phone,Electronics,2,25000,50000,Pune,Debit Card,2025-12-29,4
6144,7658,Rajata Magar,Book,Books,3,500,1500,Ahmedabad,Net Banking,2026-04-09,5
6145,8750,Daksha Kashyap,Laptop,Electronics,2,65000,130000,Delhi,Credit Card,2025-12-07,3
6146,2567,Gopal Suri,Shoes,Fashion,4,2500,10000,Mumbai,Debit Card,2026-01-10,2
6147,4174,Naveen Khanna,Phone,Electronics,5,25000,125000,Delhi,Debit Card,2026-06-14,7
6148,8850,Siya Shere,Laptop,Electronics,4,65000,260000,Ahmedabad,UPI,2026-07-31,2
6149,1177,Daksh Lall,Laptop,Electronics,1,65000,65000,Bengaluru,Credit Card,2025-12-16,1
6150,8467,Upasna Deol,Headphones,Electronics,5,3000,15000,Pune,Debit Card,2025-11-26,7
6151,2806,Lakshit Sandhu,Desk,Furniture,4,7000,28000,Pune,Cash on Delivery,2026-08-04,2
6152,1716,Harsh Gopal,Chair,Furniture,2,4000,8000,Pune,Credit Card,2026-02-05,1
6153,5620,Onveer Dhar,Shoes,Fashion,4,2500,10000,Hyderabad,UPI,2026-01-27,2
6154,6757,Vihaan Bhardwaj,Headphones,Electronics,4,3000,12000,Chennai,UPI,2025-12-06,2
6155,2416,Ridhi Ramanathan,Phone,Electronics,4,25000,100000,Chennai,Debit Card,2026-05-16,3
6156,3384,Yachana Balakrishnan,Headphones,Electronics,4,3000,12000,Pune,Cash on Delivery,2025-10-25,3
6157,7897,Sachi Korpal,Phone,Electronics,2,25000,50000,Kolkata,Credit Card,2026-02-27,1
6158,8750,Nirja Chaudhuri,Shoes,Fashion,4,2500,10000,Delhi,Credit Card,2026-01-16,4
6159,1126,Tanay Deo,Shoes,Fashion,1,2500,2500,Delhi,Debit Card,2026-02-02,6
6160,8986,Anmol Chadha,T-Shirt,Fashion,4,800,3200,Delhi,Cash on Delivery,2026-02-16,5
6161,2245,Anusha Mani,Laptop,Electronics,4,65000,260000,Mumbai,Credit Card,2026-03-26,1
6162,7276,Lopa Varma,Shoes,Fashion,1,2500,2500,Kolkata,Net Banking,2026-01-11,2
6163,6979,Radha Mall,T-Shirt,Fashion,2,800,1600,Hyderabad,Net Banking,2025-10-09,7
6164,1273,Pratyush Natt,Phone,Electronics,2,25000,50000,Ahmedabad,Debit Card,2025-12-30,5
6165,6237,Arunima Bhandari,Phone,Electronics,5,25000,125000,Mumbai,Cash on Delivery,2026-01-23,3
6166,8247,Nihal Kaul,Headphones,Electronics,1,3000,3000,Pune,Credit Card,2026-03-04,2
6167,4722,Caleb Bhargava,Watch,Accessories,5,5000,25000,Delhi,Credit Card,2025-11-13,3
6168,7754,Mekhala Mane,Phone,Electronics,3,25000,75000,Ahmedabad,Debit Card,2026-02-03,6
6169,3337,Harita Khatri,Phone,Electronics,1,25000,25000,Delhi,Debit Card,2025-08-11,1
6170,6291,Vasudha Khanna,Watch,Accessories,1,5000,5000,Pune,Net Banking,2026-07-09,5
6171,2614,Hiral Deo,Laptop,Electronics,3,65000,195000,Delhi,Net Banking,2025-11-30,2
6172,6980,Nicholas Luthra,Phone,Electronics,4,25000,100000,Hyderabad,Credit Card,2026-05-07,4
6173,1106,Vihaan De,Phone,Electronics,2,25000,50000,Ahmedabad,Cash on Delivery,2025-08-22,6
6174,4170,Jagat Om,T-Shirt,Fashion,3,800,2400,Kolkata,UPI,2025-11-15,1
6175,5617,Jai Jain,Headphones,Electronics,5,3000,15000,Mumbai,Cash on Delivery,2025-10-10,7
6176,8386,Liam Agarwal,Bottle,Home,2,600,1200,Kolkata,UPI,2026-06-04,6
6177,8576,Anika Mander,Shoes,Fashion,1,2500,2500,Delhi,Debit Card,2026-03-29,4
6178,6587,Jagat Mand,Laptop,Electronics,2,65000,130000,Bengaluru,Net Banking,2026-07-23,6
6179,4476,Qushi Krish,T-Shirt,Fashion,2,800,1600,Kolkata,UPI,2026-01-06,4
6180,7129,Amruta Sandal,Shoes,Fashion,5,2500,12500,Chennai,Net Banking,2026-05-12,1
6181,8281,Zashil Mahal,Headphones,Electronics,5,3000,15000,Ahmedabad,UPI,2025-09-17,3
6182,4878,Darsh Sabharwal,Shoes,Fashion,4,2500,10000,Hyderabad,UPI,2026-05-30,7
6183,6687,Dhriti Naidu,Shoes,Fashion,1,2500,2500,Ahmedabad,Net Banking,2026-04-02,1
6184,9981,Faqid Chokshi,T-Shirt,Fashion,5,800,4000,Hyderabad,Credit Card,2026-03-12,6
6185,4471,Yahvi Karnik,Shoes,Fashion,4,2500,10000,Chennai,Debit Card,2025-12-24,6
6186,5222,Jackson Shan,Headphones,Electronics,5,3000,15000,Pune,UPI,2025-10-16,4
6187,6815,Nathan Acharya,Phone,Electronics,3,25000,75000,Bengaluru,Debit Card,2026-01-12,5
6188,8652,Ira Subramaniam,Phone,Electronics,3,25000,75000,Delhi,Cash on Delivery,2026-02-19,7
6189,7040,Maanas Kohli,Desk,Furniture,4,7000,28000,Delhi,Net Banking,2026-04-29,3
6190,8683,Veda Narasimhan,Phone,Electronics,1,25000,25000,Ahmedabad,Cash on Delivery,2026-06-25,2
6191,8375,Vivaan Ravi,Shoes,Fashion,2,2500,5000,Mumbai,Net Banking,2025-09-12,6
6192,1427,Dhruv Bhattacharyya,T-Shirt,Fashion,4,800,3200,Bengaluru,Cash on Delivery,2026-07-07,7
6193,2987,Vanya Dara,Shoes,Fashion,1,2500,2500,Chennai,Net Banking,2025-12-21,7
6194,1432,Anya Raghavan,Watch,Accessories,1,5000,5000,Hyderabad,Cash on Delivery,2026-04-14,7
6195,5560,Neel Murty,Laptop,Electronics,1,65000,65000,Delhi,Net Banking,2026-01-23,1
6196,1802,Geetika Mahajan,Shoes,Fashion,1,2500,2500,Hyderabad,Credit Card,2025-12-31,4
6197,9640,Mekhala Dara,Shoes,Fashion,2,2500,5000,Delhi,Debit Card,2026-07-24,7
6198,8566,Ojas Cherian,T-Shirt,Fashion,5,800,4000,Kolkata,Cash on Delivery,2025-12-18,7
6199,2386,Lekha Subramaniam,Headphones,Electronics,1,3000,3000,Pune,Net Banking,2026-02-01,4
6200,9298,Azad Dewan,Phone,Electronics,4,25000,100000,Bengaluru,UPI,2026-04-06,1
6201,7573,Qabil Jha,Headphones,Electronics,4,3000,12000,Pune,Cash on Delivery,2026-06-04,1
6202,4314,Rudra Nagar,Chair,Furniture,4,4000,16000,Ahmedabad,Net Banking,2026-01-02,3
6203,2836,Upasna Nazareth,Phone,Electronics,5,25000,125000,Bengaluru,Credit Card,2026-05-19,1
6204,4353,Garima Zachariah,Phone,Electronics,1,25000,25000,Ahmedabad,Cash on Delivery,2026-01-01,2
6205,8529,Kalpit Dixit,Watch,Accessories,5,5000,25000,Pune,Net Banking,2025-08-24,7
6206,6762,Eta Tandon,Shoes,Fashion,2,2500,5000,Delhi,UPI,2026-07-09,4
6207,8650,Harini Goda,Phone,Electronics,4,25000,100000,Pune,Net Banking,2026-04-29,4
6208,6949,Brijesh Solanki,Shoes,Fashion,2,2500,5000,Mumbai,Net Banking,2026-04-17,2
6209,9136,Indali Borde,Shoes,Fashion,4,2500,10000,Pune,Net Banking,2026-04-30,4
6210,9177,Daksh Halder,Desk,Furniture,3,7000,21000,Kolkata,Net Banking,2026-06-10,2
6211,6457,Chanakya Shere,Phone,Electronics,5,25000,125000,Pune,Credit Card,2025-12-22,5
6212,8695,Dev Pillay,Phone,Electronics,4,25000,100000,Mumbai,Credit Card,2025-12-18,3
6213,2314,Zinal Kar,Phone,Electronics,1,25000,25000,Hyderabad,UPI,2025-12-11,6
6214,7976,Tanveer Bassi,Phone,Electronics,3,25000,75000,Mumbai,Credit Card,2026-02-09,4
6215,2458,Niharika Koshy,T-Shirt,Fashion,1,800,800,Chennai,Net Banking,2026-06-06,5
6216,4915,Jonathan Tata,Phone,Electronics,3,25000,75000,Delhi,Credit Card,2025-10-29,6
6217,8837,Zaitra Srinivasan,Laptop,Electronics,5,65000,325000,Hyderabad,UPI,2026-06-11,3
6218,3172,Brijesh Gandhi,Shoes,Fashion,5,2500,12500,Kolkata,Debit Card,2025-12-12,2
6219,3915,Dhruv Golla,Phone,Electronics,3,25000,75000,Chennai,Credit Card,2025-11-18,1
6220,9992,Madhav Raj,Phone,Electronics,3,25000,75000,Kolkata,Debit Card,2026-03-08,4
6221,4052,Aishani Sule,Headphones,Electronics,1,3000,3000,Bengaluru,Cash on Delivery,2025-12-28,5
6222,4227,Farhan Reddy,Watch,Accessories,5,5000,25000,Pune,Debit Card,2025-12-31,1
6223,3706,Bhavika Jaggi,Headphones,Electronics,5,3000,15000,Bengaluru,Credit Card,2025-09-04,5
6224,8538,Jairaj Pandya,Phone,Electronics,4,25000,100000,Chennai,Debit Card,2025-12-17,1
6225,5536,Manan Grover,T-Shirt,Fashion,5,800,4000,Kolkata,Debit Card,2026-05-23,7
6226,6181,Luke Kadakia,T-Shirt,Fashion,1,800,800,Ahmedabad,Cash on Delivery,2026-01-03,6
6227,2292,Abhimanyu Suresh,Shoes,Fashion,4,2500,10000,Kolkata,Debit Card,2026-01-08,2
6228,5935,Anita Parikh,Laptop,Electronics,2,65000,130000,Hyderabad,Debit Card,2025-12-26,6
6229,5057,Aarush Sharma,Phone,Electronics,3,25000,75000,Mumbai,UPI,2026-06-14,6
6230,1518,Om Bhandari,Phone,Electronics,3,25000,75000,Bengaluru,Cash on Delivery,2026-01-02,2
6231,9447,Arjun Gara,Laptop,Electronics,3,65000,195000,Delhi,Credit Card,2026-06-08,4
6232,8384,Aradhana Kashyap,Headphones,Electronics,3,3000,9000,Ahmedabad,Cash on Delivery,2026-05-31,2
6233,4228,Timothy Dave,Watch,Accessories,3,5000,15000,Hyderabad,Net Banking,2025-08-19,1
6234,8546,Laban Vig,Headphones,Electronics,4,3000,12000,Delhi,Net Banking,2026-05-22,5
6235,7549,Hemangini Sule,Phone,Electronics,1,25000,25000,Pune,Credit Card,2025-11-04,7
6236,5358,Aarna Doshi,Book,Books,3,500,1500,Mumbai,UPI,2025-09-01,7
6237,5912,Ladli Venkatesh,Shoes,Fashion,1,2500,2500,Bengaluru,Cash on Delivery,2025-12-14,7
6238,5267,Jonathan Randhawa,Shoes,Fashion,4,2500,10000,Hyderabad,Debit Card,2025-08-20,3
6239,2879,Aashi Gour,T-Shirt,Fashion,2,800,1600,Delhi,UPI,2025-10-15,7
6240,9272,Jackson Amble,Headphones,Electronics,1,3000,3000,Chennai,Net Banking,2026-03-05,5
6241,3549,Jack Bhalla,Shoes,Fashion,2,2500,5000,Hyderabad,Debit Card,2026-04-25,4
6242,4442,Sara Khatri,Chair,Furniture,3,4000,12000,Pune,Net Banking,2026-03-17,6
6243,6323,Gaurangi Tara,Laptop,Electronics,1,65000,65000,Kolkata,UPI,2026-02-12,7
6244,7052,Anya Sankar,Phone,Electronics,4,25000,100000,Chennai,UPI,2026-01-06,6
6245,5690,Finn Keer,Laptop,Electronics,4,65000,260000,Bengaluru,Cash on Delivery,2025-12-07,2
6246,6297,Nisha Mand,Phone,Electronics,3,25000,75000,Pune,Cash on Delivery,2026-03-26,2
6247,3022,Samesh Loke,Laptop,Electronics,2,65000,130000,Hyderabad,Debit Card,2025-11-02,6
6248,3779,Leena Merchant,Phone,Electronics,4,25000,100000,Bengaluru,Credit Card,2026-08-05,5
6249,2365,Riya Cherian,Phone,Electronics,4,25000,100000,Kolkata,Credit Card,2025-09-26,6
6250,7306,Yagnesh Narain,Phone,Electronics,3,25000,75000,Chennai,UPI,2025-12-23,7
6251,5246,Upasna Shere,Shoes,Fashion,3,2500,7500,Kolkata,UPI,2025-12-29,6
6252,1831,Waida Padmanabhan,Shoes,Fashion,4,2500,10000,Hyderabad,Net Banking,2026-04-09,5
6253,1843,Eiravati Bakshi,Watch,Accessories,1,5000,5000,Kolkata,Net Banking,2026-04-01,7
6254,4111,Hritik Maharaj,Phone,Electronics,4,25000,100000,Ahmedabad,Credit Card,2025-08-09,1
6255,3905,Ishanvi Ganguly,Phone,Electronics,1,25000,25000,Delhi,Credit Card,2025-10-17,2
6256,8988,Manan Behl,Phone,Electronics,1,25000,25000,Ahmedabad,Cash on Delivery,2025-09-14,1
6257,6528,Devansh Rajan,Phone,Electronics,1,25000,25000,Chennai,Debit Card,2025-12-10,6
6258,6501,Adya Hayer,T-Shirt,Fashion,5,800,4000,Pune,UPI,2026-03-01,2
6259,8122,Madhav Sane,Phone,Electronics,2,25000,50000,Chennai,Debit Card,2026-07-09,6
6260,9485,Tripti Munshi,T-Shirt,Fashion,2,800,1600,Ahmedabad,Net Banking,2026-07-23,7
6261,8063,Nathan Jayaraman,Book,Books,3,500,1500,Ahmedabad,Net Banking,2025-10-08,1
6262,2620,Devika Kala,Headphones,Electronics,5,3000,15000,Ahmedabad,Cash on Delivery,2025-10-08,5
6263,6393,Raghav Sharma,Phone,Electronics,1,25000,25000,Bengaluru,Debit Card,2026-06-30,5
6264,2902,Lopa Shan,Phone,Electronics,1,25000,25000,Mumbai,Debit Card,2026-04-18,2
6265,5429,Unnati Rout,Headphones,Electronics,5,3000,15000,Mumbai,Debit Card,2026-07-31,1
6266,4545,Lakshmi Dara,Phone,Electronics,1,25000,25000,Ahmedabad,Cash on Delivery,2025-12-24,5
6267,2982,Ethan Shah,Headphones,Electronics,5,3000,15000,Pune,Credit Card,2025-12-23,4
6268,2977,Agastya Bose,Phone,Electronics,1,25000,25000,Bengaluru,UPI,2025-12-16,1
6269,3492,Irya Bawa,Headphones,Electronics,1,3000,3000,Delhi,Net Banking,2026-07-08,5
6270,8140,Aryan Chadha,Shoes,Fashion,3,2500,7500,Chennai,Cash on Delivery,2026-04-19,3
6271,2214,Tanvi Nagi,Shoes,Fashion,5,2500,12500,Bengaluru,Cash on Delivery,2026-04-12,2
6272,3041,Anika Sagar,Desk,Furniture,5,7000,35000,Hyderabad,Cash on Delivery,2026-05-14,4
6273,2667,Anjali Yadav,Watch,Accessories,3,5000,15000,Chennai,Debit Card,2026-05-15,3
6274,3027,Hamsini Handa,Shoes,Fashion,5,2500,12500,Ahmedabad,Credit Card,2025-09-08,7
6275,1416,Ranbir Shah,Phone,Electronics,1,25000,25000,Mumbai,UPI,2026-07-30,2
6276,3251,Oliver Mittal,Laptop,Electronics,3,65000,195000,Hyderabad,UPI,2026-05-18,3
6277,3798,Laban Dube,Headphones,Electronics,5,3000,15000,Hyderabad,Debit Card,2026-04-03,2
6278,3054,Charita Brahmbhatt,Headphones,Electronics,1,3000,3000,Bengaluru,Debit Card,2025-10-28,4
6279,8808,Madhavi Dyal,Phone,Electronics,4,25000,100000,Mumbai,Credit Card,2025-09-01,7
6280,6130,Ridhi Cheema,Phone,Electronics,2,25000,50000,Hyderabad,Debit Card,2025-12-03,2
6281,8225,Adya Bhardwaj,Phone,Electronics,4,25000,100000,Delhi,Cash on Delivery,2025-09-01,4
6282,3205,Bhavani Suri,Phone,Electronics,3,25000,75000,Hyderabad,Net Banking,2025-10-20,7
6283,7473,Manthan Dash,Headphones,Electronics,4,3000,12000,Kolkata,Debit Card,2025-10-11,1
6284,8975,Noah Patil,Chair,Furniture,4,4000,16000,Bengaluru,UPI,2026-03-28,1
6285,3924,Tanmayi Narayanan,Headphones,Electronics,3,3000,9000,Pune,UPI,2026-07-21,1
6286,1586,Oeshi Parsa,Phone,Electronics,2,25000,50000,Ahmedabad,UPI,2026-02-14,1
6287,9078,Avi Som,Shoes,Fashion,5,2500,12500,Bengaluru,Debit Card,2026-02-14,7
6288,6646,Fariq Sood,Headphones,Electronics,2,3000,6000,Pune,Credit Card,2026-02-03,4
6289,8157,Samaksh Chad,Phone,Electronics,1,25000,25000,Hyderabad,Net Banking,2026-02-27,2
6290,4832,Aarnav Nadkarni,Headphones,Electronics,4,3000,12000,Ahmedabad,Credit Card,2025-11-13,2
6291,3773,Nimrat Krishnan,Headphones,Electronics,1,3000,3000,Hyderabad,Cash on Delivery,2025-12-03,6
6292,8527,Edhitha Mane,Phone,Electronics,2,25000,50000,Chennai,Net Banking,2025-12-25,1
6293,5492,Tanveer Agate,Headphones,Electronics,1,3000,3000,Bengaluru,Credit Card,2026-05-01,3
6294,4784,Noah Saini,Book,Books,4,500,2000,Mumbai,Net Banking,2025-08-20,5
6295,4854,Kashish Swamy,Shoes,Fashion,5,2500,12500,Mumbai,UPI,2025-09-07,6
6296,4065,Warjas Karnik,Headphones,Electronics,5,3000,15000,Mumbai,Credit Card,2025-09-25,3
6297,1934,Diya Tata,Phone,Electronics,4,25000,100000,Ahmedabad,UPI,2025-08-28,7
6298,9120,Amrita Mand,Headphones,Electronics,1,3000,3000,Kolkata,Debit Card,2025-11-02,1
6299,5874,Sanya Gade,Shoes,Fashion,5,2500,12500,Pune,Net Banking,2026-08-07,5
6300,4241,Frederick Murty,Shoes,Fashion,4,2500,10000,Ahmedabad,Cash on Delivery,2026-06-11,4
6301,3052,Lila Mitter,Headphones,Electronics,4,3000,12000,Mumbai,Credit Card,2025-09-14,5
6302,6872,Ekani Bali,Desk,Furniture,3,7000,21000,Mumbai,Net Banking,2025-08-29,7
6303,5578,Luke Hari,T-Shirt,Fashion,5,800,4000,Ahmedabad,Debit Card,2026-03-04,6
6304,6452,Yug Kakar,Phone,Electronics,3,25000,75000,Ahmedabad,UPI,2026-03-12,2
6305,1566,Adya Sagar,T-Shirt,Fashion,2,800,1600,Ahmedabad,Net Banking,2025-08-21,1
6306,7774,Krisha Grewal,Phone,Electronics,1,25000,25000,Hyderabad,Debit Card,2025-11-19,1
6307,1424,Urmi Thaman,Book,Books,1,500,500,Chennai,Cash on Delivery,2025-11-24,3
6308,8026,Ekantika Divan,Phone,Electronics,2,25000,50000,Hyderabad,Cash on Delivery,2026-03-10,7
6309,1160,Krishna Ramanathan,Phone,Electronics,5,25000,125000,Ahmedabad,UPI,2026-03-12,3
6310,9136,Chakrika Sen,Laptop,Electronics,2,65000,130000,Bengaluru,Credit Card,2026-02-24,2
6311,8976,Ridhi Mangal,Phone,Electronics,4,25000,100000,Kolkata,UPI,2025-08-10,6
6312,4546,Chakrika Singhal,Phone,Electronics,2,25000,50000,Mumbai,Credit Card,2025-10-02,5
6313,9623,Udyati Khalsa,Laptop,Electronics,1,65000,65000,Hyderabad,Debit Card,2026-06-18,7
6314,6245,Agastya Sur,Phone,Electronics,4,25000,100000,Bengaluru,UPI,2025-09-30,1
6315,6196,Tamanna Bassi,Book,Books,4,500,2000,Chennai,Credit Card,2026-02-22,7
6316,2152,Nandini Majumdar,Watch,Accessories,2,5000,10000,Mumbai,Debit Card,2026-03-20,5
6317,4909,Triveni Chatterjee,T-Shirt,Fashion,2,800,1600,Mumbai,UPI,2026-07-24,5
6318,4944,Ayaan Sha,Headphones,Electronics,2,3000,6000,Delhi,Cash on Delivery,2026-01-03,6
6319,5250,Jagdish Sani,T-Shirt,Fashion,5,800,4000,Delhi,UPI,2026-01-28,2
6320,2565,Upasna Badal,T-Shirt,Fashion,5,800,4000,Delhi,Credit Card,2025-09-09,6
6321,7098,Oscar Mohan,Headphones,Electronics,5,3000,15000,Mumbai,UPI,2025-08-20,1
6322,3507,Agastya Talwar,Phone,Electronics,5,25000,125000,Pune,UPI,2026-03-03,6
6323,2429,Tejas Yogi,Phone,Electronics,5,25000,125000,Kolkata,UPI,2026-07-27,2
6324,2026,Vidhi Chowdhury,Headphones,Electronics,4,3000,12000,Chennai,Net Banking,2025-09-11,4
6325,4010,Ekapad Verma,Headphones,Electronics,2,3000,6000,Mumbai,Debit Card,2026-07-10,5
6326,1176,Balendra Wali,Shoes,Fashion,4,2500,10000,Hyderabad,Credit Card,2025-11-28,1
6327,9119,Isha Kari,Phone,Electronics,3,25000,75000,Pune,Credit Card,2025-10-16,6
6328,3125,Lajita Pandit,Phone,Electronics,3,25000,75000,Mumbai,UPI,2026-04-01,4
6329,1340,Daksha Sastry,Phone,Electronics,1,25000,25000,Pune,Cash on Delivery,2025-11-30,1
6330,2810,Zayan Keer,Laptop,Electronics,3,65000,195000,Hyderabad,UPI,2026-01-11,2
6331,8458,Alka Rattan,Phone,Electronics,3,25000,75000,Pune,Credit Card,2025-12-30,1
6332,3095,Jhalak Chaudhuri,Shoes,Fashion,2,2500,5000,Hyderabad,Net Banking,2026-05-14,3
6333,3137,Om Issac,Headphones,Electronics,4,3000,12000,Mumbai,Cash on Delivery,2025-08-17,4
6334,9564,Hitesh Brahmbhatt,T-Shirt,Fashion,1,800,800,Kolkata,Net Banking,2026-01-27,7
6335,7938,Caleb Kota,T-Shirt,Fashion,4,800,3200,Kolkata,Cash on Delivery,2026-01-26,3
6336,9193,Fariq Kalita,Watch,Accessories,2,5000,10000,Kolkata,Cash on Delivery,2026-03-11,6
6337,9798,Wazir Sami,Laptop,Electronics,2,65000,130000,Mumbai,Net Banking,2025-08-17,5
6338,3633,Yug Pant,Phone,Electronics,4,25000,100000,Delhi,Debit Card,2026-07-22,5
6339,5504,Kiaan Yohannan,Headphones,Electronics,1,3000,3000,Ahmedabad,UPI,2025-09-07,5
6340,9213,Yashvi Singh,Phone,Electronics,3,25000,75000,Chennai,Net Banking,2026-01-08,7
6341,4659,Sudiksha Ganesh,T-Shirt,Fashion,4,800,3200,Pune,UPI,2026-02-13,5
6342,9169,Eshana Bhalla,Headphones,Electronics,1,3000,3000,Chennai,Debit Card,2025-12-21,6
6343,2752,Pallavi Bains,Shoes,Fashion,2,2500,5000,Ahmedabad,Cash on Delivery,2025-09-14,7
6344,4157,Matthew Kala,Phone,Electronics,3,25000,75000,Mumbai,Net Banking,2025-08-29,6
6345,3297,Yuvraj Narasimhan,Phone,Electronics,4,25000,100000,Delhi,Debit Card,2025-11-22,3
6346,4132,Rayaan Dey,T-Shirt,Fashion,5,800,4000,Hyderabad,Net Banking,2026-04-06,2
6347,6180,Pushti Agate,Headphones,Electronics,5,3000,15000,Pune,UPI,2025-12-14,4
6348,7889,Zaitra Nagarajan,Phone,Electronics,3,25000,75000,Kolkata,UPI,2025-08-29,2
6349,2223,Kala Gandhi,Chair,Furniture,4,4000,16000,Ahmedabad,Credit Card,2026-04-17,4
6350,4045,Amrita Menon,Headphones,Electronics,3,3000,9000,Delhi,Debit Card,2025-11-18,3
6351,6514,Urmi Issac,Shoes,Fashion,3,2500,7500,Hyderabad,Debit Card,2026-07-25,3
6352,8375,Nidhi Pandey,Phone,Electronics,1,25000,25000,Chennai,Cash on Delivery,2026-05-05,4
6353,9611,Gagan Mody,Shoes,Fashion,5,2500,12500,Bengaluru,Credit Card,2025-12-23,7
6354,1634,Harinakshi Nayak,Phone,Electronics,1,25000,25000,Kolkata,Credit Card,2026-04-29,6
6355,1354,Viraj Nigam,Shoes,Fashion,3,2500,7500,Pune,Cash on Delivery,2026-04-22,7
6356,3847,Yamini Chhabra,Chair,Furniture,1,4000,4000,Pune,Cash on Delivery,2026-02-01,1
6357,9057,Zaitra Sarin,Shoes,Fashion,3,2500,7500,Delhi,Debit Card,2025-11-15,1
6358,6089,Sarthak Pandey,Desk,Furniture,1,7000,7000,Chennai,Cash on Delivery,2026-05-11,4
6359,5212,Dayamai More,Laptop,Electronics,4,65000,260000,Pune,Credit Card,2026-04-09,4
6360,5925,Jalsa Dugal,Phone,Electronics,3,25000,75000,Kolkata,UPI,2026-07-29,6
6361,7789,Omkaar Sibal,Phone,Electronics,5,25000,125000,Kolkata,UPI,2026-03-31,1
6362,9226,Lakshmi Sur,T-Shirt,Fashion,1,800,800,Kolkata,Cash on Delivery,2025-12-11,7
6363,3572,Diya Padmanabhan,Laptop,Electronics,2,65000,130000,Ahmedabad,Cash on Delivery,2026-04-18,7
6364,5812,Devika Tailor,Laptop,Electronics,3,65000,195000,Hyderabad,UPI,2025-11-19,4
6365,7163,Amruta Biswas,Phone,Electronics,3,25000,75000,Chennai,Net Banking,2026-03-27,5
6366,5200,Sanya Ganguly,Bottle,Home,4,600,2400,Delhi,Credit Card,2025-08-13,6
6367,4728,Yatan Mitter,T-Shirt,Fashion,3,800,2400,Mumbai,Cash on Delivery,2025-12-29,4
6368,3338,Guneet More,Shoes,Fashion,5,2500,12500,Pune,Cash on Delivery,2026-07-01,7
6369,8653,Harinakshi Pall,Headphones,Electronics,3,3000,9000,Delhi,Debit Card,2025-09-03,7
6370,4139,Hema Krish,Headphones,Electronics,1,3000,3000,Delhi,UPI,2026-01-18,5
6371,5015,William Badal,Headphones,Electronics,3,3000,9000,Bengaluru,Credit Card,2026-08-03,1
6372,7208,Chaitanya Memon,T-Shirt,Fashion,3,800,2400,Ahmedabad,UPI,2026-01-30,5
6373,8597,Falak Chadha,T-Shirt,Fashion,2,800,1600,Ahmedabad,Net Banking,2025-10-01,1
6374,1931,Hiral Chauhan,Watch,Accessories,4,5000,20000,Delhi,Credit Card,2026-02-01,3
6375,5436,Chandran Sem,Phone,Electronics,4,25000,100000,Hyderabad,Credit Card,2025-09-28,3
6376,5849,Dakshesh Sankar,Watch,Accessories,4,5000,20000,Delhi,Debit Card,2026-03-25,2
6377,2497,Unni Kapadia,Phone,Electronics,3,25000,75000,Bengaluru,Credit Card,2025-11-01,1
6378,5224,Aryan Sha,Laptop,Electronics,3,65000,195000,Mumbai,UPI,2026-01-03,1
6379,3252,Rudra Mital,Headphones,Electronics,1,3000,3000,Delhi,Cash on Delivery,2026-01-26,1
6380,7586,Onveer Saini,Headphones,Electronics,2,3000,6000,Hyderabad,UPI,2025-10-13,7
6381,3892,Henry Shenoy,Laptop,Electronics,2,65000,130000,Mumbai,Debit Card,2026-06-13,3
6382,8171,Hredhaan Prabhakar,Phone,Electronics,4,25000,100000,Hyderabad,Debit Card,2026-07-01,7
6383,3229,Andrew Borde,Phone,Electronics,3,25000,75000,Ahmedabad,Cash on Delivery,2025-12-13,1
6384,2780,Triya Hayre,Phone,Electronics,4,25000,100000,Ahmedabad,Net Banking,2026-04-25,5
6385,5425,Chakradhar Dutt,Shoes,Fashion,3,2500,7500,Bengaluru,Cash on Delivery,2026-01-13,7
6386,5509,Yauvani Gade,Shoes,Fashion,5,2500,12500,Ahmedabad,Debit Card,2025-10-04,2
6387,9770,Divya Iyer,Headphones,Electronics,3,3000,9000,Bengaluru,Cash on Delivery,2026-05-21,5
6388,7041,Wyatt Gour,Phone,Electronics,5,25000,125000,Delhi,Net Banking,2026-03-26,1
6389,6094,Jack Mandal,Phone,Electronics,5,25000,125000,Delhi,Credit Card,2026-03-29,7
6390,6690,Faras Aurora,Phone,Electronics,2,25000,50000,Ahmedabad,Net Banking,2026-04-27,2
6391,1916,David Roy,T-Shirt,Fashion,5,800,4000,Hyderabad,Debit Card,2026-05-26,6
6392,1495,Pavani Swaminathan,Phone,Electronics,5,25000,125000,Ahmedabad,UPI,2025-09-16,7
6393,9144,Harini Kamdar,Headphones,Electronics,1,3000,3000,Mumbai,Net Banking,2026-07-11,6
6394,4470,Triveni Natarajan,Watch,Accessories,4,5000,20000,Ahmedabad,Debit Card,2025-12-14,7
6395,3154,Advaith Ratta,T-Shirt,Fashion,3,800,2400,Ahmedabad,Credit Card,2026-04-03,3
6396,9066,Brinda Apte,Shoes,Fashion,4,2500,10000,Kolkata,Cash on Delivery,2026-05-11,3
6397,7398,Jeevika Kala,Phone,Electronics,3,25000,75000,Pune,Net Banking,2025-08-23,2
6398,5625,Nirja Srinivasan,Laptop,Electronics,4,65000,260000,Delhi,UPI,2025-08-31,4
6399,9717,Agastya Swamy,Laptop,Electronics,5,65000,325000,Bengaluru,Cash on Delivery,2025-08-12,3
6400,8495,Warda Kumer,Headphones,Electronics,2,3000,6000,Ahmedabad,Debit Card,2026-02-08,7
6401,4733,Jagrati Sane,Phone,Electronics,4,25000,100000,Ahmedabad,Debit Card,2025-09-10,6
6402,2649,Adweta Bhattacharyya,T-Shirt,Fashion,1,800,800,Bengaluru,UPI,2026-03-24,1
6403,1399,Parth Goel,Watch,Accessories,3,5000,15000,Kolkata,Credit Card,2026-02-07,7
6404,4245,Lucky Sharma,Phone,Electronics,3,25000,75000,Chennai,UPI,2025-10-08,1
6405,4646,Sai Jha,T-Shirt,Fashion,1,800,800,Bengaluru,Debit Card,2026-07-22,4
6406,3348,Meera Dugal,Laptop,Electronics,5,65000,325000,Chennai,Credit Card,2026-02-06,3
6407,8813,Sarthak Sachdev,Shoes,Fashion,1,2500,2500,Pune,Credit Card,2026-04-12,1
6408,4565,Chatura Goel,Shoes,Fashion,1,2500,2500,Bengaluru,Debit Card,2026-02-08,1
6409,5868,Yashvi Dhar,Shoes,Fashion,2,2500,5000,Hyderabad,Net Banking,2026-06-10,5
6410,5381,Yashvi Sinha,Desk,Furniture,3,7000,21000,Bengaluru,Cash on Delivery,2025-12-16,5
6411,4977,Falguni Sharma,Headphones,Electronics,2,3000,6000,Chennai,UPI,2026-03-27,7
6412,5335,Devika Purohit,Watch,Accessories,5,5000,25000,Chennai,Debit Card,2025-11-24,3
6413,6805,Hamsini Shan,Book,Books,3,500,1500,Ahmedabad,Cash on Delivery,2026-06-13,6
6414,3839,Bakhshi Nigam,Headphones,Electronics,1,3000,3000,Kolkata,Credit Card,2026-01-25,6
6415,3354,Harita Ganesh,Phone,Electronics,3,25000,75000,Kolkata,UPI,2025-12-24,5
6416,5585,Dhruv Ram,Phone,Electronics,2,25000,50000,Delhi,Credit Card,2026-01-15,2
6417,7457,Kala Sodhi,Headphones,Electronics,2,3000,6000,Bengaluru,Cash on Delivery,2026-03-19,4
6418,5433,Megha Balay,Phone,Electronics,4,25000,100000,Delhi,Debit Card,2025-08-21,1
6419,6510,Chakradev Bath,Phone,Electronics,4,25000,100000,Ahmedabad,UPI,2026-02-27,1
6420,4791,Oliver Chana,Phone,Electronics,4,25000,100000,Mumbai,UPI,2026-01-29,1
6421,3150,Ayushman Om,Phone,Electronics,2,25000,50000,Bengaluru,UPI,2026-07-15,4
6422,6546,Advay Narayanan,T-Shirt,Fashion,3,800,2400,Ahmedabad,Credit Card,2026-01-22,7
6423,3209,Leela Sekhon,Desk,Furniture,5,7000,35000,Kolkata,Cash on Delivery,2026-03-12,4
6424,3991,Pooja Seshadri,Headphones,Electronics,3,3000,9000,Hyderabad,Net Banking,2026-05-14,2
6425,4555,Dominic Prasad,Phone,Electronics,3,25000,75000,Hyderabad,Cash on Delivery,2026-02-08,2
6426,8216,Hiral Minhas,Shoes,Fashion,2,2500,5000,Hyderabad,Net Banking,2026-05-22,4
6427,4065,Lucky Chandran,T-Shirt,Fashion,5,800,4000,Mumbai,Debit Card,2026-04-14,1
6428,7215,Reyansh Pall,Laptop,Electronics,2,65000,130000,Delhi,Cash on Delivery,2026-04-23,4
6429,5218,Yutika Cheema,T-Shirt,Fashion,1,800,800,Hyderabad,Debit Card,2026-01-01,6
6430,7269,Mason Bala,Headphones,Electronics,5,3000,15000,Ahmedabad,Credit Card,2025-08-25,7
6431,6840,Watika Shah,Headphones,Electronics,3,3000,9000,Kolkata,Credit Card,2025-10-23,1
6432,3973,Vedika Kala,Chair,Furniture,3,4000,12000,Delhi,Net Banking,2025-12-20,5
6433,8424,Laksh Chaudhry,Headphones,Electronics,1,3000,3000,Hyderabad,UPI,2026-05-18,6
6434,1847,Onveer Gole,T-Shirt,Fashion,3,800,2400,Kolkata,Net Banking,2026-01-17,2
6435,8361,Brinda Mody,T-Shirt,Fashion,4,800,3200,Hyderabad,UPI,2026-01-02,2
6436,5508,Advika Rajagopal,Shoes,Fashion,2,2500,5000,Mumbai,Debit Card,2026-03-31,5
6437,8436,Oni Venkatesh,Phone,Electronics,2,25000,50000,Ahmedabad,Net Banking,2026-08-03,6
6438,9609,Nitara Srivastava,T-Shirt,Fashion,1,800,800,Bengaluru,Cash on Delivery,2026-02-28,5
6439,1963,Isaac Kapoor,Shoes,Fashion,1,2500,2500,Kolkata,Credit Card,2025-11-26,2
6440,2399,Benjamin Brar,Laptop,Electronics,4,65000,260000,Bengaluru,UPI,2025-11-02,5
6441,6688,Robert Viswanathan,Headphones,Electronics,3,3000,9000,Bengaluru,Credit Card,2025-12-31,5
6442,7775,Yashawini Savant,Bottle,Home,3,600,1800,Delhi,Credit Card,2025-12-29,2
6443,9455,Wriddhish Zacharia,Phone,Electronics,3,25000,75000,Kolkata,Debit Card,2025-10-22,1
6444,1484,Anamika Ravi,Headphones,Electronics,4,3000,12000,Hyderabad,Credit Card,2025-08-29,2
6445,9614,Arya Kapur,Laptop,Electronics,5,65000,325000,Delhi,Cash on Delivery,2026-07-31,7
6446,5636,Krishna Bakshi,Laptop,Electronics,5,65000,325000,Mumbai,Cash on Delivery,2026-07-28,3
6447,2994,Chavvi Mohanty,Laptop,Electronics,3,65000,195000,Hyderabad,UPI,2026-07-04,1
6448,7933,Jagat Rattan,Headphones,Electronics,5,3000,15000,Kolkata,Debit Card,2026-07-27,5
6449,6317,Harish Kapadia,Shoes,Fashion,4,2500,10000,Ahmedabad,Net Banking,2026-04-17,3
6450,6550,Vrishti Dhar,Desk,Furniture,1,7000,7000,Mumbai,Debit Card,2026-05-24,3
6451,8171,Rajeshri Bhagat,Laptop,Electronics,5,65000,325000,Bengaluru,Credit Card,2025-11-15,4
6452,7444,Ucchal Agate,Headphones,Electronics,3,3000,9000,Bengaluru,Cash on Delivery,2026-05-30,2
6453,2710,Falak Shetty,Headphones,Electronics,3,3000,9000,Mumbai,Debit Card,2025-11-07,7
6454,6053,Siya Krishnamurthy,Shoes,Fashion,1,2500,2500,Hyderabad,Net Banking,2026-05-04,3
6455,1753,Sarthak Mutti,T-Shirt,Fashion,3,800,2400,Pune,Cash on Delivery,2026-02-26,2
6456,5272,Gunbir Chaudhuri,Phone,Electronics,4,25000,100000,Hyderabad,Debit Card,2025-11-09,5
6457,5694,Shivansh Dhillon,Watch,Accessories,5,5000,25000,Mumbai,Cash on Delivery,2025-09-05,7
6458,8358,Urvi Sachdeva,Watch,Accessories,4,5000,20000,Pune,UPI,2026-05-04,4
6459,7872,Gagan Jayaraman,Headphones,Electronics,5,3000,15000,Ahmedabad,Net Banking,2025-12-29,3
6460,2234,Bhavini Borra,Headphones,Electronics,5,3000,15000,Mumbai,UPI,2026-03-09,4
6461,8499,Watika Minhas,Shoes,Fashion,4,2500,10000,Bengaluru,Cash on Delivery,2025-09-14,3
6462,8333,Aarnav Palla,Desk,Furniture,5,7000,35000,Hyderabad,Net Banking,2026-03-22,4
6463,4549,Anita Seth,Headphones,Electronics,3,3000,9000,Kolkata,Cash on Delivery,2025-08-28,1
6464,5566,Mugdha Prasad,Laptop,Electronics,2,65000,130000,Hyderabad,UPI,2026-03-18,4
6465,9544,Upasna Bhandari,Shoes,Fashion,3,2500,7500,Bengaluru,Debit Card,2025-11-10,2
6466,9955,Kashvi Khosla,Bottle,Home,4,600,2400,Delhi,Debit Card,2026-01-12,4
6467,8904,Samaksh Das,Laptop,Electronics,1,65000,65000,Hyderabad,Cash on Delivery,2026-04-13,3
6468,8324,Wazir Sengupta,Laptop,Electronics,5,65000,325000,Ahmedabad,Cash on Delivery,2026-07-26,7
6469,3286,Oni Mann,Headphones,Electronics,4,3000,12000,Delhi,Credit Card,2025-09-01,6
6470,8694,Lipika Golla,Chair,Furniture,2,4000,8000,Hyderabad,Debit Card,2026-05-15,7
6471,6967,Nihal Raghavan,Headphones,Electronics,2,3000,6000,Chennai,Cash on Delivery,2026-02-08,2
6472,5082,Jack Goyal,Bottle,Home,2,600,1200,Delhi,UPI,2026-06-13,5
6473,9289,Finn Bera,T-Shirt,Fashion,4,800,3200,Ahmedabad,Net Banking,2026-06-26,1
6474,5996,Irya Comar,Phone,Electronics,2,25000,50000,Bengaluru,Debit Card,2026-05-31,7
6475,1113,Neel Sen,Phone,Electronics,1,25000,25000,Delhi,Debit Card,2026-02-14,4
6476,7672,Aadi Amble,T-Shirt,Fashion,2,800,1600,Delhi,Credit Card,2025-11-09,1
6477,2198,Warjas Mital,Phone,Electronics,3,25000,75000,Hyderabad,Cash on Delivery,2026-05-20,3
6478,9447,Sathvik Banik,Shoes,Fashion,2,2500,5000,Ahmedabad,Cash on Delivery,2025-12-11,6
6479,8271,Farhan Basu,Desk,Furniture,3,7000,21000,Kolkata,UPI,2026-03-09,6
6480,7982,Mohini Shankar,Headphones,Electronics,1,3000,3000,Delhi,UPI,2026-08-06,4
6481,2627,Laksh Gara,Phone,Electronics,4,25000,100000,Pune,Credit Card,2025-12-09,2
6482,1833,Balendra Dave,Watch,Accessories,1,5000,5000,Pune,Net Banking,2025-11-03,1
6483,6060,Nidra Patil,Shoes,Fashion,4,2500,10000,Pune,Credit Card,2026-02-26,4
6484,7251,Aishani Chauhan,Headphones,Electronics,1,3000,3000,Hyderabad,Net Banking,2025-10-26,6
6485,2299,Peter Pillai,Headphones,Electronics,2,3000,6000,Ahmedabad,Cash on Delivery,2026-05-21,6
6486,1101,Siddharth Ganesh,Headphones,Electronics,3,3000,9000,Ahmedabad,Debit Card,2025-10-25,3
6487,8030,Ati Hari,T-Shirt,Fashion,4,800,3200,Mumbai,Net Banking,2026-06-06,2
6488,9183,Kabir Shan,Phone,Electronics,5,25000,125000,Pune,UPI,2026-06-21,3
6489,6923,Priya Mutti,Phone,Electronics,5,25000,125000,Hyderabad,UPI,2025-08-13,3
6490,9243,Kabir Dugar,Phone,Electronics,5,25000,125000,Kolkata,Credit Card,2025-10-18,4
6491,3818,Charvi Korpal,Phone,Electronics,3,25000,75000,Mumbai,Credit Card,2026-04-29,2
6492,9587,Amara Amble,Phone,Electronics,2,25000,50000,Bengaluru,UPI,2025-12-08,3
6493,1234,Zilmil Saini,Headphones,Electronics,1,3000,3000,Kolkata,UPI,2026-05-16,2
6494,1110,Lajita Parikh,Watch,Accessories,2,5000,10000,Pune,Debit Card,2026-04-01,5
6495,7879,Udant Sant,Phone,Electronics,3,25000,75000,Kolkata,Cash on Delivery,2025-11-03,1
6496,2809,Neel Dutta,Phone,Electronics,3,25000,75000,Kolkata,Cash on Delivery,2026-01-25,4
6497,7843,Mitesh Gour,Laptop,Electronics,3,65000,195000,Hyderabad,Net Banking,2026-06-17,1
6498,6080,Adweta Bahri,Watch,Accessories,4,5000,20000,Ahmedabad,Cash on Delivery,2025-09-26,6
6499,7545,Aarini Venkatesh,Headphones,Electronics,4,3000,12000,Ahmedabad,Cash on Delivery,2026-06-01,6
6500,5123,Tejas Gole,Headphones,Electronics,4,3000,12000,Kolkata,Cash on Delivery,2026-05-12,1
6501,1137,Madhavi Varty,Headphones,Electronics,2,3000,6000,Ahmedabad,Credit Card,2025-12-23,5
6502,6253,Victor Gara,Headphones,Electronics,3,3000,9000,Bengaluru,UPI,2026-07-25,4
6503,9802,Rachana Menon,Phone,Electronics,3,25000,75000,Kolkata,Net Banking,2026-06-23,2
6504,8989,Abeer Sarma,Headphones,Electronics,5,3000,15000,Bengaluru,Cash on Delivery,2026-05-15,3
6505,3322,Udarsh Comar,Phone,Electronics,3,25000,75000,Bengaluru,UPI,2025-10-21,4
6506,6927,Inaya Yadav,Laptop,Electronics,5,65000,325000,Delhi,Cash on Delivery,2025-11-10,5
6507,8658,Kamya Bawa,Phone,Electronics,5,25000,125000,Hyderabad,Net Banking,2026-01-19,4
6508,1568,Leena Vasa,T-Shirt,Fashion,3,800,2400,Delhi,Cash on Delivery,2025-10-10,7
6509,7797,Girish Memon,Headphones,Electronics,3,3000,9000,Chennai,Credit Card,2026-04-16,5
6510,2437,Upadhriti Palla,Laptop,Electronics,2,65000,130000,Pune,Credit Card,2025-12-03,1
6511,4111,Ekaja Batra,Phone,Electronics,5,25000,125000,Hyderabad,Credit Card,2025-11-15,7
6512,2777,Ojas Suri,Laptop,Electronics,1,65000,65000,Mumbai,Net Banking,2025-11-09,3
6513,6794,Ria Kuruvilla,Shoes,Fashion,4,2500,10000,Pune,Net Banking,2026-01-18,5
6514,9161,Daniel Bhatnagar,Phone,Electronics,5,25000,125000,Ahmedabad,Debit Card,2025-10-20,2
6515,3514,Shaurya Virk,Shoes,Fashion,3,2500,7500,Chennai,UPI,2026-02-03,3
6516,7751,Yahvi Shanker,Laptop,Electronics,2,65000,130000,Kolkata,Debit Card,2026-04-17,3
6517,4459,Darika Lanka,Headphones,Electronics,5,3000,15000,Ahmedabad,UPI,2025-11-20,4
6518,4272,Urishilla Oza,Chair,Furniture,5,4000,20000,Kolkata,UPI,2025-08-25,6
6519,7511,Udyati Virk,Phone,Electronics,3,25000,75000,Chennai,Net Banking,2025-12-28,4
6520,4331,Faqid Kant,Chair,Furniture,2,4000,8000,Ahmedabad,Net Banking,2026-06-16,4
6521,8601,Sachi Sawhney,Shoes,Fashion,1,2500,2500,Bengaluru,Debit Card,2026-05-19,6
6522,3009,Netra Dar,Phone,Electronics,1,25000,25000,Mumbai,Cash on Delivery,2025-09-22,2
6523,6022,Indrajit Nagar,Phone,Electronics,4,25000,100000,Kolkata,Cash on Delivery,2025-09-21,6
6524,4210,Oscar Natarajan,Desk,Furniture,5,7000,35000,Chennai,Net Banking,2026-02-21,3
6525,6929,Yashodhara Mann,Phone,Electronics,5,25000,125000,Mumbai,Cash on Delivery,2026-03-08,5
6526,8887,Amaira Kohli,Headphones,Electronics,4,3000,12000,Delhi,UPI,2025-08-10,7
6527,9101,Ubika Ratta,Watch,Accessories,2,5000,10000,Mumbai,Net Banking,2026-07-28,7
6528,6125,Bimala Koshy,Laptop,Electronics,5,65000,325000,Bengaluru,UPI,2025-09-06,2
6529,3602,Vedant Varma,Headphones,Electronics,4,3000,12000,Mumbai,Credit Card,2026-08-03,1
6530,2232,Nathan Krishna,T-Shirt,Fashion,3,800,2400,Delhi,Debit Card,2026-05-02,3
6531,3810,Andrew Panchal,Shoes,Fashion,4,2500,10000,Pune,Debit Card,2025-11-26,4
6532,1584,Imaran Dhaliwal,Shoes,Fashion,2,2500,5000,Mumbai,Cash on Delivery,2026-05-04,3
6533,4863,Nidra Zacharia,Headphones,Electronics,2,3000,6000,Hyderabad,Debit Card,2026-08-07,1
6534,4090,Neel Dhillon,Headphones,Electronics,3,3000,9000,Bengaluru,Cash on Delivery,2026-03-05,2
6535,2496,Devika Shah,Phone,Electronics,5,25000,125000,Pune,UPI,2026-06-05,2
6536,6142,Banjeet Rau,Laptop,Electronics,4,65000,260000,Ahmedabad,Net Banking,2025-11-23,7
6537,2073,Kashvi Shan,Headphones,Electronics,3,3000,9000,Pune,Credit Card,2026-04-10,1
6538,9670,William Randhawa,Phone,Electronics,3,25000,75000,Pune,Credit Card,2025-10-01,7
6539,8993,Oscar Reddy,Desk,Furniture,1,7000,7000,Pune,Debit Card,2026-07-25,1
6540,4479,Noah Rao,T-Shirt,Fashion,5,800,4000,Hyderabad,Credit Card,2026-03-08,5
6541,8628,Nirja Lad,Laptop,Electronics,5,65000,325000,Delhi,Credit Card,2026-04-17,3
6542,4313,Ishani Brahmbhatt,Phone,Electronics,3,25000,75000,Mumbai,UPI,2025-12-13,5
6543,2576,Ishanvi Saran,Laptop,Electronics,4,65000,260000,Bengaluru,Credit Card,2025-11-06,6
6544,3117,Brijesh Doshi,Phone,Electronics,2,25000,50000,Kolkata,Cash on Delivery,2025-12-13,6
6545,8146,Madhavi Ghosh,Shoes,Fashion,4,2500,10000,Ahmedabad,Debit Card,2026-04-19,3
6546,8169,Pranav Dubey,Headphones,Electronics,1,3000,3000,Bengaluru,Cash on Delivery,2025-12-23,3
6547,6530,Wakeeta Chaudhuri,Headphones,Electronics,2,3000,6000,Ahmedabad,Debit Card,2025-12-28,5
6548,8670,Peter Deo,Book,Books,3,500,1500,Mumbai,Credit Card,2026-01-12,4
6549,6563,Triveni Ram,Headphones,Electronics,1,3000,3000,Hyderabad,Net Banking,2026-03-10,2
6550,3089,Ria Trivedi,T-Shirt,Fashion,5,800,4000,Pune,Credit Card,2026-06-18,4
6551,2130,Qarin Saraf,Shoes,Fashion,2,2500,5000,Ahmedabad,UPI,2026-05-30,6
6552,4646,Andrew Sekhon,Laptop,Electronics,3,65000,195000,Hyderabad,Net Banking,2025-08-27,1
6553,9840,Jairaj Ganesh,Headphones,Electronics,4,3000,12000,Ahmedabad,Net Banking,2026-06-11,2
6554,8752,Advik Modi,Watch,Accessories,4,5000,20000,Hyderabad,Credit Card,2026-07-30,6
6555,2144,Parth Shenoy,Watch,Accessories,5,5000,25000,Bengaluru,Net Banking,2026-04-18,7
6556,4621,Charan Loyal,Shoes,Fashion,1,2500,2500,Kolkata,UPI,2026-07-09,6
6557,8235,Krishna Chowdhury,Shoes,Fashion,2,2500,5000,Ahmedabad,Net Banking,2026-07-05,2
6558,6161,Vyanjana Sharaf,Headphones,Electronics,3,3000,9000,Kolkata,UPI,2026-07-22,3
6559,2467,Girish Mammen,T-Shirt,Fashion,1,800,800,Chennai,Credit Card,2026-02-04,2
6560,6328,Aashi Oak,Laptop,Electronics,4,65000,260000,Mumbai,UPI,2026-03-20,1
6561,4106,Yashodhara Roy,Shoes,Fashion,3,2500,7500,Chennai,Debit Card,2025-11-14,2
6562,5112,Lavanya Nori,Phone,Electronics,3,25000,75000,Hyderabad,Credit Card,2026-03-06,6
6563,2522,Shivani Desai,T-Shirt,Fashion,4,800,3200,Pune,Credit Card,2026-03-08,2
6564,1923,Baljiwan Om,Shoes,Fashion,1,2500,2500,Kolkata,Credit Card,2025-10-25,2
6565,7520,Kashvi Saran,Book,Books,4,500,2000,Hyderabad,Debit Card,2026-04-17,2
6566,9311,Ekaja Chandran,Headphones,Electronics,1,3000,3000,Kolkata,Net Banking,2025-11-28,3
6567,1923,Wyatt Ranganathan,Shoes,Fashion,1,2500,2500,Hyderabad,Credit Card,2026-06-11,5
6568,1647,Ojas Babu,T-Shirt,Fashion,2,800,1600,Delhi,UPI,2026-02-08,5
6569,7930,Rachita More,Laptop,Electronics,1,65000,65000,Hyderabad,Credit Card,2026-03-21,3
6570,8796,Damini Venkataraman,Headphones,Electronics,4,3000,12000,Kolkata,Debit Card,2026-04-26,3
6571,7769,Praneel Hari,Headphones,Electronics,5,3000,15000,Mumbai,Cash on Delivery,2026-06-02,2
6572,8577,Yashodhara Chaudhary,Headphones,Electronics,3,3000,9000,Delhi,Credit Card,2026-06-17,3
6573,4548,Baghyawati Malhotra,Phone,Electronics,4,25000,100000,Hyderabad,Credit Card,2025-10-22,6
6574,6795,Yamini Bora,Phone,Electronics,4,25000,100000,Chennai,Net Banking,2026-01-05,3
6575,6475,Wazir Saxena,Desk,Furniture,1,7000,7000,Pune,Cash on Delivery,2025-09-11,6
6576,8627,Gayathri Nath,Phone,Electronics,1,25000,25000,Ahmedabad,Cash on Delivery,2026-01-16,2
6577,9432,Simon Kala,Phone,Electronics,1,25000,25000,Ahmedabad,UPI,2025-09-11,7
6578,7486,Oviya Shere,Shoes,Fashion,4,2500,10000,Chennai,Debit Card,2025-08-11,6
6579,7691,Keya Kadakia,T-Shirt,Fashion,3,800,2400,Ahmedabad,Cash on Delivery,2025-09-17,1
6580,4586,Nidhi Shanker,Laptop,Electronics,2,65000,130000,Kolkata,Debit Card,2025-10-20,2
6581,5457,Radha Bedi,Phone,Electronics,4,25000,100000,Pune,Credit Card,2025-09-22,1
6582,4014,Rishi Tara,Laptop,Electronics,2,65000,130000,Bengaluru,Debit Card,2025-09-14,1
6583,6785,Advika Sur,Shoes,Fashion,3,2500,7500,Kolkata,Net Banking,2025-08-10,6
6584,8424,Janaki Kumer,Phone,Electronics,2,25000,50000,Bengaluru,Credit Card,2026-04-23,4
6585,5473,Rajata Jayaraman,Phone,Electronics,1,25000,25000,Mumbai,Debit Card,2025-10-08,2
6586,4506,Ranbir Venkataraman,Desk,Furniture,3,7000,21000,Delhi,Credit Card,2026-04-02,5
6587,9931,Peter Tiwari,T-Shirt,Fashion,1,800,800,Mumbai,Credit Card,2025-08-26,7
6588,3338,Chakrika Devan,Headphones,Electronics,2,3000,6000,Mumbai,UPI,2025-08-23,5
6589,3434,Ishani Zachariah,T-Shirt,Fashion,3,800,2400,Pune,Credit Card,2025-08-12,5
6590,7050,Rudra Wali,Phone,Electronics,5,25000,125000,Delhi,UPI,2026-01-09,6
6591,7457,Anika Anand,Bottle,Home,3,600,1800,Bengaluru,Net Banking,2025-10-29,3
6592,6380,Yochana Gokhale,Laptop,Electronics,4,65000,260000,Hyderabad,Net Banking,2025-10-16,1
6593,9822,Aarav Balakrishnan,Book,Books,4,500,2000,Hyderabad,Debit Card,2026-01-17,7
6594,1393,Farhan Bassi,Headphones,Electronics,4,3000,12000,Delhi,Cash on Delivery,2026-05-03,5
6595,7541,Jeremiah Varma,Phone,Electronics,3,25000,75000,Chennai,Cash on Delivery,2026-07-07,4
6596,4636,Riya Bakshi,Shoes,Fashion,5,2500,12500,Chennai,UPI,2026-03-12,6
6597,4446,Ojasvi Batta,Chair,Furniture,3,4000,12000,Chennai,Net Banking,2026-06-11,2
6598,1268,Saksham Choudhary,Watch,Accessories,3,5000,15000,Ahmedabad,Debit Card,2025-11-08,5
6599,3706,Bhavika Jaggi,Phone,Electronics,4,25000,100000,Kolkata,Credit Card,2025-09-19,4
6600,4452,Maya Puri,Phone,Electronics,2,25000,50000,Bengaluru,Debit Card,2026-02-06,4
6601,8992,Ishani Saxena,Shoes,Fashion,2,2500,5000,Hyderabad,Debit Card,2026-02-07,6
6602,9852,Lajita Suri,T-Shirt,Fashion,4,800,3200,Bengaluru,Cash on Delivery,2026-03-05,1
6603,8659,Quincy Chand,Shoes,Fashion,3,2500,7500,Bengaluru,Credit Card,2026-07-01,7
6604,5150,Ekavir Raja,Shoes,Fashion,2,2500,5000,Pune,Cash on Delivery,2026-05-29,4
6605,6790,Dalbir Sachdev,Phone,Electronics,1,25000,25000,Mumbai,Debit Card,2025-12-20,5
6606,2424,Ranveer Badami,Shoes,Fashion,4,2500,10000,Delhi,Cash on Delivery,2026-02-11,7
6607,9227,Michael Ramaswamy,Headphones,Electronics,2,3000,6000,Chennai,Net Banking,2026-06-21,6
6608,3775,Dominic Bhalla,Headphones,Electronics,4,3000,12000,Pune,Debit Card,2026-06-20,5
6609,1311,Bimala Kapadia,Watch,Accessories,3,5000,15000,Hyderabad,Net Banking,2025-12-24,3
6610,6308,Isaac Sehgal,Laptop,Electronics,4,65000,260000,Chennai,UPI,2026-06-25,2
6611,1770,Aadhya Lanka,Shoes,Fashion,3,2500,7500,Hyderabad,Credit Card,2026-04-17,7
6612,9920,Kavya Ray,Phone,Electronics,2,25000,50000,Delhi,UPI,2025-08-09,4
6613,5388,Jonathan Khatri,Headphones,Electronics,2,3000,6000,Kolkata,Cash on Delivery,2026-05-02,5
6614,4333,Anya Kade,Laptop,Electronics,2,65000,130000,Kolkata,Cash on Delivery,2026-04-25,5
6615,1038,Qushi Gopal,Chair,Furniture,2,4000,8000,Mumbai,Credit Card,2025-10-14,2
6616,2257,Neha Dutta,Desk,Furniture,1,7000,7000,Chennai,Credit Card,2026-05-29,1
6617,3955,Upasna Kata,Headphones,Electronics,3,3000,9000,Delhi,UPI,2025-09-22,6
6618,2628,Ronith Wali,Phone,Electronics,5,25000,125000,Ahmedabad,Credit Card,2025-10-20,2
6619,4970,Yashoda Kota,Laptop,Electronics,2,65000,130000,Chennai,Credit Card,2026-03-31,6
6620,3907,Raagini Wadhwa,Laptop,Electronics,1,65000,65000,Mumbai,Credit Card,2026-07-29,4
6621,3002,Zehaan Krish,Laptop,Electronics,2,65000,130000,Chennai,Cash on Delivery,2026-06-08,2
6622,3997,Vasudha Cheema,Laptop,Electronics,1,65000,65000,Ahmedabad,Net Banking,2025-09-01,1
6623,2600,Henry Oza,Watch,Accessories,2,5000,10000,Kolkata,Cash on Delivery,2026-02-11,6
6624,1225,Tanay Issac,Phone,Electronics,5,25000,125000,Delhi,UPI,2026-06-22,6
6625,2297,Aditya Chandran,Phone,Electronics,5,25000,125000,Kolkata,Cash on Delivery,2025-11-07,7
6626,3853,Oeshi Bhavsar,Phone,Electronics,2,25000,50000,Pune,Debit Card,2026-06-28,5
6627,9360,Mohammed Badami,Phone,Electronics,2,25000,50000,Kolkata,UPI,2026-07-27,3
6628,5664,Banjeet Sandal,Book,Books,3,500,1500,Kolkata,Debit Card,2025-12-29,4
6629,8621,Geetika Tripathi,Shoes,Fashion,1,2500,2500,Delhi,Net Banking,2026-02-05,4
6630,3304,Bina Shroff,Laptop,Electronics,4,65000,260000,Bengaluru,UPI,2026-08-07,7
6631,4889,Aditya Prashad,Phone,Electronics,1,25000,25000,Delhi,Net Banking,2026-03-04,6
6632,2868,Dhriti Pradhan,Phone,Electronics,5,25000,125000,Bengaluru,Credit Card,2025-12-09,2
6633,1409,Sudiksha Datta,Phone,Electronics,1,25000,25000,Ahmedabad,Net Banking,2025-11-16,7
6634,5346,Bakhshi Madan,Shoes,Fashion,2,2500,5000,Mumbai,Net Banking,2026-07-04,2
6635,4062,Rachana Kapadia,Phone,Electronics,3,25000,75000,Kolkata,Cash on Delivery,2026-02-24,2
6636,3687,Mitesh Kamdar,Phone,Electronics,1,25000,25000,Mumbai,Credit Card,2025-09-25,1
6637,6674,Jackson Sagar,Laptop,Electronics,4,65000,260000,Pune,Credit Card,2026-07-31,5
6638,3743,Amrita Bhatnagar,Chair,Furniture,2,4000,8000,Chennai,Cash on Delivery,2026-04-10,6
6639,7568,Akshay Bassi,Laptop,Electronics,1,65000,65000,Kolkata,Net Banking,2026-06-05,1
6640,8672,Samar Thaker,Phone,Electronics,4,25000,100000,Chennai,Credit Card,2025-11-02,5
6641,2570,Gagan Kulkarni,Laptop,Electronics,3,65000,195000,Ahmedabad,Credit Card,2026-01-09,5
6642,3773,Chakradev Reddy,Phone,Electronics,3,25000,75000,Chennai,Cash on Delivery,2026-03-15,2
6643,3803,Oliver Dube,T-Shirt,Fashion,2,800,1600,Delhi,Net Banking,2025-10-18,5
6644,6537,Atharv Bansal,Phone,Electronics,4,25000,100000,Hyderabad,UPI,2026-03-05,3
6645,6914,Aarush Chowdhury,Desk,Furniture,1,7000,7000,Hyderabad,UPI,2026-04-06,5
6646,1993,Zayan Kata,Headphones,Electronics,1,3000,3000,Ahmedabad,UPI,2025-12-29,4
6647,1043,Charvi Srinivasan,Phone,Electronics,3,25000,75000,Pune,Net Banking,2026-05-03,3
6648,7764,Bhavya Dyal,Phone,Electronics,3,25000,75000,Kolkata,Cash on Delivery,2026-05-20,1
6649,9260,Januja Menon,Phone,Electronics,4,25000,100000,Pune,Cash on Delivery,2026-07-24,4
6650,1113,Bakhshi Garde,Shoes,Fashion,1,2500,2500,Hyderabad,UPI,2026-01-06,6
6651,5818,Vincent Palan,Headphones,Electronics,3,3000,9000,Delhi,Debit Card,2026-01-12,5
6652,1127,Girish Ramesh,Phone,Electronics,3,25000,75000,Mumbai,Cash on Delivery,2025-12-14,2
6653,8253,Yachana Apte,Headphones,Electronics,4,3000,12000,Hyderabad,Credit Card,2026-01-18,5
6654,2930,Maanav Walla,Phone,Electronics,1,25000,25000,Hyderabad,Credit Card,2026-02-12,1
6655,3582,Vanya Sarma,Phone,Electronics,1,25000,25000,Mumbai,Credit Card,2025-12-29,3
6656,7280,Gaurangi Misra,Laptop,Electronics,2,65000,130000,Delhi,UPI,2025-11-02,5
6657,1482,Girindra Lall,Headphones,Electronics,3,3000,9000,Bengaluru,Debit Card,2025-12-18,1
6658,2083,Chavvi Sekhon,Headphones,Electronics,1,3000,3000,Kolkata,Debit Card,2025-12-18,7
6659,2453,Veda Balan,Chair,Furniture,1,4000,4000,Kolkata,UPI,2026-05-03,6
6660,6761,Samarth Sunder,Phone,Electronics,5,25000,125000,Kolkata,Net Banking,2025-09-12,4
6661,7644,Banjeet Parmer,Book,Books,5,500,2500,Hyderabad,UPI,2026-03-02,2
6662,1917,Dakshesh Puri,Watch,Accessories,3,5000,15000,Kolkata,Net Banking,2025-09-16,1
6663,9896,Omaja Vora,Phone,Electronics,3,25000,75000,Mumbai,Credit Card,2025-10-25,5
6664,2973,Varenya Agrawal,Bottle,Home,5,600,3000,Delhi,UPI,2026-02-21,1
6665,6493,Nidra Kadakia,Bottle,Home,3,600,1800,Chennai,Cash on Delivery,2026-04-30,7
6666,8192,Frederick Gole,Shoes,Fashion,4,2500,10000,Chennai,UPI,2026-05-14,5
6667,5390,Falak Nagy,Watch,Accessories,2,5000,10000,Chennai,UPI,2025-12-01,1
6668,3511,Oeshi Loke,Headphones,Electronics,5,3000,15000,Mumbai,Cash on Delivery,2026-04-12,4
6669,8916,Aarnav Anand,Phone,Electronics,1,25000,25000,Kolkata,UPI,2026-03-20,2
6670,1068,Waida Choudhary,Watch,Accessories,2,5000,10000,Pune,Debit Card,2026-05-31,2
6671,3656,Yashvi Rattan,Phone,Electronics,5,25000,125000,Kolkata,Cash on Delivery,2026-05-01,6
6672,3437,Zayyan Biswas,Phone,Electronics,2,25000,50000,Delhi,Net Banking,2025-08-31,3
6673,9718,Yagnesh Dar,Shoes,Fashion,2,2500,5000,Pune,Net Banking,2026-06-05,5
6674,6910,Dalaja Solanki,Headphones,Electronics,2,3000,6000,Kolkata,Credit Card,2025-11-23,4
6675,4115,Bachittar Kalla,Chair,Furniture,5,4000,20000,Hyderabad,Debit Card,2025-11-08,6
6676,3677,Hamsini Bajaj,Headphones,Electronics,1,3000,3000,Pune,UPI,2026-06-24,7
6677,9241,Jacob Chawla,Shoes,Fashion,5,2500,12500,Chennai,Cash on Delivery,2025-09-13,2
6678,6051,Shravya Wali,Shoes,Fashion,5,2500,12500,Chennai,Debit Card,2026-03-29,5
6679,8453,Anya Ghosh,Phone,Electronics,2,25000,50000,Hyderabad,Net Banking,2026-05-06,5
6680,6682,Jatin Choudhry,Phone,Electronics,4,25000,100000,Bengaluru,Credit Card,2026-03-22,5
6681,7820,Lipika Magar,Laptop,Electronics,5,65000,325000,Kolkata,Cash on Delivery,2026-05-21,2
6682,8754,Aarna Rege,T-Shirt,Fashion,2,800,1600,Hyderabad,Debit Card,2025-11-04,7
6683,6107,Eiravati Goel,Phone,Electronics,2,25000,50000,Delhi,Cash on Delivery,2025-09-11,6
6684,7734,Oliver Dhar,Phone,Electronics,1,25000,25000,Chennai,Credit Card,2026-01-15,2
6685,2911,George Tella,Phone,Electronics,1,25000,25000,Pune,Credit Card,2025-10-01,1
6686,5184,Balhaar Balay,Phone,Electronics,2,25000,50000,Ahmedabad,Credit Card,2025-09-29,7
6687,3807,Naksh Chandran,Headphones,Electronics,4,3000,12000,Chennai,Credit Card,2026-06-02,2
6688,1526,Hemal Jain,Phone,Electronics,4,25000,100000,Pune,Debit Card,2025-12-10,3
6689,6021,Vansha Thakkar,Phone,Electronics,1,25000,25000,Hyderabad,Debit Card,2026-07-27,7
6690,2377,Shaurya De,Phone,Electronics,2,25000,50000,Mumbai,UPI,2026-04-27,4
6691,5341,Manya Om,Phone,Electronics,5,25000,125000,Pune,Net Banking,2026-03-13,3
6692,3731,Zehaan Dhar,Headphones,Electronics,3,3000,9000,Mumbai,Net Banking,2026-01-18,5
6693,5919,Shivani Sanghvi,Shoes,Fashion,2,2500,5000,Chennai,Credit Card,2025-09-04,5
6694,2222,Prisha Gola,Phone,Electronics,3,25000,75000,Bengaluru,Net Banking,2026-06-22,1
6695,5474,Krishna Sura,Phone,Electronics,4,25000,100000,Kolkata,Net Banking,2025-11-10,2
6696,5723,Brinda Magar,Book,Books,4,500,2000,Bengaluru,Net Banking,2026-01-02,5
6697,3843,Krishna Bajaj,Watch,Accessories,4,5000,20000,Pune,Cash on Delivery,2025-10-01,6
6698,9655,Radhika Edwin,Phone,Electronics,2,25000,50000,Kolkata,Debit Card,2026-07-10,7
6699,6900,Oliver Chaudhuri,Shoes,Fashion,1,2500,2500,Hyderabad,UPI,2025-11-19,1
6700,5277,Saanvi Kari,Headphones,Electronics,1,3000,3000,Ahmedabad,UPI,2025-08-27,7
6701,8866,Chakradev Jha,Headphones,Electronics,3,3000,9000,Bengaluru,Credit Card,2025-11-07,1
6702,3810,Neha Mistry,Phone,Electronics,4,25000,100000,Pune,Debit Card,2026-02-13,6
6703,1421,Vrinda Kakar,Phone,Electronics,1,25000,25000,Mumbai,Credit Card,2025-11-09,3
6704,4909,Rishi Pandey,Headphones,Electronics,3,3000,9000,Kolkata,Net Banking,2025-08-25,6
6705,3752,Jonathan Issac,Shoes,Fashion,4,2500,10000,Pune,Credit Card,2025-11-14,6
6706,5401,Rishi Amble,Laptop,Electronics,1,65000,65000,Chennai,UPI,2025-10-03,4
6707,7377,Chavvi Dara,Headphones,Electronics,5,3000,15000,Mumbai,UPI,2026-04-04,4
6708,7770,Isha Sunder,T-Shirt,Fashion,5,800,4000,Hyderabad,Cash on Delivery,2025-10-11,3
6709,2046,Warjas Mishra,Shoes,Fashion,2,2500,5000,Kolkata,Net Banking,2026-02-06,6
6710,6540,Zaid Thaker,Shoes,Fashion,4,2500,10000,Delhi,Cash on Delivery,2026-02-14,1
6711,8172,Panini D’Alia,T-Shirt,Fashion,3,800,2400,Mumbai,Debit Card,2025-09-09,5
6712,3698,Lopa Mittal,Laptop,Electronics,1,65000,65000,Ahmedabad,UPI,2025-08-31,2
6713,2333,Tanay Prasad,Shoes,Fashion,2,2500,5000,Chennai,UPI,2025-09-25,1
6714,4067,Faris Sheth,Book,Books,1,500,500,Kolkata,Credit Card,2026-06-02,5
6715,9865,Lakshit Sarna,Book,Books,5,500,2500,Chennai,Net Banking,2026-08-05,2
6716,3828,Jeremiah Karnik,Shoes,Fashion,1,2500,2500,Delhi,Net Banking,2026-03-06,4
6717,9978,Qushi Garde,Watch,Accessories,3,5000,15000,Pune,Credit Card,2026-01-21,3
6718,7472,Harshil Sami,Laptop,Electronics,4,65000,260000,Chennai,Net Banking,2025-12-31,5
6719,9278,Pranit Talwar,T-Shirt,Fashion,4,800,3200,Pune,Credit Card,2025-11-22,1
6720,5684,Yashasvi Nagi,Desk,Furniture,1,7000,7000,Mumbai,Debit Card,2025-11-13,7
6721,7426,Bina Singhal,Phone,Electronics,3,25000,75000,Delhi,Cash on Delivery,2026-06-08,2
6722,5041,Hredhaan Narula,T-Shirt,Fashion,2,800,1600,Chennai,UPI,2026-02-11,6
6723,7032,Maanav Bera,Chair,Furniture,5,4000,20000,Bengaluru,Net Banking,2026-05-21,6
6724,5477,Jasmit Kalita,Book,Books,3,500,1500,Kolkata,Debit Card,2025-10-09,6
6725,4495,Shivansh Krishna,Headphones,Electronics,4,3000,12000,Kolkata,Net Banking,2025-09-21,5
6726,1470,Triveni Dyal,Phone,Electronics,2,25000,50000,Ahmedabad,Debit Card,2025-09-16,4
6727,9759,Jagvi Dugal,Headphones,Electronics,4,3000,12000,Hyderabad,Cash on Delivery,2025-12-08,4
6728,6109,Yoshita Bhatt,Headphones,Electronics,4,3000,12000,Mumbai,UPI,2025-08-20,3
6729,5466,Hemang Dayal,Headphones,Electronics,5,3000,15000,Mumbai,Debit Card,2026-03-25,1
6730,1912,Meghana Chaudhary,T-Shirt,Fashion,2,800,1600,Hyderabad,Debit Card,2025-11-22,7
6731,3185,Noah Rajan,Headphones,Electronics,1,3000,3000,Ahmedabad,Net Banking,2025-11-29,6
6732,7971,Mekhala Gaba,Headphones,Electronics,4,3000,12000,Delhi,Net Banking,2025-12-17,4
6733,8667,Vihaan Lala,Phone,Electronics,3,25000,75000,Chennai,UPI,2026-03-04,4
6734,3808,Anamika Sandal,Phone,Electronics,1,25000,25000,Mumbai,UPI,2025-10-18,1
6735,7380,Nimrat Mann,Headphones,Electronics,2,3000,6000,Bengaluru,Credit Card,2025-10-14,4
6736,2700,Baljiwan Joshi,Phone,Electronics,3,25000,75000,Delhi,Credit Card,2025-12-13,7
6737,5806,Vanya Dada,Phone,Electronics,5,25000,125000,Delhi,Net Banking,2025-12-06,3
6738,4836,Aarnav Khare,Bottle,Home,5,600,3000,Ahmedabad,Cash on Delivery,2025-09-02,3
6739,5528,Forum Date,Phone,Electronics,2,25000,50000,Hyderabad,Cash on Delivery,2026-05-05,7
6740,6420,Krishna Savant,Headphones,Electronics,5,3000,15000,Delhi,Cash on Delivery,2026-03-21,6
6741,6287,Rajeshri Nagar,Watch,Accessories,3,5000,15000,Kolkata,Credit Card,2026-01-30,4
6742,6777,Lila Padmanabhan,Watch,Accessories,3,5000,15000,Bengaluru,Debit Card,2026-02-25,1
6743,5758,Urvi Mand,Phone,Electronics,3,25000,75000,Chennai,Cash on Delivery,2026-03-07,7
6744,2348,Nihal Krish,Headphones,Electronics,1,3000,3000,Kolkata,Debit Card,2025-12-25,7
6745,8869,Bhavini Agarwal,Phone,Electronics,2,25000,50000,Bengaluru,Net Banking,2026-02-08,3
6746,6369,Manan Mody,Headphones,Electronics,4,3000,12000,Bengaluru,Credit Card,2026-01-25,7
6747,5174,Neha Bhatia,Shoes,Fashion,4,2500,10000,Delhi,Credit Card,2026-04-22,1
6748,6561,Qarin Goyal,T-Shirt,Fashion,5,800,4000,Pune,UPI,2026-03-10,4
6749,5296,Veer Bora,Laptop,Electronics,5,65000,325000,Mumbai,Debit Card,2026-01-25,5
6750,5634,Henry Balakrishnan,Shoes,Fashion,2,2500,5000,Bengaluru,Cash on Delivery,2025-10-25,5
6751,6245,Hemangini Hegde,Shoes,Fashion,4,2500,10000,Hyderabad,Net Banking,2025-09-27,3
6752,8898,Laksh Dasgupta,Laptop,Electronics,2,65000,130000,Chennai,Credit Card,2026-06-20,3
6753,7835,Harinakshi Varty,Phone,Electronics,3,25000,75000,Mumbai,Debit Card,2025-12-03,2
6754,1356,Bhavya Som,Shoes,Fashion,2,2500,5000,Pune,UPI,2025-09-17,5
6755,7518,Omisha Balay,Phone,Electronics,1,25000,25000,Hyderabad,Credit Card,2025-09-14,3
6756,2129,Pooja Edwin,Watch,Accessories,1,5000,5000,Kolkata,Net Banking,2025-11-04,4
6757,9540,Xalak Bhargava,Phone,Electronics,2,25000,50000,Bengaluru,Cash on Delivery,2026-05-12,3
6758,4580,Jason Sur,Bottle,Home,2,600,1200,Delhi,Debit Card,2026-04-16,1
6759,2080,Jyoti Palan,Shoes,Fashion,5,2500,12500,Kolkata,UPI,2025-08-14,7
6760,1790,Orinder Naidu,Watch,Accessories,4,5000,20000,Hyderabad,Credit Card,2026-07-24,7
6761,2001,Ishita Bala,Shoes,Fashion,2,2500,5000,Ahmedabad,Debit Card,2026-01-08,3
6762,5092,Baghyawati Sankaran,Laptop,Electronics,3,65000,195000,Chennai,Cash on Delivery,2026-04-25,1
6763,4263,Janya Bhalla,Shoes,Fashion,1,2500,2500,Mumbai,Credit Card,2026-02-04,4
6764,1791,Ethan Walla,Book,Books,5,500,2500,Bengaluru,UPI,2026-07-06,1
6765,8954,Azad Majumdar,Headphones,Electronics,4,3000,12000,Chennai,Cash on Delivery,2026-05-03,4
6766,4934,Yamini Toor,T-Shirt,Fashion,4,800,3200,Chennai,Debit Card,2025-11-22,7
6767,6097,Darsh Karpe,Chair,Furniture,4,4000,16000,Ahmedabad,Debit Card,2026-06-01,3
6768,4408,Zarna Ben,Phone,Electronics,1,25000,25000,Pune,Net Banking,2026-07-16,1
6769,4310,Ayush Parmer,Shoes,Fashion,3,2500,7500,Ahmedabad,UPI,2026-03-19,1
6770,7255,Vasatika Grewal,Book,Books,2,500,1000,Hyderabad,Net Banking,2025-12-09,3
6771,1807,Widisha Rama,Phone,Electronics,2,25000,50000,Bengaluru,Credit Card,2026-05-06,6
6772,4371,Tara Keer,Phone,Electronics,1,25000,25000,Ahmedabad,UPI,2026-04-18,3
6773,6159,Aarini Babu,Chair,Furniture,5,4000,20000,Ahmedabad,UPI,2026-07-05,4
6774,5102,Jacob Bava,Laptop,Electronics,4,65000,260000,Delhi,Cash on Delivery,2026-04-16,2
6775,1232,Reva Johal,T-Shirt,Fashion,4,800,3200,Chennai,Cash on Delivery,2026-02-09,3
6776,3020,Sara Pau,Shoes,Fashion,3,2500,7500,Pune,Debit Card,2025-11-18,7
6777,3575,Maanav Lad,Headphones,Electronics,4,3000,12000,Mumbai,Cash on Delivery,2026-06-06,3
6778,5177,Xiti Gupta,Headphones,Electronics,2,3000,6000,Bengaluru,Cash on Delivery,2025-12-23,6
6779,8431,Utkarsh Garg,Watch,Accessories,5,5000,25000,Hyderabad,UPI,2025-09-07,2
6780,8156,Yashvi Bansal,Headphones,Electronics,1,3000,3000,Ahmedabad,Cash on Delivery,2026-07-31,2
6781,3583,Imaran Kibe,Phone,Electronics,1,25000,25000,Hyderabad,Debit Card,2026-05-03,5
6782,8570,Widisha Chaudhry,Shoes,Fashion,4,2500,10000,Mumbai,Credit Card,2026-01-22,3
6783,5333,Tanay Golla,Headphones,Electronics,5,3000,15000,Mumbai,Net Banking,2026-04-29,6
6784,5917,George Bhatt,Watch,Accessories,5,5000,25000,Ahmedabad,UPI,2026-01-05,4
6785,2101,Anjali Divan,Shoes,Fashion,3,2500,7500,Pune,Debit Card,2025-09-02,7
6786,5891,Irya Banik,T-Shirt,Fashion,3,800,2400,Chennai,Debit Card,2026-03-05,7
6787,1096,Utkarsh Chander,Phone,Electronics,2,25000,50000,Delhi,Debit Card,2026-05-18,1
6788,5966,Chaman Dasgupta,Chair,Furniture,2,4000,8000,Bengaluru,Net Banking,2026-06-21,4
6789,6410,Fitan Chandra,Headphones,Electronics,3,3000,9000,Pune,Cash on Delivery,2025-10-30,1
6790,8699,Tanveer Kapoor,T-Shirt,Fashion,5,800,4000,Kolkata,Net Banking,2026-06-21,6
6791,3046,Balhaar Chad,Phone,Electronics,1,25000,25000,Pune,Cash on Delivery,2025-09-02,4
6792,4743,Irya Walla,Desk,Furniture,5,7000,35000,Chennai,Cash on Delivery,2026-02-20,2
6793,1728,Aachal Goswami,T-Shirt,Fashion,3,800,2400,Bengaluru,Net Banking,2026-02-20,6
6794,2256,Peter Sibal,Laptop,Electronics,3,65000,195000,Kolkata,Cash on Delivery,2026-02-01,6
6795,4953,Samuel Mukhopadhyay,Laptop,Electronics,4,65000,260000,Pune,Cash on Delivery,2026-01-24,1
6796,7776,Waida Bawa,Shoes,Fashion,1,2500,2500,Mumbai,Credit Card,2025-12-03,6
6797,3089,Vedika Rout,Phone,Electronics,4,25000,100000,Mumbai,Cash on Delivery,2026-06-19,3
6798,3907,Nirja Naik,Phone,Electronics,3,25000,75000,Kolkata,Debit Card,2026-04-15,3
6799,4296,Advaith Pathak,Shoes,Fashion,5,2500,12500,Bengaluru,Net Banking,2025-11-17,7
6800,6545,Adya Zachariah,Phone,Electronics,5,25000,125000,Mumbai,Debit Card,2026-05-16,6
6801,9537,Kashish Reddy,Laptop,Electronics,4,65000,260000,Mumbai,Debit Card,2025-08-18,3
6802,6326,Pushti Nagi,Shoes,Fashion,1,2500,2500,Ahmedabad,Cash on Delivery,2025-11-18,6
6803,7792,Harita Bose,Headphones,Electronics,4,3000,12000,Pune,UPI,2026-07-24,5
6804,7357,Omisha Gopal,Phone,Electronics,2,25000,50000,Pune,Cash on Delivery,2025-12-02,6
6805,7070,Onkar Ratta,Laptop,Electronics,5,65000,325000,Ahmedabad,UPI,2025-12-23,6
6806,4589,Omisha Nayak,Headphones,Electronics,1,3000,3000,Hyderabad,Net Banking,2025-10-28,3
6807,4069,Aachal Tripathi,Headphones,Electronics,2,3000,6000,Bengaluru,Debit Card,2026-04-09,3
6808,3434,Warjas More,Desk,Furniture,5,7000,35000,Ahmedabad,Cash on Delivery,2026-02-02,5
6809,3107,Gauri Bose,Headphones,Electronics,5,3000,15000,Mumbai,Credit Card,2026-02-15,6
6810,8389,Adya Sarraf,Shoes,Fashion,5,2500,12500,Pune,Net Banking,2026-04-30,7
6811,8964,Samarth Choudhary,T-Shirt,Fashion,4,800,3200,Pune,Net Banking,2026-03-19,4
6812,7690,Kabir Varkey,Headphones,Electronics,5,3000,15000,Hyderabad,UPI,2026-03-23,5
6813,1957,Jason Memon,Headphones,Electronics,2,3000,6000,Ahmedabad,Credit Card,2025-12-14,4
6814,4356,Adya Rajagopalan,Shoes,Fashion,3,2500,7500,Chennai,Net Banking,2025-09-11,7
6815,6694,Hamsini Saini,Bottle,Home,2,600,1200,Mumbai,Cash on Delivery,2025-10-18,3
6816,2974,Indira Narula,Phone,Electronics,1,25000,25000,Bengaluru,Cash on Delivery,2025-10-04,3
6817,2812,Samesh Golla,Headphones,Electronics,1,3000,3000,Kolkata,Cash on Delivery,2026-04-02,2
6818,2482,Vasana Hegde,Chair,Furniture,5,4000,20000,Chennai,Credit Card,2026-04-24,4
6819,9587,Ekaja Kakar,Bottle,Home,1,600,600,Ahmedabad,Debit Card,2025-12-10,2
6820,7882,Brijesh Vora,T-Shirt,Fashion,1,800,800,Bengaluru,Credit Card,2026-02-16,2
6821,6706,Jack Sant,Laptop,Electronics,2,65000,130000,Chennai,Cash on Delivery,2025-10-08,2
6822,9033,Abha Shanker,Shoes,Fashion,3,2500,7500,Kolkata,Debit Card,2025-08-17,4
6823,3723,Ranveer Ramesh,Shoes,Fashion,3,2500,7500,Pune,UPI,2026-01-04,1
6824,1578,Lavanya Ratti,T-Shirt,Fashion,1,800,800,Hyderabad,Credit Card,2025-09-07,4
6825,3088,Yashodhara Baral,Phone,Electronics,2,25000,50000,Pune,Net Banking,2026-05-24,2
6826,7241,Faqid Prabhu,Shoes,Fashion,3,2500,7500,Hyderabad,Debit Card,2026-02-18,2
6827,6595,Bhavya Mander,Shoes,Fashion,2,2500,5000,Chennai,UPI,2026-04-06,1
6828,1210,Nimrat Bhasin,Headphones,Electronics,2,3000,6000,Hyderabad,Net Banking,2026-02-19,1
6829,6398,Ranbir Rau,Shoes,Fashion,4,2500,10000,Chennai,Credit Card,2026-04-24,6
6830,4274,Sneha Doctor,Laptop,Electronics,3,65000,195000,Mumbai,UPI,2025-10-17,1
6831,9233,Matthew Dass,Shoes,Fashion,2,2500,5000,Mumbai,Cash on Delivery,2025-10-11,4
6832,4425,Raksha Anne,T-Shirt,Fashion,1,800,800,Chennai,Cash on Delivery,2026-01-18,4
6833,5976,Onveer Bhargava,Phone,Electronics,4,25000,100000,Kolkata,Credit Card,2026-04-15,5
6834,3594,Ayush Iyer,Laptop,Electronics,2,65000,130000,Chennai,Debit Card,2025-08-29,5
6835,1166,Jagvi Menon,Headphones,Electronics,3,3000,9000,Hyderabad,Credit Card,2026-01-20,6
6836,3834,Ekansh Bhavsar,Headphones,Electronics,1,3000,3000,Pune,UPI,2026-02-23,7
6837,4583,Baljiwan Kashyap,Phone,Electronics,3,25000,75000,Ahmedabad,Credit Card,2026-05-22,6
6838,3544,Waida Sant,Shoes,Fashion,2,2500,5000,Pune,Debit Card,2026-05-02,2
6839,6407,Jeet Rai,T-Shirt,Fashion,4,800,3200,Chennai,Cash on Delivery,2026-02-17,7
6840,1777,Lila Sachdev,Laptop,Electronics,3,65000,195000,Hyderabad,UPI,2025-10-20,3
6841,2009,Warhi Bawa,Headphones,Electronics,4,3000,12000,Kolkata,UPI,2026-05-01,2
6842,6402,Chasmum Khosla,Shoes,Fashion,4,2500,10000,Bengaluru,Debit Card,2025-10-31,7
6843,9877,Adya Shanker,Watch,Accessories,3,5000,15000,Mumbai,Net Banking,2025-09-21,3
6844,9279,Keya Vaidya,Phone,Electronics,5,25000,125000,Hyderabad,Net Banking,2026-06-03,5
6845,2209,Abhiram Shere,Watch,Accessories,1,5000,5000,Ahmedabad,UPI,2025-09-07,3
6846,9137,Bhavna Dube,Headphones,Electronics,4,3000,12000,Chennai,Debit Card,2026-07-13,5
6847,2390,Nisha Shanker,Laptop,Electronics,4,65000,260000,Chennai,Debit Card,2025-12-22,4
6848,3255,Girik Som,Headphones,Electronics,3,3000,9000,Bengaluru,Credit Card,2026-01-03,6
6849,2778,Forum Kapadia,Desk,Furniture,4,7000,28000,Ahmedabad,Debit Card,2025-11-20,6
6850,3146,Tanish Radhakrishnan,Book,Books,1,500,500,Pune,Net Banking,2025-12-12,7
6851,4108,Aashi Gupta,Phone,Electronics,3,25000,75000,Pune,Debit Card,2026-06-05,4
6852,7473,Yashica Salvi,Headphones,Electronics,4,3000,12000,Mumbai,Credit Card,2026-06-22,5
6853,6623,Aadhya Chanda,Headphones,Electronics,4,3000,12000,Ahmedabad,UPI,2025-10-03,7
6854,2481,Ranveer Doctor,Shoes,Fashion,1,2500,2500,Ahmedabad,Net Banking,2026-01-10,3
6855,9447,Ekta Kalita,Shoes,Fashion,4,2500,10000,Hyderabad,Credit Card,2026-07-03,2
6856,4084,Ekapad Nori,Headphones,Electronics,3,3000,9000,Chennai,UPI,2025-08-15,1
6857,2424,Pavani Srivastava,Headphones,Electronics,3,3000,9000,Bengaluru,Cash on Delivery,2026-01-28,1
6858,6360,Jagrati Virk,Headphones,Electronics,1,3000,3000,Hyderabad,Cash on Delivery,2026-05-06,1
6859,9763,Jhalak Srinivasan,Shoes,Fashion,4,2500,10000,Delhi,Cash on Delivery,2026-05-02,2
6860,1476,Eta Thaman,Laptop,Electronics,2,65000,130000,Hyderabad,Credit Card,2026-04-16,5
6861,2092,Varenya Jani,Desk,Furniture,1,7000,7000,Bengaluru,UPI,2025-12-21,7
6862,7994,Aarush Narayan,Book,Books,5,500,2500,Chennai,Cash on Delivery,2026-01-08,4
6863,3685,Qushi Nath,Chair,Furniture,4,4000,16000,Delhi,Credit Card,2025-09-24,6
6864,5099,Faras Hari,Headphones,Electronics,3,3000,9000,Hyderabad,Cash on Delivery,2026-06-30,3
6865,8536,Rajata Srinivasan,Headphones,Electronics,1,3000,3000,Mumbai,Net Banking,2025-09-28,6
6866,7645,Aahana Rau,Shoes,Fashion,3,2500,7500,Ahmedabad,Cash on Delivery,2026-06-01,7
6867,7685,Patrick Sanghvi,Phone,Electronics,2,25000,50000,Kolkata,Cash on Delivery,2026-02-26,1
6868,8382,Aadi Dar,Phone,Electronics,4,25000,100000,Hyderabad,Net Banking,2026-03-08,2
6869,1092,Amol Bir,Laptop,Electronics,3,65000,195000,Ahmedabad,Debit Card,2026-08-04,4
6870,9112,Ranveer Mall,Watch,Accessories,5,5000,25000,Hyderabad,UPI,2026-04-28,7
6871,8024,Devika Sankar,Phone,Electronics,5,25000,125000,Mumbai,UPI,2026-03-18,7
6872,2548,Idika Bassi,Phone,Electronics,2,25000,50000,Bengaluru,Net Banking,2026-06-07,7
6873,3093,Frado Chawla,Phone,Electronics,4,25000,100000,Ahmedabad,Debit Card,2025-09-30,4
6874,1535,Charles Sanghvi,T-Shirt,Fashion,1,800,800,Ahmedabad,Net Banking,2026-04-26,1
6875,5814,Ayaan Subramaniam,Phone,Electronics,1,25000,25000,Chennai,UPI,2026-01-12,7
6876,1212,Aashi Maharaj,Phone,Electronics,4,25000,100000,Delhi,UPI,2026-04-07,1
6877,1572,Utkarsh Dhingra,Book,Books,1,500,500,Kolkata,Credit Card,2026-06-20,5
6878,5221,Liam Bhakta,Headphones,Electronics,3,3000,9000,Chennai,Cash on Delivery,2026-01-06,7
6879,9128,Bahadurjit Mani,Shoes,Fashion,3,2500,7500,Pune,Credit Card,2025-12-31,7
6880,4800,Kalpit Sama,Headphones,Electronics,5,3000,15000,Delhi,Net Banking,2025-12-20,5
6881,2758,Yutika Prakash,Phone,Electronics,2,25000,50000,Ahmedabad,Net Banking,2026-01-17,4
6882,4588,Orinder Nadig,Headphones,Electronics,5,3000,15000,Bengaluru,UPI,2026-01-12,2
6883,5813,Harita Sehgal,Chair,Furniture,3,4000,12000,Bengaluru,Net Banking,2025-08-20,6
6884,6873,Saanvi Chauhan,Phone,Electronics,2,25000,50000,Mumbai,UPI,2025-12-02,1
6885,1685,Jonathan Wali,Chair,Furniture,5,4000,20000,Hyderabad,Debit Card,2026-02-18,5
6886,5813,Jeremiah Sarin,Phone,Electronics,1,25000,25000,Bengaluru,Net Banking,2026-01-18,3
6887,6136,Wazir Jhaveri,Laptop,Electronics,2,65000,130000,Kolkata,Net Banking,2025-10-28,5
6888,1595,Yatin Apte,Shoes,Fashion,5,2500,12500,Hyderabad,Credit Card,2025-12-06,2
6889,7860,Theodore Nath,Headphones,Electronics,4,3000,12000,Kolkata,Cash on Delivery,2025-09-27,7
6890,3708,Rachana Bhatnagar,Headphones,Electronics,4,3000,12000,Ahmedabad,UPI,2026-02-07,2
6891,1273,Nicholas Minhas,T-Shirt,Fashion,3,800,2400,Hyderabad,Net Banking,2026-02-08,5
6892,4569,Hemangini Luthra,T-Shirt,Fashion,4,800,3200,Kolkata,Debit Card,2026-05-28,3
6893,1349,Ekantika Bajwa,Shoes,Fashion,2,2500,5000,Mumbai,Net Banking,2025-11-06,2
6894,4350,Parth Memon,Headphones,Electronics,2,3000,6000,Kolkata,UPI,2025-11-12,2
6895,4970,Ansh Nadig,Phone,Electronics,4,25000,100000,Bengaluru,UPI,2026-06-12,4
6896,2308,Yuvraj Upadhyay,Phone,Electronics,3,25000,75000,Ahmedabad,UPI,2026-02-11,2
6897,2272,Mohammed Lall,Phone,Electronics,1,25000,25000,Kolkata,Net Banking,2026-04-19,4
6898,8357,Krisha Jha,Laptop,Electronics,4,65000,260000,Chennai,Cash on Delivery,2026-05-07,4
6899,3208,Wriddhish Keer,Laptop,Electronics,2,65000,130000,Delhi,Credit Card,2026-03-28,1
6900,8273,Jalsa Hayre,Book,Books,5,500,2500,Ahmedabad,Cash on Delivery,2025-12-24,3
6901,4042,Thomas Rao,Laptop,Electronics,5,65000,325000,Hyderabad,UPI,2025-09-11,2
6902,8174,Rajata Munshi,Headphones,Electronics,4,3000,12000,Kolkata,Net Banking,2026-01-26,4
6903,5362,Urvashi Puri,Phone,Electronics,2,25000,50000,Kolkata,Credit Card,2025-08-20,4
6904,2050,Oeshi Baria,Phone,Electronics,4,25000,100000,Hyderabad,Cash on Delivery,2026-01-22,3
6905,8809,Laksh Bava,Headphones,Electronics,4,3000,12000,Pune,Debit Card,2026-05-24,1
6906,6183,Sneha Date,Shoes,Fashion,3,2500,7500,Hyderabad,Cash on Delivery,2025-12-20,3
6907,8264,Timothy Deshmukh,T-Shirt,Fashion,3,800,2400,Pune,Debit Card,2026-02-28,6
6908,9713,Radha Pandey,T-Shirt,Fashion,5,800,4000,Bengaluru,Debit Card,2026-06-13,2
6909,1795,Pooja Dash,Shoes,Fashion,5,2500,12500,Mumbai,Net Banking,2025-11-13,3
6910,2838,Januja Kade,Desk,Furniture,1,7000,7000,Ahmedabad,Cash on Delivery,2026-07-07,4
6911,9903,Anusha Rau,Watch,Accessories,2,5000,10000,Ahmedabad,UPI,2025-11-12,3
6912,7888,Manbir Tiwari,Headphones,Electronics,3,3000,9000,Kolkata,UPI,2025-12-01,6
6913,9717,Atharv Jani,Phone,Electronics,4,25000,100000,Delhi,Net Banking,2026-02-11,5
6914,2109,Advay Ranganathan,Phone,Electronics,2,25000,50000,Hyderabad,Debit Card,2026-02-02,4
6915,3907,Harita Golla,Phone,Electronics,1,25000,25000,Kolkata,Debit Card,2026-05-25,5
6916,5073,Raksha Cheema,Chair,Furniture,1,4000,4000,Pune,Debit Card,2026-08-07,4
6917,4384,Avi Majumdar,Phone,Electronics,2,25000,50000,Bengaluru,Credit Card,2025-09-25,3
6918,3267,Vidhi Krishnan,Shoes,Fashion,3,2500,7500,Pune,Debit Card,2026-07-01,4
6919,6190,Avni Dyal,Laptop,Electronics,1,65000,65000,Ahmedabad,Cash on Delivery,2025-12-10,7
6920,7593,Ati Pingle,Headphones,Electronics,2,3000,6000,Hyderabad,Net Banking,2026-04-29,5
6921,3722,Harini Golla,Laptop,Electronics,2,65000,130000,Pune,Credit Card,2025-09-01,4
6922,9607,Bahadurjit Sarna,Laptop,Electronics,1,65000,65000,Chennai,Credit Card,2025-10-21,6
6923,7190,Harshil Behl,Book,Books,5,500,2500,Kolkata,Debit Card,2026-06-15,4
6924,4532,Sathvik Ramaswamy,Headphones,Electronics,2,3000,6000,Kolkata,UPI,2026-04-04,2
6925,5572,Chavvi Purohit,Shoes,Fashion,3,2500,7500,Kolkata,Net Banking,2026-04-08,7
6926,7770,Avi Konda,Headphones,Electronics,2,3000,6000,Mumbai,Net Banking,2026-06-29,7
6927,3539,Tarak Anne,Phone,Electronics,1,25000,25000,Bengaluru,Net Banking,2025-08-10,3
6928,4652,Qarin Nadig,Laptop,Electronics,2,65000,130000,Bengaluru,Net Banking,2025-09-25,7
6929,4038,Dipta Saran,Shoes,Fashion,4,2500,10000,Ahmedabad,Credit Card,2026-03-14,6
6930,9221,Gunbir Mukhopadhyay,Headphones,Electronics,1,3000,3000,Ahmedabad,Debit Card,2025-11-15,3
6931,9833,Neel Deshpande,Phone,Electronics,1,25000,25000,Bengaluru,Debit Card,2025-08-23,5
6932,2401,Devika Bala,Watch,Accessories,2,5000,10000,Pune,UPI,2026-03-02,1
6933,7591,Leela Shankar,Watch,Accessories,3,5000,15000,Hyderabad,UPI,2025-11-22,2
6934,9275,Amol Kara,Book,Books,2,500,1000,Bengaluru,Cash on Delivery,2025-10-06,4
6935,1148,Harshil Mistry,Phone,Electronics,3,25000,75000,Pune,Cash on Delivery,2025-08-11,5
6936,7230,Nidra Bora,T-Shirt,Fashion,5,800,4000,Ahmedabad,Cash on Delivery,2025-12-05,1
6937,8154,Nathan Salvi,Headphones,Electronics,5,3000,15000,Bengaluru,UPI,2026-07-03,2
6938,1977,Indrajit Gopal,Phone,Electronics,3,25000,75000,Chennai,Credit Card,2026-07-08,7
6939,6140,Mohammed Uppal,Headphones,Electronics,5,3000,15000,Chennai,Debit Card,2026-07-02,6
6940,7334,Isaiah Sha,Phone,Electronics,4,25000,100000,Delhi,Net Banking,2026-04-13,7
6941,3864,Vasudha Char,Watch,Accessories,5,5000,25000,Hyderabad,UPI,2025-11-07,5
6942,9919,Lakshmi Din,Phone,Electronics,3,25000,75000,Kolkata,Credit Card,2025-09-25,5
6943,7472,Daksha Parsa,Headphones,Electronics,3,3000,9000,Kolkata,Credit Card,2025-09-14,4
6944,4315,Frederick Goswami,Phone,Electronics,4,25000,100000,Hyderabad,UPI,2025-12-10,7
6945,1686,Saanvi Behl,Headphones,Electronics,4,3000,12000,Mumbai,Cash on Delivery,2026-06-05,2
6946,9423,Benjamin Mand,Shoes,Fashion,2,2500,5000,Delhi,Credit Card,2026-04-26,2
6947,6105,Nathan Gokhale,Shoes,Fashion,4,2500,10000,Delhi,Net Banking,2026-06-19,7
6948,5608,Ranbir Soni,T-Shirt,Fashion,4,800,3200,Mumbai,UPI,2026-04-06,4
6949,5163,Onveer Kade,T-Shirt,Fashion,2,800,1600,Hyderabad,UPI,2025-12-10,2
6950,2604,Nitesh Reddy,Desk,Furniture,1,7000,7000,Chennai,Cash on Delivery,2026-06-10,2
6951,3931,Jackson Sami,T-Shirt,Fashion,4,800,3200,Bengaluru,Net Banking,2026-04-26,3
6952,6013,Oviya Natarajan,Phone,Electronics,3,25000,75000,Mumbai,Debit Card,2026-04-12,7
6953,8433,Thomas Chand,Laptop,Electronics,3,65000,195000,Chennai,Credit Card,2025-11-30,2
6954,2244,Anita Sodhi,Watch,Accessories,3,5000,15000,Mumbai,UPI,2026-05-11,5
6955,2307,Ekani De,Phone,Electronics,4,25000,100000,Delhi,Cash on Delivery,2026-04-29,6
6956,1716,Chandresh Mall,Bottle,Home,4,600,2400,Delhi,Credit Card,2026-02-21,7
6957,5852,Chameli Koshy,Phone,Electronics,1,25000,25000,Chennai,Net Banking,2026-06-06,1
6958,5290,Abeer Shroff,Shoes,Fashion,4,2500,10000,Ahmedabad,Credit Card,2025-12-18,5
6959,2735,Faqid Sama,T-Shirt,Fashion,5,800,4000,Chennai,Credit Card,2025-09-01,3
6960,7822,Mason Rama,Phone,Electronics,1,25000,25000,Chennai,Cash on Delivery,2025-10-04,5
6961,8710,Daniel Deep,Headphones,Electronics,3,3000,9000,Hyderabad,Credit Card,2025-10-23,1
6962,3911,Samarth Mann,Headphones,Electronics,1,3000,3000,Pune,Credit Card,2026-06-26,2
6963,4195,Vihaan Rai,T-Shirt,Fashion,5,800,4000,Ahmedabad,Debit Card,2025-10-11,6
6964,8551,Hema Om,Phone,Electronics,1,25000,25000,Mumbai,UPI,2026-07-22,6
6965,3810,Bachittar Parsa,Book,Books,4,500,2000,Ahmedabad,UPI,2026-08-04,2
6966,6669,Suhani Memon,Phone,Electronics,1,25000,25000,Delhi,Cash on Delivery,2026-01-17,4
6967,9861,Radha Sodhi,Headphones,Electronics,3,3000,9000,Ahmedabad,Credit Card,2025-11-17,2
6968,9185,Adweta Kibe,Shoes,Fashion,1,2500,2500,Mumbai,Debit Card,2026-04-26,4
6969,6846,Hamsini Wali,Headphones,Electronics,3,3000,9000,Pune,UPI,2026-07-10,2
6970,3717,Lekha Parikh,Headphones,Electronics,5,3000,15000,Pune,Net Banking,2026-06-17,2
6971,9317,Girindra Dada,Phone,Electronics,2,25000,50000,Mumbai,Debit Card,2026-06-25,7
6972,9339,Oni Dubey,Shoes,Fashion,1,2500,2500,Ahmedabad,Credit Card,2026-05-12,1
6973,9970,Amruta Shere,T-Shirt,Fashion,4,800,3200,Delhi,UPI,2025-10-05,7
6974,8046,Umang Mittal,Phone,Electronics,5,25000,125000,Bengaluru,Debit Card,2025-08-11,1
6975,8818,Gunbir Upadhyay,Watch,Accessories,1,5000,5000,Hyderabad,Credit Card,2026-07-30,3
6976,2038,Azaan Sha,Shoes,Fashion,5,2500,12500,Hyderabad,Net Banking,2025-08-08,3
6977,3765,Kavya Mandal,Phone,Electronics,2,25000,50000,Ahmedabad,UPI,2025-12-28,6
6978,5105,Yagnesh Wali,T-Shirt,Fashion,4,800,3200,Chennai,Credit Card,2025-09-27,7
6979,4774,Pushti Gandhi,Chair,Furniture,5,4000,20000,Pune,Debit Card,2025-08-20,1
6980,8894,Dalbir Bail,T-Shirt,Fashion,2,800,1600,Chennai,Debit Card,2025-10-02,3
6981,5358,Caleb Sachdev,Phone,Electronics,5,25000,125000,Bengaluru,Net Banking,2025-09-09,7
6982,1313,Fiyaz Nadkarni,Phone,Electronics,5,25000,125000,Hyderabad,Credit Card,2026-07-25,1
6983,2573,Sneha Kala,Headphones,Electronics,3,3000,9000,Pune,Net Banking,2025-11-30,4
6984,1766,Anjali Johal,Shoes,Fashion,2,2500,5000,Ahmedabad,UPI,2026-02-27,3
6985,9374,Januja Prashad,Chair,Furniture,3,4000,12000,Kolkata,UPI,2026-01-21,3
6986,2931,Meghana Dara,Headphones,Electronics,3,3000,9000,Bengaluru,Credit Card,2026-01-15,4
6987,1972,Aarna Nanda,Headphones,Electronics,1,3000,3000,Delhi,Cash on Delivery,2025-09-17,3
6988,4792,Riya Sarna,Phone,Electronics,4,25000,100000,Mumbai,UPI,2025-10-23,4
6989,1161,Vritti Upadhyay,Phone,Electronics,3,25000,75000,Delhi,Credit Card,2025-09-19,6
6990,9648,Abhimanyu D’Alia,Phone,Electronics,4,25000,100000,Pune,Net Banking,2026-06-07,4
6991,4409,Faris Patel,Phone,Electronics,4,25000,100000,Kolkata,Debit Card,2025-10-27,7
6992,7633,Harita Bal,Phone,Electronics,4,25000,100000,Chennai,UPI,2026-03-07,4
6993,7200,Aditya Tella,Phone,Electronics,4,25000,100000,Delhi,Debit Card,2026-06-26,7
6994,5314,Vasudha Purohit,Watch,Accessories,4,5000,20000,Mumbai,Credit Card,2025-09-02,1
6995,1025,Madhavi Goda,Headphones,Electronics,5,3000,15000,Hyderabad,Cash on Delivery,2026-02-11,5
6996,3520,Nicholas Madan,Headphones,Electronics,5,3000,15000,Ahmedabad,Credit Card,2026-07-19,7
6997,5620,Zehaan Dewan,Headphones,Electronics,5,3000,15000,Delhi,Debit Card,2025-10-25,2
6998,2916,Manbir Chakrabarti,Headphones,Electronics,3,3000,9000,Chennai,UPI,2025-12-07,2
6999,8915,Nisha Chopra,Phone,Electronics,3,25000,75000,Kolkata,Debit Card,2026-06-08,2
7000,7860,Ranbir Nadig,Shoes,Fashion,4,2500,10000,Pune,Net Banking,2026-04-25,1
7001,8001,Michael Borra,Phone,Electronics,1,25000,25000,Hyderabad,Cash on Delivery,2026-05-07,4
7002,6162,Falan Tripathi,Headphones,Electronics,4,3000,12000,Bengaluru,Debit Card,2025-11-28,7
7003,5071,Hamsini Desai,Shoes,Fashion,1,2500,2500,Ahmedabad,Credit Card,2026-05-09,4
7004,3567,Edhitha Kale,Phone,Electronics,3,25000,75000,Hyderabad,Net Banking,2025-08-24,2
7005,6863,Forum Kalita,Laptop,Electronics,5,65000,325000,Hyderabad,Net Banking,2026-04-05,3
7006,1684,Warhi Mittal,Phone,Electronics,4,25000,100000,Ahmedabad,Credit Card,2026-06-20,2
7007,8667,Samar Deo,Shoes,Fashion,5,2500,12500,Hyderabad,Debit Card,2025-09-13,6
7008,2377,Vasudha Golla,Watch,Accessories,1,5000,5000,Pune,Net Banking,2026-06-04,7
7009,8459,Gunbir Bawa,Shoes,Fashion,3,2500,7500,Ahmedabad,Debit Card,2026-01-17,6
7010,8589,Ansh Goel,Headphones,Electronics,4,3000,12000,Delhi,Debit Card,2026-01-06,7
7011,1652,Theodore Oza,Headphones,Electronics,5,3000,15000,Chennai,Cash on Delivery,2025-10-13,5
7012,6973,Shivansh Krishnan,Laptop,Electronics,3,65000,195000,Chennai,Debit Card,2025-12-11,5
7013,4817,Nilima Rana,Headphones,Electronics,4,3000,12000,Chennai,UPI,2026-06-10,7
7014,5109,Forum Kakar,Book,Books,2,500,1000,Delhi,Debit Card,2025-12-12,4
7015,9870,Viraj Mangat,Phone,Electronics,4,25000,100000,Mumbai,UPI,2025-09-12,5
7016,5806,Triya Lala,Watch,Accessories,1,5000,5000,Mumbai,Cash on Delivery,2025-10-03,3
7017,4515,Maanav Dara,Headphones,Electronics,3,3000,9000,Delhi,Cash on Delivery,2025-10-16,7
7018,2705,Ati Luthra,Shoes,Fashion,2,2500,5000,Kolkata,Cash on Delivery,2025-11-19,7
7019,2652,Prisha Narula,Laptop,Electronics,4,65000,260000,Chennai,Debit Card,2025-12-16,5
7020,7720,Advay Dhawan,Headphones,Electronics,2,3000,6000,Hyderabad,Debit Card,2026-04-09,7
7021,5320,Kamya Thaker,Laptop,Electronics,1,65000,65000,Ahmedabad,Cash on Delivery,2026-01-21,5
7022,8360,Saumya Muni,Book,Books,4,500,2000,Mumbai,Credit Card,2026-05-16,4
7023,3618,Vidhi Dora,Phone,Electronics,4,25000,100000,Mumbai,Net Banking,2026-02-01,2
7024,2927,Krisha Korpal,T-Shirt,Fashion,5,800,4000,Bengaluru,Cash on Delivery,2026-07-05,7
7025,9337,Chandani Nazareth,Headphones,Electronics,5,3000,15000,Ahmedabad,Credit Card,2026-06-23,3
7026,2048,Tanveer Gopal,Headphones,Electronics,5,3000,15000,Chennai,UPI,2026-08-02,6
7027,6696,Yauvani Sule,Headphones,Electronics,1,3000,3000,Ahmedabad,Debit Card,2025-09-07,2
7028,2011,Anvi Bumb,Headphones,Electronics,2,3000,6000,Pune,Credit Card,2025-12-21,4
7029,3031,Matthew Nanda,Watch,Accessories,2,5000,10000,Ahmedabad,Debit Card,2025-09-08,5
7030,1357,Charles Bhatia,Headphones,Electronics,4,3000,12000,Kolkata,UPI,2026-07-25,4
7031,5182,Samaksh Sane,T-Shirt,Fashion,3,800,2400,Mumbai,Debit Card,2026-06-18,6
7032,1968,Banjeet Deshmukh,Phone,Electronics,1,25000,25000,Pune,UPI,2026-01-13,7
7033,1739,Amara Kari,Headphones,Electronics,4,3000,12000,Bengaluru,Credit Card,2026-02-10,7
7034,1834,Diya Pall,Watch,Accessories,1,5000,5000,Chennai,Debit Card,2026-01-13,7
7035,8967,Farhan Deshmukh,Laptop,Electronics,5,65000,325000,Bengaluru,Net Banking,2025-10-23,4
7036,3891,Jeremiah Bir,Headphones,Electronics,2,3000,6000,Ahmedabad,Debit Card,2025-12-03,2
7037,5380,Geetika Sachdeva,Headphones,Electronics,2,3000,6000,Pune,Net Banking,2026-03-07,6
7038,3444,Abeer Balan,Headphones,Electronics,5,3000,15000,Ahmedabad,UPI,2025-09-25,7
7039,8871,Xavier Kade,Watch,Accessories,5,5000,25000,Hyderabad,Cash on Delivery,2025-08-10,4
7040,5519,Chaaya Venkataraman,Shoes,Fashion,3,2500,7500,Kolkata,Debit Card,2026-03-30,5
7041,4987,Zilmil Banerjee,Book,Books,4,500,2000,Kolkata,UPI,2026-02-06,1
7042,4072,Charita Patla,T-Shirt,Fashion,3,800,2400,Bengaluru,Debit Card,2025-09-06,6
7043,8047,Chakrika Nayak,Shoes,Fashion,1,2500,2500,Kolkata,Cash on Delivery,2026-03-11,1
7044,7574,Theodore Dixit,Headphones,Electronics,2,3000,6000,Delhi,UPI,2026-05-21,4
7045,1328,Ekansh Patil,Phone,Electronics,2,25000,50000,Pune,UPI,2025-09-11,2
7046,1765,Luke Chawla,Phone,Electronics,1,25000,25000,Pune,UPI,2026-03-11,2
7047,7501,Jagvi Sachdev,Book,Books,4,500,2000,Kolkata,Cash on Delivery,2026-05-24,3
7048,8173,Jai Dayal,Phone,Electronics,1,25000,25000,Mumbai,Credit Card,2025-09-07,4
7049,2680,Wishi Sankar,Headphones,Electronics,4,3000,12000,Kolkata,Cash on Delivery,2026-04-27,2
7050,1151,Ekansh Solanki,Shoes,Fashion,3,2500,7500,Chennai,Debit Card,2026-03-07,2
7051,3576,Dhruv Parmer,Bottle,Home,4,600,2400,Delhi,Debit Card,2025-12-22,2
7052,8980,Pranav Varma,Headphones,Electronics,1,3000,3000,Chennai,Cash on Delivery,2025-12-21,4
7053,8182,Kamala Panchal,Phone,Electronics,2,25000,50000,Delhi,Credit Card,2025-08-14,6
7054,2177,Omya Ganguly,Phone,Electronics,2,25000,50000,Chennai,Credit Card,2026-04-03,5
7055,6062,Lucky Majumdar,Laptop,Electronics,5,65000,325000,Chennai,Debit Card,2025-09-12,4
7056,1887,Dhriti Tank,Phone,Electronics,4,25000,100000,Pune,Cash on Delivery,2025-11-15,7
7057,3581,Zaitra Kar,Headphones,Electronics,5,3000,15000,Delhi,Credit Card,2025-10-18,4
7058,2761,Samesh Ray,Shoes,Fashion,4,2500,10000,Ahmedabad,Debit Card,2025-10-21,1
7059,7436,Sai Bhagat,Shoes,Fashion,2,2500,5000,Mumbai,Credit Card,2026-03-17,3
7060,8721,Daksha Rau,Laptop,Electronics,5,65000,325000,Hyderabad,UPI,2026-03-24,7
7061,8077,Hritik Sura,Phone,Electronics,1,25000,25000,Chennai,Cash on Delivery,2025-11-20,4
7062,5693,Simon Menon,Headphones,Electronics,3,3000,9000,Delhi,Debit Card,2026-05-08,2
7063,5550,George Walia,Shoes,Fashion,2,2500,5000,Bengaluru,UPI,2025-12-22,6
7064,5547,Riya Kaul,Watch,Accessories,5,5000,25000,Hyderabad,Debit Card,2025-11-23,2
7065,8116,Isaiah Doshi,Shoes,Fashion,5,2500,12500,Mumbai,Cash on Delivery,2026-06-30,5
7066,2110,Krisha Bhandari,Shoes,Fashion,3,2500,7500,Hyderabad,Net Banking,2026-02-28,1
7067,4675,Osha Handa,Chair,Furniture,4,4000,16000,Bengaluru,UPI,2026-06-12,2
7068,7305,Yashodhara Verma,Phone,Electronics,4,25000,100000,Pune,Debit Card,2026-04-29,3
7069,7697,Vihaan Karnik,T-Shirt,Fashion,2,800,1600,Mumbai,Debit Card,2025-12-24,1
7070,6698,Ubika Shan,Laptop,Electronics,1,65000,65000,Ahmedabad,Cash on Delivery,2026-01-08,1
7071,7119,Harshil Rajagopal,Phone,Electronics,2,25000,50000,Delhi,Net Banking,2025-11-05,4
7072,5739,Vasana Ramaswamy,Headphones,Electronics,3,3000,9000,Mumbai,Credit Card,2025-10-22,7
7073,9948,Tejas Bobal,Phone,Electronics,5,25000,125000,Chennai,Credit Card,2026-04-08,3
7074,3465,Wyatt Bains,Headphones,Electronics,5,3000,15000,Chennai,Credit Card,2026-04-15,3
7075,7273,Indali Agrawal,Headphones,Electronics,1,3000,3000,Bengaluru,Debit Card,2026-02-20,6
7076,2431,Yashica Date,Phone,Electronics,3,25000,75000,Kolkata,Net Banking,2026-01-30,7
7077,2237,Victor Pandey,T-Shirt,Fashion,3,800,2400,Hyderabad,Cash on Delivery,2025-09-23,5
7078,4569,Riya Dube,Phone,Electronics,3,25000,75000,Mumbai,Credit Card,2025-08-31,4
7079,5115,Akshay Buch,T-Shirt,Fashion,3,800,2400,Ahmedabad,Net Banking,2026-05-09,6
7080,9069,Faras Bajaj,Laptop,Electronics,1,65000,65000,Chennai,Credit Card,2025-09-08,1
7081,7830,Peter Chanda,Phone,Electronics,3,25000,75000,Mumbai,Cash on Delivery,2025-10-12,3
7082,6240,Jacob Bhakta,Shoes,Fashion,1,2500,2500,Bengaluru,Cash on Delivery,2025-11-17,7
7083,3312,Chavvi Khatri,Phone,Electronics,2,25000,50000,Bengaluru,Debit Card,2026-04-30,7
7084,2552,Bhanumati Ramanathan,Headphones,Electronics,5,3000,15000,Delhi,UPI,2026-01-26,3
7085,3749,Avi Dixit,Headphones,Electronics,1,3000,3000,Kolkata,UPI,2025-10-10,5
7086,1713,Dominic Chandra,Headphones,Electronics,3,3000,9000,Pune,Credit Card,2026-04-24,4
7087,2956,Sarthak Nadkarni,T-Shirt,Fashion,3,800,2400,Bengaluru,Cash on Delivery,2026-05-07,5
7088,5091,Zashil Sekhon,Phone,Electronics,5,25000,125000,Delhi,UPI,2026-05-30,5
7089,9437,Neelima Parikh,Watch,Accessories,3,5000,15000,Delhi,Debit Card,2026-07-01,7
7090,1684,Zarna Dar,Shoes,Fashion,5,2500,12500,Mumbai,Debit Card,2025-11-12,1
7091,1412,Mugdha Dixit,Phone,Electronics,3,25000,75000,Ahmedabad,UPI,2026-03-08,5
7092,1790,Vritti Khalsa,T-Shirt,Fashion,1,800,800,Ahmedabad,Cash on Delivery,2026-03-08,6
7093,8079,Prisha Chaudhary,Phone,Electronics,5,25000,125000,Delhi,Credit Card,2025-10-23,1
7094,2592,Advaith Vasa,T-Shirt,Fashion,1,800,800,Chennai,Cash on Delivery,2026-05-28,5
7095,3246,Zansi Dua,Phone,Electronics,1,25000,25000,Mumbai,Credit Card,2026-05-21,3
7096,7914,Hamsini Radhakrishnan,Book,Books,4,500,2000,Pune,Credit Card,2026-05-14,5
7097,9580,Zilmil Chadha,Phone,Electronics,3,25000,75000,Hyderabad,Cash on Delivery,2026-02-06,7
7098,5382,Shaurya Butala,Phone,Electronics,4,25000,100000,Pune,Net Banking,2026-05-31,6
7099,2226,Manbir Krishnamurthy,Shoes,Fashion,5,2500,12500,Bengaluru,Cash on Delivery,2025-08-31,1
7100,1007,Nidra Walla,Watch,Accessories,2,5000,10000,Hyderabad,Credit Card,2025-08-29,1
7101,8089,Rachana Kothari,Shoes,Fashion,3,2500,7500,Ahmedabad,Cash on Delivery,2026-02-17,6
7102,7874,Jeet Rau,Phone,Electronics,1,25000,25000,Chennai,Debit Card,2026-04-08,4
7103,2581,Victor Kade,Watch,Accessories,5,5000,25000,Hyderabad,UPI,2025-10-15,3
7104,6658,Vasudha Mistry,Chair,Furniture,5,4000,20000,Delhi,Debit Card,2026-07-13,2
7105,7489,Mekhala Bala,Book,Books,5,500,2500,Pune,UPI,2026-07-05,4
7106,9656,Azaan Dada,Phone,Electronics,1,25000,25000,Chennai,Credit Card,2026-07-30,6
7107,6291,Gunbir Anand,Shoes,Fashion,5,2500,12500,Hyderabad,Credit Card,2025-08-09,7
7108,1376,Falguni Nagar,Phone,Electronics,2,25000,50000,Kolkata,Credit Card,2025-08-11,3
7109,9015,Aachal Puri,Watch,Accessories,5,5000,25000,Chennai,Debit Card,2025-09-22,1
7110,2617,Ati Prabhu,Book,Books,4,500,2000,Hyderabad,Net Banking,2026-04-08,3
7111,9028,Udyati Rai,T-Shirt,Fashion,3,800,2400,Pune,Debit Card,2025-09-20,5
7112,1218,Charan Deshmukh,Phone,Electronics,5,25000,125000,Ahmedabad,Net Banking,2025-12-31,2
7113,1592,Darpan Kulkarni,Headphones,Electronics,3,3000,9000,Hyderabad,Debit Card,2026-02-05,3
7114,3306,Aarnav Keer,Shoes,Fashion,3,2500,7500,Kolkata,Net Banking,2026-02-04,5
7115,9354,Nakul Ram,Phone,Electronics,5,25000,125000,Mumbai,Net Banking,2026-02-19,2
7116,7276,Chasmum Shanker,Laptop,Electronics,5,65000,325000,Ahmedabad,Cash on Delivery,2026-04-22,5
7117,7795,Qasim Purohit,Phone,Electronics,3,25000,75000,Bengaluru,Cash on Delivery,2026-04-28,4
7118,4932,Pranav Deshpande,Shoes,Fashion,2,2500,5000,Chennai,Net Banking,2025-10-27,2
7119,8700,Wahab Khalsa,Laptop,Electronics,2,65000,130000,Ahmedabad,Credit Card,2026-06-07,3
7120,6642,Faras Sule,Phone,Electronics,2,25000,50000,Ahmedabad,Cash on Delivery,2026-04-04,7
7121,3637,Maya Chad,Headphones,Electronics,1,3000,3000,Bengaluru,Net Banking,2026-02-23,1
7122,9145,Odika Subramaniam,Laptop,Electronics,4,65000,260000,Mumbai,UPI,2026-04-07,4
7123,6945,Leena Bhakta,Phone,Electronics,3,25000,75000,Delhi,Credit Card,2026-07-07,6
7124,5690,Falguni Hari,Phone,Electronics,5,25000,125000,Pune,Cash on Delivery,2025-10-17,2
7125,5547,Laksh Bala,T-Shirt,Fashion,2,800,1600,Mumbai,Debit Card,2025-08-30,6
7126,1502,Om Singhal,Phone,Electronics,1,25000,25000,Hyderabad,Credit Card,2025-09-10,2
7127,9660,Guneet Rai,Shoes,Fashion,1,2500,2500,Chennai,Cash on Delivery,2025-11-15,4
7128,7955,Onkar Sabharwal,Watch,Accessories,1,5000,5000,Chennai,Cash on Delivery,2026-06-17,6
7129,3224,Bishakha Ghosh,Phone,Electronics,4,25000,100000,Delhi,UPI,2026-01-10,1
7130,5837,Thomas Grewal,Shoes,Fashion,1,2500,2500,Delhi,Net Banking,2025-10-07,2
7131,8672,Rishi Narayanan,Headphones,Electronics,2,3000,6000,Bengaluru,Cash on Delivery,2026-03-12,1
7132,8323,Jagvi Kadakia,T-Shirt,Fashion,5,800,4000,Kolkata,Cash on Delivery,2026-01-08,7
7133,4632,Kevin Rout,Shoes,Fashion,3,2500,7500,Hyderabad,Debit Card,2025-08-26,2
7134,4702,William Desai,Phone,Electronics,2,25000,50000,Bengaluru,Credit Card,2025-08-28,3
7135,8813,Timothy Deol,Phone,Electronics,4,25000,100000,Kolkata,Credit Card,2026-03-15,4
7136,8305,Michael Venkataraman,Headphones,Electronics,3,3000,9000,Ahmedabad,UPI,2026-07-07,2
7137,9610,Ekalinga Doctor,Bottle,Home,5,600,3000,Ahmedabad,Credit Card,2025-09-14,1
7138,9623,Samar Deep,Laptop,Electronics,3,65000,195000,Pune,Cash on Delivery,2025-09-14,1
7139,4106,Ishanvi Naik,Phone,Electronics,4,25000,100000,Hyderabad,Net Banking,2025-10-22,7
7140,9014,Jai Venkatesh,Phone,Electronics,5,25000,125000,Pune,Credit Card,2026-05-29,7
7141,8571,Laksh Apte,T-Shirt,Fashion,3,800,2400,Ahmedabad,Net Banking,2026-05-19,7
7142,9240,Wyatt Natt,Headphones,Electronics,3,3000,9000,Pune,Cash on Delivery,2025-10-03,7
7143,5004,Pratyush Ravel,Headphones,Electronics,4,3000,12000,Bengaluru,Net Banking,2026-03-06,3
7144,3461,Sarthak Sehgal,Phone,Electronics,1,25000,25000,Ahmedabad,Debit Card,2026-06-27,4
7145,8769,Zaitra Cherian,Laptop,Electronics,4,65000,260000,Pune,Cash on Delivery,2026-01-09,6
7146,9607,Raksha Prasad,Bottle,Home,4,600,2400,Mumbai,Net Banking,2025-10-20,7
7147,4526,Pahal Kota,Headphones,Electronics,4,3000,12000,Chennai,UPI,2025-12-15,7
7148,6334,Leena Mitra,Phone,Electronics,5,25000,125000,Pune,Debit Card,2025-12-30,7
7149,2880,Ikshita Manne,Headphones,Electronics,1,3000,3000,Ahmedabad,Cash on Delivery,2026-02-19,2
7150,1846,Kabir Mohanty,Phone,Electronics,3,25000,75000,Mumbai,Net Banking,2025-09-23,3
7151,8985,Jason Mody,Headphones,Electronics,4,3000,12000,Chennai,Credit Card,2025-11-25,4
7152,7210,Qadim Sachdeva,Shoes,Fashion,5,2500,12500,Ahmedabad,Debit Card,2026-05-16,7
7153,9084,Ayaan Vohra,Chair,Furniture,5,4000,20000,Kolkata,Net Banking,2026-01-26,1
7154,3518,Chakrika Nadkarni,Shoes,Fashion,5,2500,12500,Bengaluru,UPI,2026-03-06,1
7155,1380,Falan Tripathi,Headphones,Electronics,1,3000,3000,Delhi,UPI,2025-10-31,6
7156,7681,Mahika Keer,Phone,Electronics,5,25000,125000,Chennai,Net Banking,2026-02-14,1
7157,2405,Christopher Bassi,Phone,Electronics,3,25000,75000,Ahmedabad,Cash on Delivery,2025-12-18,3
7158,5151,Dalaja Sethi,Headphones,Electronics,1,3000,3000,Delhi,Net Banking,2026-08-05,6
7159,1229,Saanvi Walia,Phone,Electronics,1,25000,25000,Delhi,UPI,2025-12-13,6
7160,9435,Orinder Arora,Phone,Electronics,3,25000,75000,Kolkata,Credit Card,2026-05-04,3
7161,8926,Daniel Thaman,Phone,Electronics,2,25000,50000,Pune,Net Banking,2025-09-11,4
7162,5872,Vritti Dayal,Headphones,Electronics,2,3000,6000,Hyderabad,UPI,2026-04-07,3
7163,8614,Praneel Mistry,Phone,Electronics,1,25000,25000,Bengaluru,Debit Card,2025-12-14,1
7164,5194,Avi Mahal,Phone,Electronics,2,25000,50000,Hyderabad,Credit Card,2025-10-31,3
7165,8590,Janaki Sachdev,Phone,Electronics,4,25000,100000,Ahmedabad,Cash on Delivery,2026-06-01,6
7166,4484,Darsh Arora,Headphones,Electronics,4,3000,12000,Pune,Credit Card,2025-10-25,4
7167,9716,Triya Subramaniam,T-Shirt,Fashion,3,800,2400,Kolkata,Debit Card,2026-02-18,1
7168,1148,Meera Khurana,Phone,Electronics,1,25000,25000,Pune,Net Banking,2026-07-26,4
7169,1016,Kiaan Baral,Headphones,Electronics,3,3000,9000,Kolkata,Cash on Delivery,2026-02-26,1
7170,9355,Saksham Gola,Shoes,Fashion,2,2500,5000,Delhi,Cash on Delivery,2026-04-02,1
7171,1577,Aahana Manda,Desk,Furniture,5,7000,35000,Kolkata,Debit Card,2025-09-05,4
7172,9151,Forum Dubey,Phone,Electronics,4,25000,100000,Pune,Cash on Delivery,2026-07-08,2
7173,8527,Neelima Kunda,T-Shirt,Fashion,1,800,800,Mumbai,Credit Card,2026-01-25,3
7174,7390,Gaurav Dyal,T-Shirt,Fashion,3,800,2400,Chennai,Net Banking,2025-10-15,6
7175,4572,Jai Bassi,T-Shirt,Fashion,1,800,800,Bengaluru,Debit Card,2026-04-03,7
7176,7090,Mohini Ghosh,Phone,Electronics,5,25000,125000,Bengaluru,Debit Card,2026-06-23,3
7177,9021,Balvan Aggarwal,Headphones,Electronics,4,3000,12000,Hyderabad,Debit Card,2025-08-13,6
7178,2533,Yochana Parsa,Laptop,Electronics,5,65000,325000,Delhi,Cash on Delivery,2025-10-23,2
7179,5874,Onveer Dara,Headphones,Electronics,2,3000,6000,Kolkata,Cash on Delivery,2026-03-01,3
7180,2179,Aarav Gaba,Desk,Furniture,4,7000,28000,Bengaluru,Cash on Delivery,2026-03-12,1
7181,4352,Meera Bhattacharyya,Phone,Electronics,5,25000,125000,Chennai,Credit Card,2026-07-08,1
7182,3884,Rajeshri Toor,T-Shirt,Fashion,4,800,3200,Kolkata,Debit Card,2026-05-20,4
7183,4653,Vidhi Anand,Shoes,Fashion,3,2500,7500,Delhi,Net Banking,2025-08-25,3
7184,6519,Pratyush Panchal,Laptop,Electronics,5,65000,325000,Chennai,Cash on Delivery,2025-10-13,2
7185,7453,Baghyawati Sabharwal,Bottle,Home,1,600,600,Hyderabad,Cash on Delivery,2026-02-21,2
7186,1881,Ayushman Nadig,Shoes,Fashion,1,2500,2500,Ahmedabad,UPI,2026-08-05,4
7187,9362,Arunima Warrior,Phone,Electronics,4,25000,100000,Kolkata,UPI,2025-12-26,7
7188,2771,Neha Memon,Phone,Electronics,5,25000,125000,Mumbai,Credit Card,2026-01-06,6
7189,8805,Wriddhish Bedi,Shoes,Fashion,2,2500,5000,Hyderabad,Net Banking,2025-09-16,4
7190,8909,Joshua Salvi,Phone,Electronics,2,25000,50000,Bengaluru,Net Banking,2026-03-09,3
7191,7431,Vrinda Mander,Headphones,Electronics,5,3000,15000,Kolkata,Cash on Delivery,2025-12-23,4
7192,6907,Nikita Sahota,Shoes,Fashion,3,2500,7500,Pune,Net Banking,2025-11-08,5
7193,8769,Siddharth Lala,Headphones,Electronics,1,3000,3000,Mumbai,Credit Card,2025-08-10,6
7194,7294,Gopal Ranganathan,Headphones,Electronics,5,3000,15000,Mumbai,Debit Card,2026-04-24,3
7195,8835,Rishi Kadakia,Shoes,Fashion,2,2500,5000,Delhi,UPI,2026-05-15,6
7196,4553,Ranbir Saha,Phone,Electronics,2,25000,50000,Mumbai,Credit Card,2026-06-17,2
7197,4195,Abha Bhatt,Phone,Electronics,5,25000,125000,Kolkata,Debit Card,2025-12-17,4
7198,5091,Charan Palla,Laptop,Electronics,1,65000,65000,Chennai,Net Banking,2026-07-23,7
7199,6893,Ekta Devan,Headphones,Electronics,1,3000,3000,Kolkata,Cash on Delivery,2026-03-21,1
7200,2104,Oliver Bains,Shoes,Fashion,5,2500,12500,Pune,Credit Card,2026-07-09,6
7201,2034,Bahadurjit Raju,Shoes,Fashion,3,2500,7500,Ahmedabad,Cash on Delivery,2025-11-11,7
7202,6973,Aayush Choudhury,Laptop,Electronics,4,65000,260000,Ahmedabad,Net Banking,2025-09-03,5
7203,7039,Harini Chandra,Phone,Electronics,2,25000,50000,Ahmedabad,Credit Card,2025-08-08,6
7204,9032,Charvi Char,Headphones,Electronics,5,3000,15000,Delhi,Cash on Delivery,2026-03-18,2
7205,3422,Anirudh Bhat,Laptop,Electronics,2,65000,130000,Bengaluru,Net Banking,2025-11-26,2
7206,3354,Kiaan Bassi,T-Shirt,Fashion,3,800,2400,Kolkata,Net Banking,2025-09-29,5
7207,4176,Reva Deshmukh,Headphones,Electronics,3,3000,9000,Ahmedabad,Net Banking,2025-09-02,6
7208,3566,Hemal Kala,Headphones,Electronics,4,3000,12000,Chennai,Net Banking,2026-06-25,6
7209,5359,Shravya Agate,Phone,Electronics,4,25000,100000,Chennai,Debit Card,2026-06-24,6
7210,8452,Karan Chakrabarti,Phone,Electronics,1,25000,25000,Bengaluru,Net Banking,2026-01-26,2
7211,3013,Divya Balasubramanian,Phone,Electronics,1,25000,25000,Ahmedabad,UPI,2025-10-08,5
7212,8867,Vedhika Shankar,Headphones,Electronics,5,3000,15000,Ahmedabad,Cash on Delivery,2026-05-02,6
7213,1418,Maanas Pandya,Phone,Electronics,3,25000,75000,Ahmedabad,Net Banking,2025-12-20,1
7214,9679,Urmi Minhas,Shoes,Fashion,3,2500,7500,Delhi,UPI,2026-05-18,1
7215,7888,Udarsh Sehgal,Headphones,Electronics,5,3000,15000,Kolkata,Net Banking,2026-02-11,4
7216,5155,Vaishnavi Nath,T-Shirt,Fashion,3,800,2400,Kolkata,Cash on Delivery,2025-12-12,1
7217,9706,Hitesh Batta,Headphones,Electronics,4,3000,12000,Chennai,Cash on Delivery,2025-12-26,2
7218,7367,Inaya Chopra,T-Shirt,Fashion,3,800,2400,Ahmedabad,Credit Card,2026-03-01,2
7219,8252,Kavya Pai,Phone,Electronics,4,25000,100000,Pune,Net Banking,2025-08-21,4
7220,8856,George Sunder,Chair,Furniture,2,4000,8000,Bengaluru,Credit Card,2026-01-12,7
7221,3789,Rachita Panchal,Watch,Accessories,4,5000,20000,Mumbai,Net Banking,2026-07-06,1
7222,4581,Charan Narasimhan,Phone,Electronics,2,25000,50000,Kolkata,Debit Card,2026-04-04,2
7223,5012,Shivani Kota,Headphones,Electronics,4,3000,12000,Pune,Debit Card,2026-04-03,1
7224,2889,Warda Nadig,Phone,Electronics,2,25000,50000,Pune,UPI,2026-08-02,3
7225,5136,Manbir Chacko,Book,Books,1,500,500,Kolkata,Credit Card,2026-07-31,7
7226,8834,Edhitha Mukherjee,Headphones,Electronics,5,3000,15000,Chennai,Credit Card,2026-07-10,5
7227,8975,Bachittar Kibe,Laptop,Electronics,3,65000,195000,Kolkata,Credit Card,2026-06-07,4
7228,9726,Bina Chaudhry,Phone,Electronics,5,25000,125000,Ahmedabad,Net Banking,2026-02-25,1
7229,8193,Anika Kadakia,Shoes,Fashion,1,2500,2500,Pune,Cash on Delivery,2025-09-21,6
7230,6977,Jason Kar,Phone,Electronics,4,25000,100000,Hyderabad,Net Banking,2025-10-22,4
7231,6735,Ishanvi Chokshi,Shoes,Fashion,5,2500,12500,Kolkata,Debit Card,2026-02-18,5
7232,6934,Benjamin Nadig,Shoes,Fashion,3,2500,7500,Kolkata,UPI,2025-08-25,2
7233,9769,Wyatt Brahmbhatt,Phone,Electronics,5,25000,125000,Pune,Debit Card,2026-03-29,3
7234,7394,Pallavi Tata,Chair,Furniture,5,4000,20000,Mumbai,Cash on Delivery,2026-05-18,2
7235,3966,Osha Prakash,T-Shirt,Fashion,3,800,2400,Ahmedabad,Cash on Delivery,2026-07-29,3
7236,5549,Ekantika Pal,Headphones,Electronics,4,3000,12000,Hyderabad,Cash on Delivery,2026-04-20,6
7237,4641,Benjamin Trivedi,Phone,Electronics,2,25000,50000,Pune,Net Banking,2025-12-19,4
7238,2191,Libni Oza,Headphones,Electronics,4,3000,12000,Mumbai,Net Banking,2025-12-03,7
7239,8685,Sanaya Ravel,Headphones,Electronics,5,3000,15000,Ahmedabad,Debit Card,2026-06-26,4
7240,4619,Chanakya Sandhu,Headphones,Electronics,5,3000,15000,Bengaluru,Credit Card,2025-10-11,7
7241,1978,Mohammed Som,Headphones,Electronics,1,3000,3000,Ahmedabad,Net Banking,2026-07-01,1
7242,2856,Manbir Pathak,Phone,Electronics,3,25000,75000,Kolkata,Credit Card,2025-10-21,4
7243,5659,Reva Kulkarni,Phone,Electronics,3,25000,75000,Delhi,Debit Card,2026-06-28,6
7244,4671,Aadi Seth,Headphones,Electronics,5,3000,15000,Pune,Debit Card,2025-11-29,2
7245,8689,Dayamai Samra,Phone,Electronics,2,25000,50000,Mumbai,Credit Card,2026-06-05,2
7246,1906,Urishilla Bahl,Shoes,Fashion,2,2500,5000,Chennai,Debit Card,2026-06-17,2
7247,7036,Faris Sidhu,Phone,Electronics,2,25000,50000,Kolkata,Debit Card,2026-02-21,7
7248,1329,Odika Kara,Headphones,Electronics,5,3000,15000,Chennai,Credit Card,2026-02-11,5
7249,7608,Omya Ravi,Phone,Electronics,1,25000,25000,Delhi,Net Banking,2026-01-24,4
7250,8711,Irya Sankar,Headphones,Electronics,3,3000,9000,Bengaluru,Cash on Delivery,2026-02-15,2
7251,5055,Manan Pradhan,Headphones,Electronics,4,3000,12000,Delhi,Net Banking,2026-03-01,4
7252,9445,Chaaya Barad,Headphones,Electronics,5,3000,15000,Hyderabad,Cash on Delivery,2026-07-17,7
7253,9184,Saksham Patil,Phone,Electronics,1,25000,25000,Kolkata,Net Banking,2025-08-26,7
7254,1182,Nimrat Natarajan,Phone,Electronics,3,25000,75000,Delhi,Debit Card,2026-01-01,3
7255,8269,Robert Munshi,Bottle,Home,1,600,600,Bengaluru,Net Banking,2025-09-13,4
7256,1445,Chandran Sinha,Phone,Electronics,5,25000,125000,Mumbai,UPI,2025-09-22,4
7257,3417,Sanya Vasa,Shoes,Fashion,2,2500,5000,Chennai,Debit Card,2026-06-12,2
7258,6662,Varenya Venkataraman,Headphones,Electronics,2,3000,6000,Pune,Cash on Delivery,2025-09-07,2
7259,5985,Veer Kant,Laptop,Electronics,5,65000,325000,Mumbai,Debit Card,2026-05-20,4
7260,8517,Vedhika Prakash,Headphones,Electronics,1,3000,3000,Kolkata,Debit Card,2025-09-14,2
7261,3696,Nidra Varkey,Headphones,Electronics,4,3000,12000,Pune,Debit Card,2025-12-13,5
7262,8542,Lipika Vora,Laptop,Electronics,5,65000,325000,Delhi,Net Banking,2026-01-25,6
7263,9107,Ekaraj Sane,Headphones,Electronics,1,3000,3000,Ahmedabad,Debit Card,2026-05-15,7
7264,1036,Thomas Chad,Phone,Electronics,5,25000,125000,Ahmedabad,Credit Card,2026-06-18,6
7265,8818,Radha Chaudhari,Phone,Electronics,5,25000,125000,Bengaluru,Cash on Delivery,2026-05-15,5
7266,7077,Ira Seth,Phone,Electronics,5,25000,125000,Delhi,Cash on Delivery,2025-12-25,6
7267,6721,Manthan Bir,Shoes,Fashion,1,2500,2500,Mumbai,Credit Card,2026-06-23,7
7268,7806,Ubika Tripathi,Laptop,Electronics,5,65000,325000,Kolkata,Credit Card,2026-04-15,1
7269,2749,Peter Kar,T-Shirt,Fashion,5,800,4000,Ahmedabad,Cash on Delivery,2025-09-05,5
7270,1460,Aarav Boase,Phone,Electronics,4,25000,100000,Bengaluru,Cash on Delivery,2026-07-03,7
7271,4676,Rachita Ghose,Desk,Furniture,3,7000,21000,Kolkata,Net Banking,2025-12-07,7
7272,2829,Fiyaz Ratti,Headphones,Electronics,2,3000,6000,Pune,Net Banking,2026-07-19,2
7273,8751,Yuvraj Kohli,Phone,Electronics,2,25000,50000,Mumbai,Cash on Delivery,2025-10-10,2
7274,4149,Gautami Sidhu,Laptop,Electronics,4,65000,260000,Delhi,Net Banking,2025-11-11,3
7275,7684,Eshana Sabharwal,Headphones,Electronics,1,3000,3000,Pune,Net Banking,2025-11-09,2
7276,9452,Balendra Nagy,Chair,Furniture,4,4000,16000,Mumbai,Cash on Delivery,2026-02-02,4
7277,7466,Yashasvi Chaudhuri,Phone,Electronics,5,25000,125000,Chennai,Debit Card,2025-12-05,6
7278,8779,Advik Singhal,Headphones,Electronics,4,3000,12000,Kolkata,Debit Card,2026-05-05,3
7279,4989,Atharv Ravi,Headphones,Electronics,4,3000,12000,Ahmedabad,Debit Card,2026-06-25,1
7280,8240,Harshil Mohanty,T-Shirt,Fashion,3,800,2400,Kolkata,Credit Card,2026-04-17,3
7281,1640,Bhavini Sastry,Chair,Furniture,3,4000,12000,Bengaluru,Debit Card,2026-01-12,6
7282,9227,Liam Kaul,T-Shirt,Fashion,5,800,4000,Mumbai,UPI,2025-10-17,6
7283,6330,Laksh Yohannan,Headphones,Electronics,3,3000,9000,Kolkata,Credit Card,2025-10-01,2
7284,5783,Rachana Dube,Phone,Electronics,5,25000,125000,Ahmedabad,Cash on Delivery,2026-04-26,6
7285,1348,Elijah Rout,Phone,Electronics,5,25000,125000,Bengaluru,Debit Card,2025-11-26,1
7286,2403,Nathan Dora,Laptop,Electronics,3,65000,195000,Ahmedabad,UPI,2026-04-03,7
7287,5009,Ikbal Deo,Headphones,Electronics,3,3000,9000,Mumbai,Cash on Delivery,2026-01-07,4
7288,8014,Jagdish Chhabra,Laptop,Electronics,1,65000,65000,Mumbai,UPI,2026-05-13,3
7289,8155,Ria Nanda,Shoes,Fashion,4,2500,10000,Mumbai,Credit Card,2026-04-28,6
7290,8216,Nandini Gulati,Phone,Electronics,3,25000,75000,Ahmedabad,UPI,2026-01-19,1
7291,6500,Bhanumati Koshy,Laptop,Electronics,3,65000,195000,Pune,UPI,2026-07-13,6
7292,3131,Isaac Dhillon,Headphones,Electronics,2,3000,6000,Kolkata,UPI,2026-01-08,4
7293,1608,Dalaja Sha,Watch,Accessories,5,5000,25000,Chennai,Debit Card,2025-09-02,5
7294,4964,Irya Nath,T-Shirt,Fashion,5,800,4000,Ahmedabad,Cash on Delivery,2026-02-15,6
7295,1667,Edhitha Bansal,Phone,Electronics,5,25000,125000,Hyderabad,Cash on Delivery,2026-05-20,2
7296,5798,Ranveer Shukla,Headphones,Electronics,4,3000,12000,Kolkata,Credit Card,2025-12-21,7
7297,6328,Chaman Ratti,Phone,Electronics,3,25000,75000,Mumbai,Cash on Delivery,2026-05-06,1
7298,4861,Dayamai Gupta,Headphones,Electronics,2,3000,6000,Ahmedabad,UPI,2025-08-16,7
7299,4014,Wriddhish Bhatti,T-Shirt,Fashion,3,800,2400,Pune,Debit Card,2026-03-09,6
7300,7667,Onveer Dhingra,Shoes,Fashion,5,2500,12500,Chennai,Credit Card,2026-06-12,6
7301,1571,Indali Jha,Shoes,Fashion,1,2500,2500,Pune,Debit Card,2025-10-07,2
7302,1297,Orinder Kala,Headphones,Electronics,5,3000,15000,Pune,Net Banking,2026-07-04,7
7303,9123,Harinakshi Jayaraman,T-Shirt,Fashion,4,800,3200,Bengaluru,Debit Card,2025-12-24,1
7304,7168,Harish Wali,Phone,Electronics,5,25000,125000,Mumbai,Cash on Delivery,2026-06-08,1
7305,8337,Eiravati Gour,Headphones,Electronics,5,3000,15000,Hyderabad,UPI,2026-04-13,4
7306,9209,Liam Das,T-Shirt,Fashion,5,800,4000,Mumbai,Cash on Delivery,2026-08-03,4
7307,2681,Daksha Chanda,Chair,Furniture,5,4000,20000,Hyderabad,UPI,2026-01-21,2
7308,5817,Ishaan Sastry,Watch,Accessories,5,5000,25000,Chennai,Net Banking,2026-01-08,1
7309,2571,Wakeeta Oza,Shoes,Fashion,5,2500,12500,Ahmedabad,UPI,2026-06-06,1
7310,5278,Sai Dara,Phone,Electronics,3,25000,75000,Chennai,Cash on Delivery,2026-03-13,2
7311,2830,Yuvraj Sridhar,Phone,Electronics,2,25000,50000,Bengaluru,Debit Card,2025-10-31,2
7312,8231,Falguni Khosla,Headphones,Electronics,2,3000,6000,Chennai,Net Banking,2026-04-04,5
7313,3650,Rehaan Narayan,Headphones,Electronics,2,3000,6000,Ahmedabad,Cash on Delivery,2025-09-26,7
7314,6063,Ekaraj Nadkarni,Shoes,Fashion,5,2500,12500,Kolkata,Debit Card,2026-05-08,3
7315,9283,Yashodhara Pandya,Laptop,Electronics,1,65000,65000,Kolkata,UPI,2026-02-10,4
7316,2467,Kevin Kumar,Book,Books,2,500,1000,Ahmedabad,Cash on Delivery,2026-02-23,1
7317,5550,Unnati Aurora,Desk,Furniture,1,7000,7000,Bengaluru,Cash on Delivery,2026-06-13,7
7318,8336,Qasim Ganesan,Laptop,Electronics,3,65000,195000,Mumbai,Cash on Delivery,2026-04-15,3
7319,5300,Saksham Choudhary,Laptop,Electronics,3,65000,195000,Mumbai,Debit Card,2026-06-23,2
7320,6652,Manan Som,Headphones,Electronics,3,3000,9000,Bengaluru,Net Banking,2025-12-06,7
7321,5682,Yadavi Prabhu,Headphones,Electronics,5,3000,15000,Ahmedabad,Debit Card,2026-04-26,1
7322,2876,Vyanjana Bhardwaj,Shoes,Fashion,5,2500,12500,Hyderabad,Cash on Delivery,2025-09-06,5
7323,9290,Urvi Gara,Laptop,Electronics,5,65000,325000,Kolkata,Cash on Delivery,2026-05-25,2
7324,9971,Zarna Pant,Laptop,Electronics,2,65000,130000,Hyderabad,Cash on Delivery,2026-03-10,2
7325,3699,Nakul Konda,Headphones,Electronics,3,3000,9000,Pune,Credit Card,2025-09-04,7
7326,1039,Kashish Rattan,Headphones,Electronics,4,3000,12000,Kolkata,Debit Card,2025-10-03,6
7327,8152,Imaran Gade,Shoes,Fashion,3,2500,7500,Pune,Debit Card,2026-02-10,1
7328,3031,Chandran Mallick,T-Shirt,Fashion,4,800,3200,Hyderabad,Debit Card,2025-09-28,2
7329,6787,Upasna Mane,Phone,Electronics,3,25000,75000,Ahmedabad,Cash on Delivery,2025-08-17,1
7330,8049,Kalpit Tella,Headphones,Electronics,2,3000,6000,Bengaluru,UPI,2026-05-26,2
7331,6899,Farhan Tata,Headphones,Electronics,1,3000,3000,Ahmedabad,UPI,2025-09-16,7
7332,5475,Charan Walla,Laptop,Electronics,3,65000,195000,Bengaluru,Debit Card,2025-08-25,7
7333,6558,Vinaya Gokhale,Phone,Electronics,4,25000,100000,Delhi,Debit Card,2025-12-02,4
7334,2011,Saksham Bassi,Book,Books,5,500,2500,Pune,Net Banking,2026-02-14,2
7335,3561,Janani Naidu,Shoes,Fashion,4,2500,10000,Kolkata,UPI,2025-08-18,2
7336,6027,Abdul Dhingra,Phone,Electronics,2,25000,50000,Delhi,Credit Card,2026-06-30,6
7337,9675,Samesh Dhar,Shoes,Fashion,4,2500,10000,Mumbai,Credit Card,2025-11-15,2
7338,8394,Upma Zacharia,Headphones,Electronics,2,3000,6000,Hyderabad,Credit Card,2026-05-20,2
7339,8353,Viraj Krish,Watch,Accessories,2,5000,10000,Kolkata,Cash on Delivery,2026-06-11,4
7340,6500,Raghav Kohli,Phone,Electronics,5,25000,125000,Mumbai,Net Banking,2026-03-02,6
7341,9805,Aahana Comar,T-Shirt,Fashion,4,800,3200,Kolkata,Cash on Delivery,2026-03-02,7
7342,5743,Krishna Dhingra,Phone,Electronics,2,25000,50000,Pune,Net Banking,2025-12-13,5
7343,4297,Joshua Bandi,Phone,Electronics,1,25000,25000,Chennai,Cash on Delivery,2026-04-20,3
7344,3572,Ansh Bhattacharyya,Shoes,Fashion,4,2500,10000,Chennai,Cash on Delivery,2025-11-09,5
7345,1074,Vinaya Memon,Phone,Electronics,5,25000,125000,Ahmedabad,Credit Card,2026-07-20,4
7346,9214,Ucchal Madan,Shoes,Fashion,4,2500,10000,Hyderabad,Credit Card,2026-08-05,1
7347,3022,Aadi Chowdhury,Phone,Electronics,4,25000,100000,Hyderabad,UPI,2025-12-27,4
7348,6595,Yamini Saini,Headphones,Electronics,1,3000,3000,Hyderabad,Debit Card,2025-08-19,1
7349,9749,Krish Varughese,Book,Books,5,500,2500,Hyderabad,Credit Card,2026-03-14,2
7350,2570,Kiaan Parekh,Phone,Electronics,3,25000,75000,Delhi,UPI,2025-09-11,4
7351,1185,Eesha Kanda,Headphones,Electronics,5,3000,15000,Bengaluru,Credit Card,2025-10-10,4
7352,2953,Kamya Varma,Phone,Electronics,1,25000,25000,Hyderabad,Net Banking,2026-03-28,5
7353,6986,Praneel Chokshi,T-Shirt,Fashion,5,800,4000,Hyderabad,UPI,2025-09-15,1
7354,8930,Guneet Gala,Phone,Electronics,2,25000,50000,Mumbai,Debit Card,2025-09-05,4
7355,6202,George Borde,Phone,Electronics,1,25000,25000,Mumbai,UPI,2026-06-19,6
7356,1201,Benjamin Babu,Phone,Electronics,4,25000,100000,Chennai,Credit Card,2026-07-06,2
7357,1976,Lajita Kalla,Shoes,Fashion,3,2500,7500,Pune,Cash on Delivery,2025-12-12,1
7358,3860,Dhruv Menon,Chair,Furniture,4,4000,16000,Bengaluru,Debit Card,2026-04-26,7
7359,3159,Keya Soni,Chair,Furniture,5,4000,20000,Bengaluru,Debit Card,2026-05-04,1
7360,3398,Anirudh Buch,Shoes,Fashion,5,2500,12500,Chennai,UPI,2026-02-10,7
7361,1706,Guneet Mutti,T-Shirt,Fashion,3,800,2400,Chennai,Credit Card,2026-01-04,1
7362,1543,Gopal Sama,Laptop,Electronics,3,65000,195000,Mumbai,Debit Card,2026-06-13,7
7363,9133,Urishilla Bera,Headphones,Electronics,5,3000,15000,Delhi,Cash on Delivery,2025-09-05,2
7364,2053,Owen Aurora,Shoes,Fashion,5,2500,12500,Delhi,Net Banking,2026-05-31,5
7365,4013,Nimrat Rau,Headphones,Electronics,3,3000,9000,Chennai,Net Banking,2026-04-30,4
7366,1812,Zarna Dhar,Headphones,Electronics,3,3000,9000,Hyderabad,Cash on Delivery,2025-12-19,5
7367,3686,Kritika Pall,Laptop,Electronics,4,65000,260000,Mumbai,Debit Card,2026-07-30,1
7368,8717,Wridesh Chowdhury,Headphones,Electronics,2,3000,6000,Hyderabad,UPI,2025-09-04,5
7369,2355,Logan Sundaram,Shoes,Fashion,4,2500,10000,Pune,Credit Card,2025-08-15,5
7370,1164,Netra Salvi,Laptop,Electronics,5,65000,325000,Bengaluru,UPI,2025-12-06,1
7371,3901,Waida Mukherjee,Phone,Electronics,4,25000,100000,Chennai,UPI,2026-03-05,4
7372,5661,Rudra Dora,Laptop,Electronics,2,65000,130000,Kolkata,Debit Card,2025-11-06,5
7373,9575,Ekalinga Oza,T-Shirt,Fashion,4,800,3200,Bengaluru,UPI,2025-09-16,2
7374,9731,Lekha Chanda,Phone,Electronics,2,25000,50000,Mumbai,Debit Card,2026-04-21,2
7375,3833,Ansh Bhasin,Phone,Electronics,2,25000,50000,Bengaluru,Net Banking,2026-02-05,4
7376,6373,Udarsh Prakash,Shoes,Fashion,2,2500,5000,Pune,UPI,2026-06-03,1
7377,5845,Pranav Keer,Phone,Electronics,2,25000,50000,Kolkata,Debit Card,2026-07-08,3
7378,9288,Aadhya Bera,Phone,Electronics,1,25000,25000,Chennai,Debit Card,2026-05-26,3
7379,9946,Neha Setty,Shoes,Fashion,4,2500,10000,Delhi,UPI,2025-10-17,4
7380,3845,Jason Yogi,T-Shirt,Fashion,5,800,4000,Pune,Cash on Delivery,2026-05-01,2
7381,9572,Varenya Sarna,Phone,Electronics,5,25000,125000,Hyderabad,Cash on Delivery,2025-10-27,7
7382,1279,Gabriel Tak,Phone,Electronics,3,25000,75000,Pune,Debit Card,2026-07-11,5
7383,6912,Praneel Chokshi,Phone,Electronics,4,25000,100000,Delhi,UPI,2026-04-12,7
7384,1513,Omkaar Patel,Shoes,Fashion,4,2500,10000,Delhi,Credit Card,2025-09-23,1
7385,2556,Harish Thaker,Headphones,Electronics,2,3000,6000,Mumbai,Credit Card,2025-09-12,7
7386,9197,Adweta Madan,Phone,Electronics,5,25000,125000,Delhi,Debit Card,2025-08-13,2
7387,7140,Lucky Sodhi,Phone,Electronics,1,25000,25000,Chennai,Net Banking,2026-02-04,4
7388,1798,Ubika Narayan,Phone,Electronics,1,25000,25000,Mumbai,Debit Card,2026-01-18,4
7389,4275,Urvashi Padmanabhan,Laptop,Electronics,5,65000,325000,Hyderabad,Debit Card,2025-10-21,2
7390,3725,Manthan Chaudhary,Laptop,Electronics,4,65000,260000,Bengaluru,Cash on Delivery,2026-04-01,1
7391,2265,Aachal Mangat,Shoes,Fashion,2,2500,5000,Chennai,Debit Card,2026-05-12,2
7392,4714,Oscar Nayar,T-Shirt,Fashion,4,800,3200,Hyderabad,UPI,2025-12-11,4
7393,3558,Warjas Kata,Laptop,Electronics,1,65000,65000,Hyderabad,UPI,2025-08-27,1
7394,8354,Rehaan Parsa,Laptop,Electronics,1,65000,65000,Mumbai,Net Banking,2026-02-17,7
7395,8620,Eshana Bandi,Headphones,Electronics,3,3000,9000,Pune,UPI,2025-12-08,3
7396,6930,Yash Bhattacharyya,T-Shirt,Fashion,5,800,4000,Delhi,Net Banking,2026-04-27,1
7397,1093,Ansh Sami,Headphones,Electronics,1,3000,3000,Ahmedabad,Cash on Delivery,2025-09-14,7
7398,6867,Advaith Bassi,Headphones,Electronics,2,3000,6000,Bengaluru,Cash on Delivery,2025-12-30,2
7399,2425,Mason Toor,Phone,Electronics,3,25000,75000,Kolkata,Cash on Delivery,2025-10-14,2
7400,2792,Vasana Babu,Phone,Electronics,3,25000,75000,Hyderabad,UPI,2025-12-02,2
7401,7166,Aarnav Sood,Shoes,Fashion,5,2500,12500,Kolkata,UPI,2025-08-26,1
7402,7937,Zaid Dube,Phone,Electronics,3,25000,75000,Delhi,Credit Card,2026-01-29,3
7403,7001,Aryan Mukhopadhyay,Headphones,Electronics,2,3000,6000,Kolkata,Cash on Delivery,2026-04-27,4
7404,1718,Amaira Rajagopalan,Phone,Electronics,3,25000,75000,Ahmedabad,Cash on Delivery,2026-02-13,1
7405,3476,Megha Din,Headphones,Electronics,2,3000,6000,Bengaluru,Cash on Delivery,2026-04-30,7
7406,9080,Nitara Bains,Shoes,Fashion,5,2500,12500,Ahmedabad,Credit Card,2026-05-21,4
7407,9633,Hemangini Kalla,Bottle,Home,3,600,1800,Kolkata,Net Banking,2026-06-22,5
7408,2889,Sachi Sagar,Shoes,Fashion,5,2500,12500,Chennai,Net Banking,2025-08-31,7
7409,2734,Oscar Sundaram,Phone,Electronics,4,25000,100000,Ahmedabad,UPI,2026-05-19,1
7410,5310,Vrishti Puri,Laptop,Electronics,2,65000,130000,Mumbai,Credit Card,2026-02-22,3
7411,6107,Hema Choudhry,Shoes,Fashion,5,2500,12500,Ahmedabad,Debit Card,2025-10-15,4
7412,4340,Yashvi Mani,Headphones,Electronics,1,3000,3000,Kolkata,UPI,2026-04-19,6
7413,2514,Kalpit Khare,Headphones,Electronics,3,3000,9000,Delhi,Cash on Delivery,2025-10-25,4
7414,6201,Oni Reddy,Headphones,Electronics,3,3000,9000,Delhi,Net Banking,2026-02-28,3
7415,4146,Indira Saraf,Headphones,Electronics,1,3000,3000,Pune,UPI,2026-01-22,1
7416,9076,Daksh Sekhon,Shoes,Fashion,1,2500,2500,Chennai,UPI,2026-01-23,4
7417,4379,Varenya Buch,Laptop,Electronics,1,65000,65000,Delhi,UPI,2026-05-01,1
7418,4493,Frederick Roy,Shoes,Fashion,4,2500,10000,Hyderabad,UPI,2026-01-09,6
7419,8455,Yoshita Bahl,Chair,Furniture,1,4000,4000,Bengaluru,UPI,2026-06-02,2
7420,7237,Kalpit Patel,Chair,Furniture,4,4000,16000,Ahmedabad,Cash on Delivery,2026-05-03,3
7421,2045,Amol Mohanty,Laptop,Electronics,1,65000,65000,Ahmedabad,Debit Card,2025-12-10,7
7422,1937,Sudiksha Kumar,Phone,Electronics,4,25000,100000,Kolkata,Net Banking,2026-02-13,7
7423,2230,Kala Zachariah,Chair,Furniture,3,4000,12000,Mumbai,Cash on Delivery,2026-07-01,7
7424,3826,Balhaar Wason,Phone,Electronics,3,25000,75000,Pune,UPI,2026-06-28,7
7425,6195,Wazir Samra,Phone,Electronics,4,25000,100000,Pune,Cash on Delivery,2026-02-28,4
7426,3389,Christopher Karnik,Phone,Electronics,5,25000,125000,Bengaluru,Credit Card,2025-12-02,7
7427,5814,Charan Pau,Laptop,Electronics,4,65000,260000,Bengaluru,UPI,2026-06-24,7
7428,5287,Chanchal Mane,Laptop,Electronics,5,65000,325000,Chennai,UPI,2026-05-01,2
7429,6696,Anmol Agate,Headphones,Electronics,5,3000,15000,Mumbai,Debit Card,2025-12-14,5
7430,7923,Yoshita Mohanty,Phone,Electronics,3,25000,75000,Chennai,Debit Card,2026-01-09,2
7431,5696,Zayan Krishna,Laptop,Electronics,4,65000,260000,Chennai,Debit Card,2026-03-19,3
7432,2614,Saksham Kara,Phone,Electronics,2,25000,50000,Chennai,Debit Card,2026-04-30,5
7433,8047,Naveen Choudhury,T-Shirt,Fashion,1,800,800,Delhi,Debit Card,2026-07-26,6
7434,2574,Bahadurjit Seshadri,T-Shirt,Fashion,1,800,800,Hyderabad,Cash on Delivery,2026-05-15,6
7435,5761,Qabil Kapadia,Phone,Electronics,2,25000,50000,Chennai,Credit Card,2026-05-24,6
7436,9132,Vrinda Sahota,Phone,Electronics,1,25000,25000,Delhi,Cash on Delivery,2026-01-24,5
7437,8419,George Mall,Headphones,Electronics,3,3000,9000,Chennai,UPI,2026-03-18,1
7438,4726,Prisha Manne,Headphones,Electronics,5,3000,15000,Delhi,Debit Card,2026-01-13,1
7439,5559,Nisha Ramachandran,Shoes,Fashion,3,2500,7500,Pune,Cash on Delivery,2026-02-07,3
7440,4901,Vivaan Lall,T-Shirt,Fashion,2,800,1600,Pune,Credit Card,2025-12-30,3
7441,8680,Omya Bali,Bottle,Home,5,600,3000,Hyderabad,Cash on Delivery,2025-08-12,7
7442,2536,Barkha Raj,Shoes,Fashion,1,2500,2500,Chennai,Net Banking,2026-01-01,7
7443,4955,Jason Khurana,Phone,Electronics,3,25000,75000,Mumbai,Cash on Delivery,2025-12-13,7
7444,5163,Gavin Deep,Watch,Accessories,1,5000,5000,Delhi,Net Banking,2026-07-10,2
7445,2893,Samuel Maharaj,Headphones,Electronics,1,3000,3000,Ahmedabad,Net Banking,2026-07-28,4
7446,5401,Baljiwan Mall,Headphones,Electronics,4,3000,12000,Delhi,Net Banking,2026-04-28,3
7447,6366,Ekta Vasa,Phone,Electronics,1,25000,25000,Ahmedabad,UPI,2026-07-26,5
7448,3509,Vedant Balakrishnan,Phone,Electronics,5,25000,125000,Mumbai,Net Banking,2025-09-15,3
7449,7399,Amol Chowdhury,Headphones,Electronics,2,3000,6000,Chennai,Net Banking,2025-09-08,1
7450,3816,Wishi Apte,Phone,Electronics,2,25000,50000,Pune,UPI,2026-04-22,4
7451,2480,Rajeshri Kalla,Desk,Furniture,1,7000,7000,Ahmedabad,Debit Card,2025-12-26,1
7452,3908,Tanvi Magar,T-Shirt,Fashion,4,800,3200,Kolkata,Net Banking,2026-01-29,6
7453,1424,Raghav Mammen,Watch,Accessories,5,5000,25000,Delhi,Cash on Delivery,2025-08-11,5
7454,3010,Radhika Karpe,T-Shirt,Fashion,1,800,800,Bengaluru,UPI,2026-03-05,4
7455,3286,Theodore Kadakia,Desk,Furniture,3,7000,21000,Bengaluru,Credit Card,2026-04-23,2
7456,4037,William Peri,Phone,Electronics,1,25000,25000,Ahmedabad,Cash on Delivery,2026-07-15,4
7457,1037,Bina Sampath,Headphones,Electronics,3,3000,9000,Hyderabad,Net Banking,2026-05-07,7
7458,3019,Yutika Desai,Phone,Electronics,4,25000,100000,Chennai,Credit Card,2026-03-01,6
7459,5279,Kritika Vora,Headphones,Electronics,1,3000,3000,Mumbai,Credit Card,2026-05-22,3
7460,9102,Veda Sengupta,T-Shirt,Fashion,4,800,3200,Hyderabad,Credit Card,2026-07-19,2
7461,4809,Nachiket Uppal,Phone,Electronics,4,25000,100000,Kolkata,Debit Card,2026-05-30,2
7462,6071,Falguni Kadakia,Book,Books,1,500,500,Bengaluru,UPI,2025-12-25,5
7463,8197,Wridesh Mahal,Phone,Electronics,1,25000,25000,Hyderabad,Cash on Delivery,2025-12-09,3
7464,8460,Vyanjana Gandhi,Phone,Electronics,5,25000,125000,Mumbai,Net Banking,2025-12-21,6
7465,6609,Qushi Dora,Shoes,Fashion,2,2500,5000,Delhi,Debit Card,2026-02-18,5
7466,4706,Kritika Yadav,Phone,Electronics,3,25000,75000,Delhi,Net Banking,2026-07-26,3
7467,9055,Varsha Bhandari,Phone,Electronics,5,25000,125000,Kolkata,Net Banking,2026-03-02,7
7468,4665,Zaid Agarwal,Chair,Furniture,5,4000,20000,Chennai,Debit Card,2026-01-30,6
7469,4454,Watika Doshi,T-Shirt,Fashion,4,800,3200,Kolkata,Net Banking,2026-06-05,3
7470,9529,Maya Gopal,Headphones,Electronics,2,3000,6000,Mumbai,Cash on Delivery,2026-01-10,6
7471,3091,Imaran Bhardwaj,T-Shirt,Fashion,1,800,800,Bengaluru,UPI,2026-01-31,2
7472,2206,Advik Dar,Phone,Electronics,1,25000,25000,Hyderabad,Credit Card,2025-10-10,1
7473,6376,Lakshit Purohit,Phone,Electronics,4,25000,100000,Hyderabad,Debit Card,2026-01-27,7
7474,5262,Krish Baral,Shoes,Fashion,2,2500,5000,Chennai,Net Banking,2026-03-20,3
7475,2697,Praneel Mody,Chair,Furniture,3,4000,12000,Bengaluru,Credit Card,2026-07-21,2
7476,3971,Indira Doctor,T-Shirt,Fashion,2,800,1600,Hyderabad,Credit Card,2026-08-04,1
7477,9580,Aadi Madan,Headphones,Electronics,2,3000,6000,Ahmedabad,Cash on Delivery,2026-08-03,1
7478,5987,Samarth Hayer,Desk,Furniture,5,7000,35000,Hyderabad,Net Banking,2026-03-19,7
7479,8864,Aryan Brar,T-Shirt,Fashion,2,800,1600,Delhi,Net Banking,2026-06-20,3
7480,9506,Sudiksha Bali,Headphones,Electronics,4,3000,12000,Hyderabad,Cash on Delivery,2025-10-03,5
7481,2828,Vedika Mandal,Phone,Electronics,2,25000,50000,Chennai,Net Banking,2026-06-19,2
7482,9451,Dev Saran,Phone,Electronics,1,25000,25000,Delhi,Net Banking,2025-11-16,7
7483,2107,Manthan De,Headphones,Electronics,4,3000,12000,Ahmedabad,UPI,2026-01-02,5
7484,9903,Nitara D’Alia,Phone,Electronics,4,25000,100000,Pune,Debit Card,2026-06-08,6
7485,5036,Lajita Gala,Headphones,Electronics,5,3000,15000,Delhi,Credit Card,2025-10-19,4
7486,4789,Oviya Aurora,Shoes,Fashion,4,2500,10000,Mumbai,UPI,2026-03-21,2
7487,2002,Bhavani Wable,T-Shirt,Fashion,4,800,3200,Pune,Net Banking,2025-11-09,3
7488,7000,Omkaar Minhas,Phone,Electronics,3,25000,75000,Ahmedabad,Debit Card,2026-05-13,1
7489,1249,Omaja Acharya,Headphones,Electronics,4,3000,12000,Delhi,Debit Card,2026-07-31,2
7490,9318,Neha Narayanan,Book,Books,3,500,1500,Bengaluru,Credit Card,2025-11-02,3
7491,3036,Rayaan Lanka,Headphones,Electronics,1,3000,3000,Delhi,Net Banking,2026-04-03,7
7492,9478,Champak Mohan,Phone,Electronics,2,25000,50000,Ahmedabad,UPI,2026-07-22,7
7493,5592,Krish Tella,Desk,Furniture,5,7000,35000,Kolkata,Cash on Delivery,2025-10-09,5
7494,6580,Radha Kohli,Chair,Furniture,2,4000,8000,Kolkata,Debit Card,2025-12-19,2
7495,7982,Aarna Apte,Headphones,Electronics,3,3000,9000,Pune,UPI,2025-09-13,3
7496,4544,Yuvraj Master,Watch,Accessories,2,5000,10000,Delhi,Cash on Delivery,2026-04-24,7
7497,7817,Nikita Sarna,Laptop,Electronics,4,65000,260000,Kolkata,UPI,2025-12-19,6
7498,4492,Chandani Shah,Watch,Accessories,4,5000,20000,Hyderabad,UPI,2026-01-20,1
7499,8057,Krisha Sant,Headphones,Electronics,1,3000,3000,Mumbai,UPI,2026-06-11,5
7500,1418,Ishanvi Bhardwaj,Phone,Electronics,2,25000,50000,Hyderabad,Cash on Delivery,2025-08-12,2
7501,5188,Chandani Goda,Shoes,Fashion,2,2500,5000,Delhi,Credit Card,2026-06-20,4
7502,8643,Devika Mangal,Headphones,Electronics,1,3000,3000,Delhi,Credit Card,2026-04-06,4
7503,1450,Ojas Dhaliwal,Headphones,Electronics,2,3000,6000,Chennai,UPI,2025-09-24,7
7504,1833,Ekantika Kara,Headphones,Electronics,2,3000,6000,Delhi,Debit Card,2025-09-07,3
7505,8812,Sai Seshadri,Headphones,Electronics,1,3000,3000,Bengaluru,UPI,2026-01-11,4
7506,8352,Oliver D’Alia,Phone,Electronics,3,25000,75000,Pune,Credit Card,2025-10-14,3
7507,8834,Yutika Dugal,Headphones,Electronics,3,3000,9000,Hyderabad,Credit Card,2025-08-20,3
7508,1993,Girik Desai,Watch,Accessories,3,5000,15000,Chennai,Debit Card,2025-10-13,7
7509,1394,Lakshit Patla,Phone,Electronics,5,25000,125000,Ahmedabad,Credit Card,2025-09-15,4
7510,2960,Ikbal Ranganathan,T-Shirt,Fashion,4,800,3200,Bengaluru,UPI,2026-04-28,7
7511,1560,Tristan Kashyap,Headphones,Electronics,2,3000,6000,Ahmedabad,Cash on Delivery,2026-05-27,5
7512,1371,Irya Dara,T-Shirt,Fashion,5,800,4000,Hyderabad,Debit Card,2026-07-26,6
7513,1183,Omkaar Deshpande,Chair,Furniture,3,4000,12000,Mumbai,Net Banking,2025-10-21,5
7514,9840,George Mall,T-Shirt,Fashion,4,800,3200,Pune,Debit Card,2026-05-02,3
7515,9824,Patrick Wali,Headphones,Electronics,4,3000,12000,Mumbai,Cash on Delivery,2026-05-23,3
7516,1550,Advay Pandya,Phone,Electronics,2,25000,50000,Ahmedabad,Debit Card,2026-03-23,1
7517,2391,Bhavna Jani,Book,Books,3,500,1500,Ahmedabad,Debit Card,2026-03-12,4
7518,1157,Jai Bora,Headphones,Electronics,3,3000,9000,Bengaluru,UPI,2025-09-15,1
7519,6176,Ekta Garg,Shoes,Fashion,4,2500,10000,Hyderabad,UPI,2026-03-18,1
7520,2285,Indrajit Patel,Laptop,Electronics,3,65000,195000,Pune,UPI,2025-12-20,3
7521,1854,Mason Sen,Shoes,Fashion,5,2500,12500,Chennai,Cash on Delivery,2025-08-14,1
7522,5452,Siddharth Issac,Headphones,Electronics,3,3000,9000,Chennai,Debit Card,2026-01-07,3
7523,1803,Reva Misra,Headphones,Electronics,1,3000,3000,Delhi,UPI,2026-06-29,3
7524,7755,Vrinda Korpal,Laptop,Electronics,3,65000,195000,Pune,Debit Card,2025-10-16,3
7525,9657,Nathan Oommen,Shoes,Fashion,4,2500,10000,Hyderabad,Debit Card,2025-11-02,6
7526,6750,Radha Gour,Chair,Furniture,4,4000,16000,Bengaluru,Debit Card,2025-12-30,4
7527,3326,Gabriel Mohan,Laptop,Electronics,5,65000,325000,Pune,Cash on Delivery,2025-11-24,4
7528,7914,Pratyush Ramaswamy,Phone,Electronics,4,25000,100000,Delhi,UPI,2025-09-21,2
7529,6429,Zehaan Ben,Headphones,Electronics,4,3000,12000,Mumbai,UPI,2026-07-25,5
7530,7292,Yash Naidu,Phone,Electronics,1,25000,25000,Ahmedabad,Credit Card,2026-02-03,6
7531,2925,Oliver Dave,Shoes,Fashion,1,2500,2500,Ahmedabad,Net Banking,2025-12-13,3
7532,4936,Jatin Natt,Shoes,Fashion,3,2500,7500,Mumbai,Debit Card,2026-06-21,1
7533,9147,Warjas Konda,Headphones,Electronics,1,3000,3000,Pune,UPI,2025-09-07,6
7534,8881,Hamsini Boase,Headphones,Electronics,3,3000,9000,Kolkata,Cash on Delivery,2025-10-19,2
7535,1653,Saumya Desai,T-Shirt,Fashion,1,800,800,Hyderabad,Credit Card,2026-01-22,6
7536,8513,Ojas Thaman,Phone,Electronics,5,25000,125000,Chennai,Cash on Delivery,2026-08-02,1
7537,7156,Riya Gulati,Phone,Electronics,3,25000,75000,Mumbai,Cash on Delivery,2025-08-08,5
7538,5555,Xalak Oak,Phone,Electronics,3,25000,75000,Chennai,Net Banking,2026-05-30,4
7539,3949,Radha Bail,Phone,Electronics,5,25000,125000,Pune,Debit Card,2026-03-17,1
7540,4734,Netra Saraf,Desk,Furniture,5,7000,35000,Bengaluru,Net Banking,2026-01-31,7
7541,4966,Garima Dhingra,Laptop,Electronics,1,65000,65000,Kolkata,Credit Card,2025-12-09,3
7542,9079,Brinda Bobal,Desk,Furniture,3,7000,21000,Bengaluru,Net Banking,2025-11-13,4
7543,2512,Indrajit Taneja,Shoes,Fashion,3,2500,7500,Pune,Debit Card,2025-09-08,5
7544,6009,Anirudh Rai,Book,Books,5,500,2500,Delhi,UPI,2025-12-29,5
7545,6566,Faraj Gara,Shoes,Fashion,4,2500,10000,Pune,Cash on Delivery,2026-03-25,2
7546,3534,Wazir Shan,Watch,Accessories,5,5000,25000,Pune,Net Banking,2026-04-23,6
7547,9099,Rushil Ahuja,T-Shirt,Fashion,5,800,4000,Delhi,Cash on Delivery,2025-12-28,7
7548,8820,Faris Taneja,Phone,Electronics,4,25000,100000,Chennai,Debit Card,2026-07-15,7
7549,8418,Yagnesh Chaudhari,Headphones,Electronics,2,3000,6000,Delhi,Debit Card,2026-03-27,2
7550,6744,Noah Goswami,Phone,Electronics,2,25000,50000,Mumbai,Net Banking,2026-04-16,1
7551,3008,Keya Mannan,Watch,Accessories,4,5000,20000,Chennai,Credit Card,2026-05-06,7
7552,6023,Tanish Gour,Headphones,Electronics,4,3000,12000,Kolkata,Cash on Delivery,2025-09-09,7
7553,7558,Veer Dugar,Headphones,Electronics,4,3000,12000,Delhi,Net Banking,2025-12-23,1
7554,4108,Omkaar Dyal,Headphones,Electronics,5,3000,15000,Ahmedabad,Credit Card,2026-05-29,4
7555,6611,Daksha Sabharwal,T-Shirt,Fashion,2,800,1600,Hyderabad,UPI,2026-06-22,4
7556,9130,Ganga Yogi,Headphones,Electronics,5,3000,15000,Delhi,Net Banking,2026-05-24,7
7557,6219,Jatin Baral,Phone,Electronics,4,25000,100000,Mumbai,UPI,2026-03-24,6
7558,4482,Tristan Nazareth,Phone,Electronics,4,25000,100000,Chennai,Cash on Delivery,2026-05-13,1
7559,8296,Lakshit Pandey,Shoes,Fashion,3,2500,7500,Kolkata,Cash on Delivery,2026-03-17,7
7560,1557,Zaid Sidhu,Bottle,Home,3,600,1800,Ahmedabad,Cash on Delivery,2026-06-01,7
7561,3208,Saanvi Kadakia,T-Shirt,Fashion,1,800,800,Ahmedabad,UPI,2026-03-11,6
7562,5621,Tamanna Nagi,Laptop,Electronics,3,65000,195000,Pune,Net Banking,2025-11-07,3
7563,9818,Anya Krishnamurthy,Laptop,Electronics,5,65000,325000,Ahmedabad,Cash on Delivery,2026-01-15,7
7564,7380,Libni Manne,Phone,Electronics,3,25000,75000,Hyderabad,Cash on Delivery,2026-04-03,3
7565,5408,Leena Agate,Desk,Furniture,3,7000,21000,Ahmedabad,Debit Card,2026-02-22,6
7566,7395,Simon Palla,Phone,Electronics,4,25000,100000,Chennai,Credit Card,2026-03-28,2
7567,4010,Darsh Golla,T-Shirt,Fashion,3,800,2400,Delhi,Debit Card,2026-05-23,1
7568,4535,Ria Tara,Bottle,Home,3,600,1800,Delhi,Cash on Delivery,2026-03-01,2
7569,3142,Wridesh Balakrishnan,Headphones,Electronics,4,3000,12000,Bengaluru,Cash on Delivery,2026-03-13,4
7570,9158,Shivani Chatterjee,Headphones,Electronics,5,3000,15000,Delhi,Net Banking,2026-06-05,5
7571,7985,Ikshita Vaidya,Bottle,Home,2,600,1200,Chennai,UPI,2026-07-14,2
7572,9852,Sanya Kala,Headphones,Electronics,4,3000,12000,Delhi,Credit Card,2026-01-27,7
7573,5328,Oni Sahota,Headphones,Electronics,3,3000,9000,Bengaluru,Net Banking,2026-02-24,7
7574,4220,Benjamin Nayar,T-Shirt,Fashion,3,800,2400,Ahmedabad,UPI,2026-05-27,1
7575,7522,Vrinda Sem,Chair,Furniture,5,4000,20000,Mumbai,Cash on Delivery,2026-03-22,3
7576,8651,Qabil Guha,Phone,Electronics,4,25000,100000,Pune,Credit Card,2026-03-24,3
7577,5717,Libni Rajan,Headphones,Electronics,4,3000,12000,Mumbai,Net Banking,2026-05-25,1
7578,6466,Quincy Ahuja,Phone,Electronics,4,25000,100000,Delhi,Cash on Delivery,2026-04-27,7
7579,3882,Siddharth Venkatesh,Phone,Electronics,5,25000,125000,Ahmedabad,UPI,2026-05-11,1
7580,6712,Lucky Subramaniam,Phone,Electronics,1,25000,25000,Chennai,Net Banking,2025-09-06,4
7581,9349,Nikita Natt,Headphones,Electronics,4,3000,12000,Bengaluru,Credit Card,2026-02-13,1
7582,1346,Raghav Ramesh,Headphones,Electronics,1,3000,3000,Mumbai,Credit Card,2025-08-09,2
7583,1301,Brijesh Zacharia,T-Shirt,Fashion,3,800,2400,Bengaluru,Credit Card,2026-04-27,7
7584,3913,Mohini Radhakrishnan,Headphones,Electronics,2,3000,6000,Chennai,Net Banking,2025-10-31,7
7585,5610,Wishi Ravi,Shoes,Fashion,3,2500,7500,Mumbai,Net Banking,2026-07-07,1
7586,6774,Simon Pandit,Laptop,Electronics,4,65000,260000,Mumbai,UPI,2026-07-19,6
7587,5923,Unnati Sarma,Shoes,Fashion,5,2500,12500,Chennai,Debit Card,2025-12-14,1
7588,9886,Charvi Anne,Phone,Electronics,1,25000,25000,Bengaluru,Net Banking,2026-01-29,4
7589,5311,Peter Shan,Bottle,Home,1,600,600,Chennai,Debit Card,2026-01-05,5
7590,3377,Aashi Kalla,Phone,Electronics,1,25000,25000,Delhi,Credit Card,2025-08-30,7
7591,7020,Lipika Menon,Phone,Electronics,1,25000,25000,Chennai,Cash on Delivery,2025-08-26,6
7592,5158,Pushti Kapur,Headphones,Electronics,5,3000,15000,Bengaluru,Credit Card,2026-08-06,5
7593,4094,Devika Varughese,Desk,Furniture,3,7000,21000,Hyderabad,Cash on Delivery,2026-01-03,3
7594,3605,Neelima Raval,Watch,Accessories,3,5000,15000,Pune,Cash on Delivery,2025-08-20,2
7595,4953,Ekavir Bobal,Headphones,Electronics,4,3000,12000,Pune,Net Banking,2026-04-11,6
7596,4991,Lucky Narula,T-Shirt,Fashion,1,800,800,Delhi,Credit Card,2026-05-14,7
7597,2299,Vasana Patel,Headphones,Electronics,2,3000,6000,Kolkata,Net Banking,2025-11-23,2
7598,3594,Nitara Mahal,T-Shirt,Fashion,4,800,3200,Ahmedabad,UPI,2025-09-09,7
7599,3587,Urvashi Shetty,Phone,Electronics,2,25000,50000,Chennai,Cash on Delivery,2025-10-26,5
7600,6000,Saksham Cherian,Shoes,Fashion,3,2500,7500,Hyderabad,Cash on Delivery,2026-01-14,2
7601,8559,Manthan Mangal,Phone,Electronics,5,25000,125000,Kolkata,Net Banking,2026-05-15,2
7602,5397,Edhitha Konda,Shoes,Fashion,5,2500,12500,Mumbai,Credit Card,2026-06-27,7
7603,8248,Chaitaly Dara,Headphones,Electronics,4,3000,12000,Bengaluru,Net Banking,2026-06-28,4
7604,9820,Nidra Dixit,Headphones,Electronics,4,3000,12000,Chennai,Net Banking,2025-08-22,1
7605,8259,Aarna Gulati,Laptop,Electronics,1,65000,65000,Chennai,Credit Card,2025-08-26,5
7606,7240,Jagat Nath,Phone,Electronics,5,25000,125000,Ahmedabad,Credit Card,2025-10-03,7
7607,6189,Fiyaz Bumb,Shoes,Fashion,1,2500,2500,Kolkata,Credit Card,2025-08-29,1
7608,3305,Bishakha Yohannan,Shoes,Fashion,1,2500,2500,Delhi,Debit Card,2026-01-20,1
7609,8539,Maanas Kaul,Phone,Electronics,1,25000,25000,Mumbai,Net Banking,2026-01-10,1
7610,5085,Jagat Palan,Phone,Electronics,3,25000,75000,Hyderabad,Cash on Delivery,2026-08-05,1
7611,7919,Ranbir Yadav,Bottle,Home,2,600,1200,Ahmedabad,Cash on Delivery,2025-08-29,5
7612,7482,Jyoti Murty,Book,Books,3,500,1500,Hyderabad,Debit Card,2025-11-12,3
7613,4432,Laban Raman,Laptop,Electronics,5,65000,325000,Ahmedabad,Credit Card,2025-11-11,1
7614,2864,Dhriti Chahal,Shoes,Fashion,1,2500,2500,Ahmedabad,Net Banking,2025-10-04,3
7615,4690,Patrick Dixit,Phone,Electronics,4,25000,100000,Mumbai,Credit Card,2026-07-21,4
7616,2074,Lipika Nazareth,Laptop,Electronics,1,65000,65000,Kolkata,Debit Card,2025-12-23,5
7617,6889,Nidhi Pillai,Phone,Electronics,4,25000,100000,Chennai,UPI,2026-02-05,7
7618,1111,Netra Amble,Headphones,Electronics,2,3000,6000,Bengaluru,UPI,2026-03-25,6
7619,4491,Hritik Chad,Desk,Furniture,4,7000,28000,Kolkata,Credit Card,2026-01-10,2
7620,1725,Neel Mani,T-Shirt,Fashion,4,800,3200,Mumbai,UPI,2026-01-24,1
7621,3814,Pallavi Mohanty,Shoes,Fashion,3,2500,7500,Chennai,Credit Card,2026-01-13,1
7622,3589,Omya Dani,T-Shirt,Fashion,5,800,4000,Bengaluru,Debit Card,2026-01-29,1
7623,2267,Zashil Mahajan,Bottle,Home,4,600,2400,Hyderabad,Net Banking,2025-09-14,4
7624,7985,Isha Nair,Phone,Electronics,5,25000,125000,Chennai,UPI,2025-10-31,2
7625,2392,Isaac Oak,Book,Books,3,500,1500,Pune,Credit Card,2026-04-14,3
7626,5534,Robert Behl,Headphones,Electronics,1,3000,3000,Kolkata,UPI,2025-09-28,1
7627,1533,Zilmil Tailor,T-Shirt,Fashion,1,800,800,Pune,Debit Card,2026-05-20,1
7628,4971,Harita Gour,Laptop,Electronics,3,65000,195000,Mumbai,UPI,2026-07-16,5
7629,7659,Yamini Narayanan,Desk,Furniture,5,7000,35000,Delhi,Credit Card,2026-03-13,4
7630,5489,Falak Varty,Headphones,Electronics,2,3000,6000,Kolkata,Cash on Delivery,2026-07-14,5
7631,6363,Yashodhara Biswas,Headphones,Electronics,1,3000,3000,Pune,Net Banking,2026-06-02,7
7632,3452,Jasmit Kalita,Watch,Accessories,4,5000,20000,Ahmedabad,Cash on Delivery,2026-01-27,3
7633,3771,Ayaan Chaudhuri,Laptop,Electronics,3,65000,195000,Bengaluru,Debit Card,2026-04-11,4
7634,7337,Neelima Pall,Watch,Accessories,1,5000,5000,Pune,Net Banking,2026-06-04,4
7635,6529,Azad Apte,T-Shirt,Fashion,4,800,3200,Pune,UPI,2026-04-25,6
7636,9175,Kevin Murthy,Headphones,Electronics,4,3000,12000,Mumbai,UPI,2026-04-25,3
7637,7269,Qarin Natarajan,Headphones,Electronics,1,3000,3000,Delhi,Debit Card,2025-09-29,5
7638,9179,Aahana Singhal,Laptop,Electronics,1,65000,65000,Ahmedabad,Debit Card,2026-01-08,4
7639,7578,Qarin Mangal,Laptop,Electronics,2,65000,130000,Kolkata,Net Banking,2026-05-31,4
7640,1764,Kevin Edwin,Watch,Accessories,3,5000,15000,Pune,Debit Card,2026-01-10,6
7641,5571,Baghyawati Zachariah,Phone,Electronics,3,25000,75000,Bengaluru,Net Banking,2026-07-13,3
7642,9088,Ekbal Batta,T-Shirt,Fashion,4,800,3200,Delhi,Net Banking,2025-11-11,5
7643,1714,Qasim Dara,Laptop,Electronics,3,65000,195000,Mumbai,Debit Card,2025-10-03,7
7644,9385,Chanchal Soman,Phone,Electronics,4,25000,100000,Chennai,Credit Card,2026-03-04,4
7645,8278,Advay Ghose,Headphones,Electronics,5,3000,15000,Delhi,Debit Card,2026-07-06,2
7646,9272,Chanakya Deo,Phone,Electronics,4,25000,100000,Mumbai,Debit Card,2026-04-11,2
7647,8295,Fiyaz Verma,Watch,Accessories,1,5000,5000,Chennai,Net Banking,2025-12-05,1
7648,1722,Yashvi Gole,Headphones,Electronics,1,3000,3000,Chennai,Net Banking,2026-02-15,1
7649,7978,Unni Pau,Book,Books,2,500,1000,Ahmedabad,Net Banking,2025-12-16,4
7650,8659,Garima Andra,Phone,Electronics,2,25000,50000,Chennai,Cash on Delivery,2025-12-28,6
7651,6126,Patrick Nagarajan,Phone,Electronics,1,25000,25000,Pune,UPI,2025-12-29,7
7652,6282,Xiti Srivastava,Headphones,Electronics,1,3000,3000,Delhi,UPI,2026-04-28,7
7653,2316,Aarini Halder,Headphones,Electronics,1,3000,3000,Kolkata,Debit Card,2025-11-20,7
7654,1097,Shravya Shetty,Chair,Furniture,5,4000,20000,Delhi,Cash on Delivery,2026-02-23,4
7655,9305,Widisha Jani,Headphones,Electronics,2,3000,6000,Pune,Debit Card,2026-01-31,3
7656,9674,Eesha Bakshi,Headphones,Electronics,1,3000,3000,Chennai,Cash on Delivery,2026-01-09,4
7657,8010,Meghana Venkatesh,T-Shirt,Fashion,4,800,3200,Kolkata,Credit Card,2026-01-04,6
7658,3897,Gopal Mittal,Laptop,Electronics,2,65000,130000,Hyderabad,Debit Card,2025-09-13,5
7659,4363,Nidra Bahl,Watch,Accessories,3,5000,15000,Delhi,Net Banking,2026-07-10,7
7660,3595,Laksh Doshi,Phone,Electronics,3,25000,75000,Kolkata,Credit Card,2025-08-19,6
7661,9761,Watika Pandit,Phone,Electronics,4,25000,100000,Hyderabad,Credit Card,2026-05-09,4
7662,5593,Chameli Rege,Chair,Furniture,4,4000,16000,Delhi,Net Banking,2025-10-02,6
7663,1736,Nachiket Bains,Headphones,Electronics,2,3000,6000,Ahmedabad,Net Banking,2025-11-24,5
7664,8623,Saumya Sankaran,T-Shirt,Fashion,3,800,2400,Chennai,Net Banking,2025-08-10,6
7665,1479,Warda Dhawan,T-Shirt,Fashion,5,800,4000,Mumbai,Credit Card,2025-08-17,6
7666,7635,Krisha Savant,T-Shirt,Fashion,3,800,2400,Bengaluru,UPI,2026-07-27,5
7667,1238,Omya Dube,Phone,Electronics,1,25000,25000,Delhi,Credit Card,2026-02-05,3
7668,2144,Irya Hora,Headphones,Electronics,1,3000,3000,Chennai,Credit Card,2026-04-19,6
7669,4947,Udant Muni,Laptop,Electronics,4,65000,260000,Kolkata,UPI,2026-04-23,2
7670,6762,Maanas Suresh,Book,Books,3,500,1500,Mumbai,Debit Card,2026-03-13,1
7671,2259,Balveer Rajagopalan,Phone,Electronics,4,25000,100000,Chennai,Cash on Delivery,2025-12-28,2
7672,6688,Zehaan Krishna,Bottle,Home,4,600,2400,Chennai,Credit Card,2026-03-10,4
7673,3175,Urishilla Varghese,Watch,Accessories,1,5000,5000,Ahmedabad,Credit Card,2025-12-08,7
7674,4080,Kabir Srivastava,Phone,Electronics,4,25000,100000,Bengaluru,UPI,2026-07-29,5
7675,5520,Madhav Hegde,Phone,Electronics,3,25000,75000,Ahmedabad,UPI,2026-02-10,7
7676,7344,Hitesh Vala,Headphones,Electronics,1,3000,3000,Pune,UPI,2026-03-04,5
7677,4347,Mugdha Kumar,Headphones,Electronics,4,3000,12000,Kolkata,UPI,2025-10-25,7
7678,5710,Imaran Boase,T-Shirt,Fashion,2,800,1600,Mumbai,UPI,2026-05-11,1
7679,7381,Bhavika Patil,Shoes,Fashion,4,2500,10000,Ahmedabad,Net Banking,2026-01-18,3
7680,4791,Nidra Raval,Headphones,Electronics,2,3000,6000,Delhi,UPI,2026-02-02,3
7681,6131,Pranit Raja,Headphones,Electronics,2,3000,6000,Chennai,UPI,2026-04-21,6
7682,1625,Urishilla Kata,Headphones,Electronics,4,3000,12000,Chennai,Debit Card,2025-09-16,5
7683,8705,Advay Bal,Watch,Accessories,2,5000,10000,Ahmedabad,Net Banking,2025-09-02,7
7684,8659,Mekhala Chawla,Laptop,Electronics,3,65000,195000,Delhi,Debit Card,2025-11-11,6
7685,1945,Hamsini Lanka,Headphones,Electronics,2,3000,6000,Pune,Cash on Delivery,2026-06-08,1
7686,1386,Fiyaz Som,Phone,Electronics,5,25000,125000,Bengaluru,Cash on Delivery,2026-04-15,4
7687,4081,Wyatt Munshi,Phone,Electronics,1,25000,25000,Delhi,UPI,2026-03-30,3
7688,2937,Devika Suri,Book,Books,1,500,500,Ahmedabad,Cash on Delivery,2025-09-11,3
7689,9882,Oscar Shere,Phone,Electronics,2,25000,50000,Delhi,Net Banking,2026-05-23,3
7690,1399,Sara Kadakia,Phone,Electronics,3,25000,75000,Chennai,Credit Card,2026-03-30,5
7691,1043,Nimrat Lad,Phone,Electronics,3,25000,75000,Kolkata,Credit Card,2026-03-15,3
7692,1215,Jyoti Kale,Phone,Electronics,2,25000,50000,Ahmedabad,Credit Card,2026-01-25,5
7693,7058,Ishita Ahuja,Phone,Electronics,3,25000,75000,Delhi,UPI,2026-02-23,2
7694,8669,Ekbal Sankaran,Phone,Electronics,3,25000,75000,Mumbai,UPI,2026-07-19,7
7695,8765,Jagrati Sani,Headphones,Electronics,5,3000,15000,Ahmedabad,UPI,2025-11-02,6
7696,2972,Lopa Kala,Phone,Electronics,2,25000,50000,Pune,UPI,2026-06-14,5
7697,5743,Urmi Ramaswamy,Laptop,Electronics,1,65000,65000,Mumbai,Credit Card,2026-06-24,1
7698,9070,Ekanta Mistry,Chair,Furniture,1,4000,4000,Pune,UPI,2026-06-14,3
7699,2109,Leena Nair,Shoes,Fashion,3,2500,7500,Ahmedabad,Cash on Delivery,2026-08-04,5
7700,4543,Ayaan Bali,Shoes,Fashion,2,2500,5000,Bengaluru,Cash on Delivery,2026-07-03,4
7701,7269,Nilima Banik,Shoes,Fashion,2,2500,5000,Pune,Cash on Delivery,2026-05-27,2
7702,4327,Mitali Madan,Headphones,Electronics,5,3000,15000,Delhi,Net Banking,2026-05-11,2
7703,4336,Urvashi Sarin,Shoes,Fashion,2,2500,5000,Delhi,Cash on Delivery,2025-12-05,1
7704,7741,Xalak Tailor,Phone,Electronics,2,25000,50000,Delhi,Cash on Delivery,2026-03-08,1
7705,4335,Nicholas Behl,Phone,Electronics,1,25000,25000,Kolkata,Credit Card,2026-04-03,5
7706,2418,Tara Gokhale,T-Shirt,Fashion,5,800,4000,Bengaluru,Debit Card,2025-10-31,5
7707,4634,Yasti Kohli,Bottle,Home,1,600,600,Chennai,Cash on Delivery,2025-10-15,5
7708,8056,Forum Bala,Phone,Electronics,2,25000,50000,Pune,Credit Card,2026-06-12,4
7709,2376,Unnati Manda,Phone,Electronics,2,25000,50000,Pune,Debit Card,2026-07-25,6
7710,7108,Teerth Kothari,Chair,Furniture,3,4000,12000,Chennai,Net Banking,2026-01-24,7
7711,9897,Kashvi Suri,Phone,Electronics,1,25000,25000,Ahmedabad,UPI,2026-02-21,3
7712,2766,Finn Mander,Phone,Electronics,2,25000,50000,Kolkata,Net Banking,2026-07-15,5
7713,4739,Keya Ganesan,Headphones,Electronics,4,3000,12000,Hyderabad,UPI,2025-10-17,2
7714,3550,Hiral Johal,Phone,Electronics,3,25000,75000,Hyderabad,Credit Card,2026-07-12,7
7715,9604,Urvashi Ram,Phone,Electronics,5,25000,125000,Hyderabad,UPI,2026-06-13,6
7716,3378,Rachana Dar,Headphones,Electronics,1,3000,3000,Ahmedabad,UPI,2025-10-14,5
7717,9120,Maanav Vyas,Shoes,Fashion,2,2500,5000,Delhi,Debit Card,2026-01-09,1
7718,5016,Azad Mall,Laptop,Electronics,3,65000,195000,Chennai,Cash on Delivery,2026-06-05,4
7719,1657,Girish Rout,Headphones,Electronics,4,3000,12000,Kolkata,Credit Card,2026-01-18,4
7720,8603,Nikita Reddy,Laptop,Electronics,2,65000,130000,Ahmedabad,Cash on Delivery,2026-04-08,6
7721,7989,Ronith Sethi,Headphones,Electronics,4,3000,12000,Hyderabad,Cash on Delivery,2025-08-21,5
7722,8954,Yashawini Trivedi,Laptop,Electronics,2,65000,130000,Hyderabad,Net Banking,2025-12-09,1
7723,3412,Pratyush Wali,T-Shirt,Fashion,5,800,4000,Hyderabad,Credit Card,2026-03-30,7
7724,1484,Nikita Singhal,Laptop,Electronics,4,65000,260000,Mumbai,Net Banking,2025-08-16,7
7725,3780,Yochana Anand,Bottle,Home,5,600,3000,Pune,Cash on Delivery,2026-02-07,4
7726,6929,Jagrati Sanghvi,Laptop,Electronics,4,65000,260000,Mumbai,Net Banking,2025-11-18,6
7727,2709,Veda Saini,Book,Books,2,500,1000,Delhi,Net Banking,2025-11-28,5
7728,4082,Aarush Kota,Shoes,Fashion,4,2500,10000,Chennai,Cash on Delivery,2026-02-08,5
7729,9281,Vansha Ben,Desk,Furniture,2,7000,14000,Mumbai,Cash on Delivery,2026-06-15,5
7730,1184,Jhalak Prakash,Desk,Furniture,4,7000,28000,Delhi,Cash on Delivery,2026-01-06,7
7731,9260,Baghyawati Goda,Watch,Accessories,4,5000,20000,Mumbai,Credit Card,2025-12-02,4
7732,3677,Unni Rai,Headphones,Electronics,3,3000,9000,Ahmedabad,Credit Card,2025-10-09,5
7733,6284,Raagini Narain,Shoes,Fashion,4,2500,10000,Delhi,Cash on Delivery,2026-02-03,5
7734,3198,Indali Kamdar,T-Shirt,Fashion,4,800,3200,Bengaluru,Debit Card,2025-11-08,1
7735,8476,Noah Misra,Shoes,Fashion,5,2500,12500,Kolkata,UPI,2026-02-17,2
7736,2020,Warjas Hari,Phone,Electronics,5,25000,125000,Hyderabad,Debit Card,2026-03-29,5
7737,9946,Chaman Joshi,Shoes,Fashion,5,2500,12500,Ahmedabad,Debit Card,2026-04-18,3
7738,1729,Gautami Chakrabarti,Book,Books,4,500,2000,Pune,Net Banking,2026-02-07,2
7739,6215,Barkha Virk,Phone,Electronics,4,25000,100000,Chennai,Cash on Delivery,2026-03-20,6
7740,1981,Lajita Sant,Shoes,Fashion,4,2500,10000,Bengaluru,UPI,2026-02-10,2
7741,1484,Urvi Prasad,Laptop,Electronics,5,65000,325000,Chennai,Cash on Delivery,2025-12-08,6
7742,1919,Gayathri Rai,Shoes,Fashion,3,2500,7500,Ahmedabad,Net Banking,2026-01-14,5
7743,4646,Vedika Choudhry,Headphones,Electronics,3,3000,9000,Delhi,Net Banking,2025-08-10,4
7744,4467,Yauvani Dass,Shoes,Fashion,1,2500,2500,Kolkata,Net Banking,2025-12-20,2
7745,4951,Triya Shukla,Book,Books,3,500,1500,Kolkata,UPI,2026-05-25,2
7746,9642,Vihaan Dash,Headphones,Electronics,5,3000,15000,Kolkata,UPI,2026-07-12,3
7747,6466,Yashodhara Kalita,Bottle,Home,1,600,600,Ahmedabad,Cash on Delivery,2025-08-16,5
7748,4849,Jai Kala,Chair,Furniture,1,4000,4000,Kolkata,Credit Card,2025-09-28,6
7749,2956,Yutika Goyal,Laptop,Electronics,2,65000,130000,Kolkata,Debit Card,2025-12-31,4
7750,8872,Fariq Hans,Bottle,Home,3,600,1800,Pune,Debit Card,2026-04-14,2
7751,9139,Harinakshi Garde,Phone,Electronics,1,25000,25000,Bengaluru,Cash on Delivery,2026-04-01,2
7752,6764,Charita Venkataraman,Shoes,Fashion,1,2500,2500,Kolkata,Cash on Delivery,2025-10-04,4
7753,6061,Sara Som,Phone,Electronics,5,25000,125000,Delhi,Cash on Delivery,2026-03-18,5
7754,5146,Megha Kamdar,Phone,Electronics,4,25000,100000,Delhi,UPI,2026-01-21,3
7755,7656,Qarin Brar,Headphones,Electronics,3,3000,9000,Chennai,Credit Card,2025-08-22,1
7756,9372,Xavier Yadav,Headphones,Electronics,4,3000,12000,Ahmedabad,Cash on Delivery,2026-07-16,3
7757,6629,Tanveer Kari,Shoes,Fashion,3,2500,7500,Pune,Credit Card,2025-11-16,3
7758,7584,Jasmit Srivastava,Phone,Electronics,4,25000,100000,Kolkata,Credit Card,2026-01-19,5
7759,1898,Hiral Baral,Phone,Electronics,5,25000,125000,Kolkata,Credit Card,2026-02-12,2
7760,8736,Ikbal Som,Bottle,Home,4,600,2400,Pune,UPI,2025-12-24,4
7761,6151,Mugdha Sridhar,Shoes,Fashion,1,2500,2500,Pune,UPI,2025-09-21,2
7762,4823,Jairaj Lanka,Headphones,Electronics,4,3000,12000,Chennai,Net Banking,2025-10-06,5
7763,3211,Michael Magar,Phone,Electronics,2,25000,50000,Hyderabad,Net Banking,2025-12-07,6
7764,7394,Zansi Ahuja,T-Shirt,Fashion,5,800,4000,Bengaluru,Credit Card,2025-09-05,3
7765,7933,Chatresh Choudhary,Shoes,Fashion,3,2500,7500,Chennai,Credit Card,2025-11-05,5
7766,2423,Harish Sagar,Headphones,Electronics,4,3000,12000,Delhi,Credit Card,2026-07-03,3
7767,5402,Yashawini Gopal,Headphones,Electronics,4,3000,12000,Delhi,Net Banking,2025-11-26,3
7768,6003,Sanaya Samra,Phone,Electronics,1,25000,25000,Bengaluru,Cash on Delivery,2026-07-13,2
7769,1066,Jalsa Karpe,Headphones,Electronics,3,3000,9000,Chennai,UPI,2025-09-19,1
7770,8011,Ladli Dubey,Shoes,Fashion,2,2500,5000,Chennai,Debit Card,2026-05-10,7
7771,8109,Gaurang Sagar,Phone,Electronics,1,25000,25000,Mumbai,Debit Card,2025-11-19,5
7772,2369,Gagan Gara,T-Shirt,Fashion,5,800,4000,Delhi,UPI,2025-09-06,5
7773,6826,Ati Kar,Phone,Electronics,4,25000,100000,Ahmedabad,Debit Card,2026-07-24,3
7774,1634,Samaksh Grover,Desk,Furniture,2,7000,14000,Delhi,UPI,2026-02-08,4
7775,7555,Jagrati Sharaf,Watch,Accessories,3,5000,15000,Bengaluru,Cash on Delivery,2026-01-02,6
7776,1069,Nimrat Purohit,Phone,Electronics,2,25000,50000,Ahmedabad,Credit Card,2025-09-18,7
7777,9297,Kai Borde,Shoes,Fashion,3,2500,7500,Kolkata,Credit Card,2026-07-05,1
7778,3586,Ikshita Din,Headphones,Electronics,2,3000,6000,Mumbai,Cash on Delivery,2025-08-19,4
7779,2736,Aditya Sane,Phone,Electronics,4,25000,100000,Delhi,Cash on Delivery,2026-03-23,1
7780,2076,Nathaniel Subramanian,Shoes,Fashion,4,2500,10000,Mumbai,Cash on Delivery,2026-07-23,1
7781,1015,Krishna Gandhi,Phone,Electronics,3,25000,75000,Bengaluru,Debit Card,2026-03-24,1
7782,5419,Harita Dhingra,Chair,Furniture,4,4000,16000,Bengaluru,Credit Card,2026-01-10,4
7783,5017,Harrison Kibe,Bottle,Home,3,600,1800,Pune,Net Banking,2025-10-08,6
7784,6544,Anvi Minhas,Phone,Electronics,4,25000,100000,Bengaluru,Cash on Delivery,2026-07-25,6
7785,1997,Matthew Khosla,Shoes,Fashion,3,2500,7500,Ahmedabad,Credit Card,2026-01-16,3
7786,5315,Bhavika Luthra,Headphones,Electronics,4,3000,12000,Mumbai,UPI,2025-08-22,4
7787,7127,Lajita Parmar,Laptop,Electronics,5,65000,325000,Ahmedabad,Credit Card,2025-12-15,6
7788,9806,Bakhshi Toor,T-Shirt,Fashion,5,800,4000,Kolkata,Debit Card,2026-08-06,3
7789,9086,Osha Yadav,Headphones,Electronics,5,3000,15000,Ahmedabad,Net Banking,2025-09-04,6
7790,2142,Ekalinga Om,Phone,Electronics,3,25000,75000,Ahmedabad,Debit Card,2026-04-24,2
7791,3698,Rachita Nanda,Chair,Furniture,5,4000,20000,Hyderabad,UPI,2026-03-25,7
7792,5485,Lakshmi Anand,Watch,Accessories,4,5000,20000,Hyderabad,UPI,2026-01-10,6
7793,9110,Vaishnavi Prakash,Phone,Electronics,2,25000,50000,Kolkata,Debit Card,2025-10-08,3
7794,4723,Ishita Gole,Shoes,Fashion,3,2500,7500,Hyderabad,Credit Card,2025-12-17,5
7795,8480,Neel Suri,Shoes,Fashion,3,2500,7500,Chennai,Cash on Delivery,2026-05-22,6
7796,1881,Vasudha Pandit,Shoes,Fashion,3,2500,7500,Pune,Cash on Delivery,2026-06-17,4
7797,5488,Logan Chana,Phone,Electronics,4,25000,100000,Kolkata,Credit Card,2026-05-04,7
7798,4458,Qasim Narang,Watch,Accessories,5,5000,25000,Pune,UPI,2025-11-18,5
7799,8383,Shivansh Minhas,T-Shirt,Fashion,4,800,3200,Mumbai,UPI,2026-03-10,1
7800,5777,Vedant Raval,Headphones,Electronics,4,3000,12000,Pune,Credit Card,2026-02-15,5
7801,5057,Maya Yadav,Headphones,Electronics,5,3000,15000,Mumbai,Cash on Delivery,2025-12-15,6
7802,3108,Faqid Sachdeva,Phone,Electronics,1,25000,25000,Bengaluru,Cash on Delivery,2025-09-01,3
7803,8697,Anirudh Sarin,Headphones,Electronics,5,3000,15000,Delhi,Credit Card,2026-04-03,3
7804,1028,Gaurangi Gade,Headphones,Electronics,1,3000,3000,Ahmedabad,Debit Card,2026-03-25,4
7805,2451,Dominic Kibe,Headphones,Electronics,5,3000,15000,Ahmedabad,Net Banking,2025-11-11,6
7806,6746,Manbir Bava,Phone,Electronics,3,25000,75000,Chennai,Debit Card,2026-01-03,1
7807,5699,Upasna Baral,Shoes,Fashion,2,2500,5000,Hyderabad,Debit Card,2026-06-20,3
7808,1439,Chakrika Malhotra,Laptop,Electronics,4,65000,260000,Delhi,Cash on Delivery,2025-10-07,7
7809,4921,Dhruv Baral,Shoes,Fashion,1,2500,2500,Ahmedabad,Net Banking,2026-06-26,6
7810,8369,Patrick Uppal,Phone,Electronics,3,25000,75000,Pune,Debit Card,2025-09-02,5
7811,4428,Wridesh Saran,Laptop,Electronics,4,65000,260000,Mumbai,Credit Card,2026-06-13,5
7812,2169,Alexander Subramaniam,Phone,Electronics,1,25000,25000,Bengaluru,Cash on Delivery,2025-12-15,3
7813,9370,Jhalak Nori,Shoes,Fashion,1,2500,2500,Mumbai,Debit Card,2025-08-22,3
7814,9277,Liam Deshpande,Phone,Electronics,4,25000,100000,Hyderabad,Cash on Delivery,2025-12-19,6
7815,8988,Aditya Singhal,Chair,Furniture,1,4000,4000,Delhi,Debit Card,2026-05-15,7
7816,7078,Urmi Mannan,Laptop,Electronics,1,65000,65000,Delhi,Cash on Delivery,2025-11-14,2
7817,4039,Sanya Randhawa,Phone,Electronics,2,25000,50000,Kolkata,Cash on Delivery,2025-10-27,2
7818,3129,Meera Butala,Desk,Furniture,2,7000,14000,Chennai,Debit Card,2026-06-09,4
7819,9606,Indali Parikh,Phone,Electronics,4,25000,100000,Delhi,Debit Card,2026-04-10,6
7820,9411,Jairaj Yohannan,Headphones,Electronics,4,3000,12000,Hyderabad,Cash on Delivery,2026-07-13,5
7821,9104,Upasna Shenoy,Book,Books,4,500,2000,Ahmedabad,Credit Card,2025-08-29,6
7822,8121,Dhruv Chakraborty,Chair,Furniture,2,4000,8000,Hyderabad,Cash on Delivery,2026-07-22,5
7823,5924,Omkaar Bora,T-Shirt,Fashion,5,800,4000,Ahmedabad,Debit Card,2026-04-30,3
7824,9934,Vaishnavi Talwar,Phone,Electronics,5,25000,125000,Hyderabad,Net Banking,2026-03-17,3
7825,3516,Meera Bumb,Headphones,Electronics,5,3000,15000,Bengaluru,Cash on Delivery,2025-11-10,7
7826,1292,Aadhya Lanka,Phone,Electronics,5,25000,125000,Mumbai,Cash on Delivery,2026-01-08,7
7827,6172,Aarav Sagar,Book,Books,1,500,500,Ahmedabad,Credit Card,2026-01-30,4
7828,9902,Chaaya Mann,Book,Books,4,500,2000,Kolkata,UPI,2026-05-30,3
7829,4163,Zayyan Setty,Shoes,Fashion,2,2500,5000,Hyderabad,UPI,2025-11-22,6
7830,2167,Pranit Dani,Headphones,Electronics,2,3000,6000,Hyderabad,Debit Card,2025-08-24,7
7831,2041,Yadavi Chad,Headphones,Electronics,4,3000,12000,Chennai,UPI,2026-05-03,7
7832,1828,Zansi Sen,Headphones,Electronics,3,3000,9000,Bengaluru,UPI,2025-11-28,7
7833,1710,Nicholas Prashad,Laptop,Electronics,1,65000,65000,Bengaluru,Cash on Delivery,2025-08-17,5
7834,6845,Eiravati Sarma,Headphones,Electronics,5,3000,15000,Kolkata,UPI,2026-02-02,7
7835,3051,Unnati Chopra,Laptop,Electronics,1,65000,65000,Ahmedabad,Credit Card,2025-10-20,5
7836,7910,Max Kapoor,Watch,Accessories,1,5000,5000,Hyderabad,UPI,2026-05-23,5
7837,4535,Tanay Garde,Shoes,Fashion,3,2500,7500,Kolkata,Cash on Delivery,2025-08-16,5
7838,8662,Bakhshi Sethi,Phone,Electronics,5,25000,125000,Bengaluru,Cash on Delivery,2026-03-03,3
7839,4068,Zaitra Prashad,Shoes,Fashion,4,2500,10000,Bengaluru,Cash on Delivery,2026-01-29,5
7840,6197,Anya Joshi,Shoes,Fashion,4,2500,10000,Hyderabad,UPI,2025-10-29,1
7841,3679,Benjamin Raja,Shoes,Fashion,3,2500,7500,Pune,Credit Card,2026-04-05,5
7842,8282,Dalbir Naidu,Headphones,Electronics,1,3000,3000,Ahmedabad,Cash on Delivery,2026-08-05,5
7843,6086,Rajeshri Varkey,Phone,Electronics,1,25000,25000,Pune,Debit Card,2025-10-15,6
7844,7153,Devika Hayer,Shoes,Fashion,1,2500,2500,Pune,Debit Card,2026-06-12,6
7845,3880,Yauvani Dhingra,Headphones,Electronics,4,3000,12000,Pune,Credit Card,2025-11-09,5
7846,3311,Harita Kumar,Phone,Electronics,5,25000,125000,Kolkata,Cash on Delivery,2026-05-23,6
7847,8380,Nihal Gaba,Laptop,Electronics,3,65000,195000,Hyderabad,Cash on Delivery,2025-09-11,5
7848,1963,Logan Andra,Phone,Electronics,4,25000,100000,Ahmedabad,UPI,2026-02-14,5
7849,2942,Abeer Arya,Phone,Electronics,1,25000,25000,Delhi,Credit Card,2026-07-26,1
7850,8420,Ria Nagy,Shoes,Fashion,4,2500,10000,Bengaluru,UPI,2026-07-18,4
7851,5487,Oviya Goyal,Phone,Electronics,1,25000,25000,Pune,Debit Card,2026-06-19,4
7852,7687,Faras Khatri,Headphones,Electronics,1,3000,3000,Chennai,Cash on Delivery,2025-09-14,6
7853,2511,Sachi Wali,Phone,Electronics,1,25000,25000,Ahmedabad,UPI,2026-01-12,6
7854,1024,Vihaan Dora,Phone,Electronics,3,25000,75000,Mumbai,UPI,2026-06-17,2
7855,6606,Lakshmi Narula,Phone,Electronics,3,25000,75000,Kolkata,Cash on Delivery,2026-07-11,6
7856,7869,Amrita Ramaswamy,Phone,Electronics,3,25000,75000,Chennai,Debit Card,2026-02-23,6
7857,3281,Tamanna Gill,Headphones,Electronics,2,3000,6000,Kolkata,Cash on Delivery,2025-09-12,3
7858,6530,Hemal Borra,Laptop,Electronics,1,65000,65000,Delhi,Cash on Delivery,2025-08-09,5
7859,3488,Quincy Sule,Phone,Electronics,1,25000,25000,Hyderabad,Credit Card,2026-01-07,1
7860,7983,Sathvik Thaker,Shoes,Fashion,3,2500,7500,Bengaluru,UPI,2025-09-12,3
7861,7851,Chakrika Chacko,Shoes,Fashion,1,2500,2500,Mumbai,Cash on Delivery,2026-05-04,7
7862,4600,Aashi Morar,Phone,Electronics,4,25000,100000,Delhi,Debit Card,2026-06-29,2
7863,3701,Yasti Chokshi,T-Shirt,Fashion,3,800,2400,Delhi,Cash on Delivery,2025-12-10,6
7864,3440,Radhika Palla,Headphones,Electronics,4,3000,12000,Hyderabad,UPI,2025-12-06,5
7865,2825,Riya Buch,T-Shirt,Fashion,4,800,3200,Ahmedabad,UPI,2026-03-29,4
7866,8075,Hitesh Patla,Phone,Electronics,1,25000,25000,Chennai,UPI,2026-06-16,4
7867,8101,Jyoti Raghavan,Shoes,Fashion,2,2500,5000,Kolkata,UPI,2026-04-13,3
7868,2940,Manthan Cheema,Headphones,Electronics,3,3000,9000,Mumbai,Cash on Delivery,2025-08-15,6
7869,8259,Benjamin Sule,T-Shirt,Fashion,4,800,3200,Chennai,Credit Card,2026-06-25,1
7870,7756,Nitara Sarma,Headphones,Electronics,3,3000,9000,Kolkata,UPI,2026-04-25,5
7871,1797,Matthew Taneja,Desk,Furniture,4,7000,28000,Kolkata,Debit Card,2026-01-08,5
7872,3436,Pahal Sarma,Headphones,Electronics,1,3000,3000,Bengaluru,Net Banking,2025-11-19,7
7873,1301,Arin Majumdar,Desk,Furniture,2,7000,14000,Kolkata,Net Banking,2026-03-14,5
7874,8410,Urvi Sane,Phone,Electronics,4,25000,100000,Bengaluru,Debit Card,2025-11-04,7
7875,7607,Urvi Panchal,Phone,Electronics,3,25000,75000,Chennai,Net Banking,2025-12-03,6
7876,8323,Yadavi Trivedi,Headphones,Electronics,2,3000,6000,Pune,Net Banking,2025-12-12,2
7877,1200,Manthan Dutt,Desk,Furniture,2,7000,14000,Delhi,Net Banking,2026-08-06,6
7878,5216,Yochana Bir,Headphones,Electronics,3,3000,9000,Kolkata,Debit Card,2026-04-14,5
7879,2894,Oliver Hari,Bottle,Home,1,600,600,Hyderabad,Credit Card,2026-01-31,4
7880,2439,Indira Agrawal,Headphones,Electronics,2,3000,6000,Mumbai,Debit Card,2025-11-03,4
7881,2083,Qadim Bawa,Headphones,Electronics,5,3000,15000,Pune,UPI,2026-05-06,5
7882,3990,Vinaya Srivastava,Phone,Electronics,5,25000,125000,Pune,Cash on Delivery,2026-02-10,3
7883,4931,Varenya Palla,Desk,Furniture,1,7000,7000,Kolkata,UPI,2026-02-25,4
7884,5563,Yamini Narayan,T-Shirt,Fashion,1,800,800,Bengaluru,Credit Card,2026-03-28,6
7885,7689,Priya Gala,Phone,Electronics,5,25000,125000,Hyderabad,Cash on Delivery,2026-06-18,5
7886,2935,Aahana Kothari,Laptop,Electronics,2,65000,130000,Mumbai,Debit Card,2026-01-09,1
7887,4953,Ojasvi Barad,Headphones,Electronics,1,3000,3000,Chennai,Net Banking,2025-11-16,7
7888,8210,Kamya Sant,Laptop,Electronics,3,65000,195000,Delhi,Debit Card,2026-01-27,4
7889,5288,Ekantika Mane,Shoes,Fashion,3,2500,7500,Delhi,Debit Card,2026-03-01,6
7890,6383,Niharika Agarwal,T-Shirt,Fashion,1,800,800,Mumbai,Net Banking,2026-04-23,7
7891,3551,Jeremiah Salvi,Phone,Electronics,3,25000,75000,Kolkata,Net Banking,2026-07-05,5
7892,3630,Tripti Dara,Watch,Accessories,1,5000,5000,Chennai,Net Banking,2025-09-14,5
7893,9200,Jason Toor,Laptop,Electronics,5,65000,325000,Chennai,UPI,2026-04-10,6
7894,2189,Yoshita Batta,Headphones,Electronics,5,3000,15000,Pune,Debit Card,2026-04-23,7
7895,7369,Orinder Hari,Laptop,Electronics,4,65000,260000,Mumbai,UPI,2026-03-25,4
7896,5559,Mugdha Murthy,T-Shirt,Fashion,2,800,1600,Bengaluru,UPI,2026-02-18,4
7897,1821,Jagdish Varkey,Watch,Accessories,4,5000,20000,Delhi,Debit Card,2026-01-29,6
7898,3516,Ekantika Konda,Headphones,Electronics,3,3000,9000,Pune,UPI,2026-07-03,3
7899,8938,Joshua Choudhary,Shoes,Fashion,4,2500,10000,Ahmedabad,Cash on Delivery,2025-10-02,2
7900,1548,Mitali Dubey,Phone,Electronics,1,25000,25000,Hyderabad,UPI,2026-07-07,2
7901,9518,Kamala Balasubramanian,Laptop,Electronics,1,65000,65000,Chennai,UPI,2025-12-22,4
7902,8130,Laksh Chandra,Phone,Electronics,5,25000,125000,Bengaluru,Credit Card,2025-08-23,6
7903,8671,Aryan Devi,Phone,Electronics,3,25000,75000,Chennai,Debit Card,2025-11-09,6
7904,5431,Avni Nigam,Chair,Furniture,5,4000,20000,Ahmedabad,Net Banking,2026-03-12,2
7905,2233,Andrew Krishna,Phone,Electronics,3,25000,75000,Delhi,UPI,2025-11-21,1
7906,4807,William Halder,Phone,Electronics,4,25000,100000,Hyderabad,Debit Card,2025-09-05,5
7907,8259,Pranav Jha,T-Shirt,Fashion,2,800,1600,Kolkata,Cash on Delivery,2025-08-28,1
7908,6012,Noah Doctor,Headphones,Electronics,5,3000,15000,Bengaluru,Cash on Delivery,2025-10-04,5
7909,6904,Max Sahni,Phone,Electronics,5,25000,125000,Ahmedabad,Debit Card,2025-11-08,2
7910,9818,Mitesh Pall,Shoes,Fashion,3,2500,7500,Bengaluru,UPI,2025-11-08,2
7911,2920,Gavin Dora,Headphones,Electronics,1,3000,3000,Mumbai,Debit Card,2026-02-12,6
7912,7642,Shaurya Bandi,Watch,Accessories,4,5000,20000,Pune,UPI,2025-09-28,6
7913,4452,Logan Chanda,Chair,Furniture,1,4000,4000,Ahmedabad,Debit Card,2025-08-17,7
7914,4355,Oeshi Chaudry,Chair,Furniture,2,4000,8000,Kolkata,Debit Card,2025-12-29,1
7915,9109,Parth Bansal,Headphones,Electronics,2,3000,6000,Hyderabad,UPI,2026-05-08,4
7916,6239,Lohit Panchal,Phone,Electronics,2,25000,50000,Bengaluru,Credit Card,2026-02-12,2
7917,3371,Saksham Yohannan,Phone,Electronics,3,25000,75000,Mumbai,Credit Card,2025-11-30,5
7918,8085,Ishanvi Balasubramanian,Phone,Electronics,4,25000,100000,Ahmedabad,Cash on Delivery,2026-03-28,2
7919,4232,Daksh Dayal,Headphones,Electronics,4,3000,12000,Hyderabad,Debit Card,2025-08-22,1
7920,6336,Daksha Sangha,Laptop,Electronics,3,65000,195000,Ahmedabad,Net Banking,2026-08-02,1
7921,9495,Dhruv Kara,Bottle,Home,3,600,1800,Bengaluru,Net Banking,2026-07-28,3
7922,3608,Triya Chakrabarti,Laptop,Electronics,5,65000,325000,Chennai,Credit Card,2026-04-22,3
7923,8220,Ayush Parsa,Shoes,Fashion,5,2500,12500,Bengaluru,Net Banking,2025-10-19,2
7924,1381,Gayathri Sheth,Watch,Accessories,4,5000,20000,Chennai,Credit Card,2025-10-23,6
7925,8586,Sanya Ben,Shoes,Fashion,5,2500,12500,Hyderabad,Cash on Delivery,2026-04-09,1
7926,6768,Dalaja Hans,Headphones,Electronics,3,3000,9000,Bengaluru,Credit Card,2026-04-29,4
7927,2354,Rayaan Sidhu,Phone,Electronics,2,25000,50000,Chennai,Cash on Delivery,2025-08-27,3
7928,2382,Kamala Mangal,T-Shirt,Fashion,1,800,800,Ahmedabad,Credit Card,2025-11-13,7
7929,1400,Advaith Kade,Phone,Electronics,4,25000,100000,Hyderabad,Debit Card,2025-09-20,7
7930,8271,Ekantika Viswanathan,Laptop,Electronics,3,65000,195000,Kolkata,Debit Card,2026-07-12,7
7931,9344,Zaitra Wadhwa,Phone,Electronics,5,25000,125000,Chennai,Credit Card,2026-02-16,6
7932,8202,Elijah Bhasin,Headphones,Electronics,2,3000,6000,Kolkata,UPI,2025-08-11,5
7933,5066,Anusha Raju,Laptop,Electronics,3,65000,195000,Bengaluru,Net Banking,2026-07-10,5
7934,3880,Arjun Venkataraman,Headphones,Electronics,1,3000,3000,Bengaluru,Credit Card,2025-11-15,6
7935,6408,Krisha Sankaran,Watch,Accessories,4,5000,20000,Kolkata,Debit Card,2026-01-04,7
7936,7372,Zinal Koshy,Phone,Electronics,4,25000,100000,Pune,Debit Card,2025-11-10,3
7937,7282,Saksham Munshi,Phone,Electronics,3,25000,75000,Bengaluru,Credit Card,2026-05-31,2
7938,5597,Harita Nagar,Laptop,Electronics,2,65000,130000,Chennai,Debit Card,2026-06-28,6
7939,7334,Avni Kibe,Phone,Electronics,2,25000,50000,Mumbai,Credit Card,2026-02-17,5
7940,7161,Vrinda Ray,Laptop,Electronics,1,65000,65000,Delhi,Cash on Delivery,2026-03-18,5
7941,5308,Zayan Lal,Headphones,Electronics,2,3000,6000,Ahmedabad,UPI,2026-05-25,1
7942,4271,Ikbal Dass,Chair,Furniture,5,4000,20000,Bengaluru,Net Banking,2025-10-26,2
7943,9459,Ekantika Dhar,Laptop,Electronics,2,65000,130000,Chennai,UPI,2026-01-15,3
7944,9304,Falguni Bala,Shoes,Fashion,4,2500,10000,Ahmedabad,Cash on Delivery,2026-05-26,7
7945,5021,Yashasvi Sridhar,T-Shirt,Fashion,1,800,800,Chennai,Credit Card,2026-08-05,6
7946,6456,Anamika Dixit,Laptop,Electronics,4,65000,260000,Chennai,Credit Card,2025-08-22,3
7947,7280,Advik Goswami,Shoes,Fashion,5,2500,12500,Pune,UPI,2026-08-07,2
7948,9963,Samesh Char,Phone,Electronics,2,25000,50000,Delhi,Net Banking,2026-04-03,5
7949,7284,Michael Dutta,T-Shirt,Fashion,5,800,4000,Delhi,Net Banking,2025-08-25,1
7950,8543,Bina Prabhu,Laptop,Electronics,1,65000,65000,Mumbai,Debit Card,2025-12-15,5
7951,7557,Samuel Bains,Shoes,Fashion,2,2500,5000,Delhi,Credit Card,2026-03-01,7
7952,1480,Kiaan Bhatia,Chair,Furniture,5,4000,20000,Ahmedabad,Net Banking,2026-06-27,6
7953,5456,Parth Basak,Headphones,Electronics,3,3000,9000,Hyderabad,Cash on Delivery,2025-10-14,2
7954,3847,Damini Krishnamurthy,T-Shirt,Fashion,2,800,1600,Chennai,Cash on Delivery,2025-09-10,4
7955,4664,Unni Devi,Watch,Accessories,2,5000,10000,Mumbai,Net Banking,2026-02-07,1
7956,1898,Tanay Gera,Shoes,Fashion,5,2500,12500,Pune,Credit Card,2025-12-07,5
7957,1764,Avni Gole,Watch,Accessories,2,5000,10000,Kolkata,Net Banking,2025-09-10,4
7958,9398,Ishita Chopra,Phone,Electronics,4,25000,100000,Pune,Credit Card,2026-03-18,1
7959,1539,Tanay Singh,Headphones,Electronics,5,3000,15000,Mumbai,Net Banking,2026-04-19,7
7960,8580,Mitali Prasad,Shoes,Fashion,3,2500,7500,Bengaluru,Net Banking,2026-06-09,1
7961,2716,Tanmayi Zachariah,Shoes,Fashion,2,2500,5000,Mumbai,Credit Card,2026-01-09,4
7962,6065,Wishi Madan,Phone,Electronics,4,25000,100000,Chennai,UPI,2025-11-28,2
7963,2751,Zayyan Sani,Laptop,Electronics,2,65000,130000,Bengaluru,UPI,2026-01-21,4
7964,1277,Nitesh Chauhan,Headphones,Electronics,4,3000,12000,Pune,Credit Card,2025-12-10,6
7965,9092,Praneel Soni,Phone,Electronics,2,25000,50000,Ahmedabad,Net Banking,2026-05-01,5
7966,9733,Meghana Sood,Headphones,Electronics,1,3000,3000,Ahmedabad,Net Banking,2025-09-22,7
7967,4582,Jackson Ganesh,Phone,Electronics,4,25000,100000,Delhi,Debit Card,2026-02-06,1
7968,8430,Advaith Goel,Phone,Electronics,2,25000,50000,Bengaluru,Cash on Delivery,2025-10-28,1
7969,2686,Ubika Mander,Headphones,Electronics,5,3000,15000,Delhi,Net Banking,2025-12-22,3
7970,1304,Ryan Karpe,Phone,Electronics,1,25000,25000,Mumbai,Cash on Delivery,2025-12-31,5
7971,6306,Girindra Kibe,Shoes,Fashion,2,2500,5000,Mumbai,Credit Card,2025-08-24,4
7972,3557,Gauri Das,Watch,Accessories,2,5000,10000,Hyderabad,Net Banking,2026-06-30,6
7973,8352,Raksha Sandal,Laptop,Electronics,2,65000,130000,Delhi,Credit Card,2026-01-22,1
7974,2490,Hema Samra,Watch,Accessories,5,5000,25000,Pune,UPI,2026-01-10,1
7975,7359,Ronith Narula,Watch,Accessories,3,5000,15000,Chennai,UPI,2025-08-19,7
7976,1587,Bhavna Kalita,Shoes,Fashion,4,2500,10000,Kolkata,Cash on Delivery,2026-01-31,2
7977,1595,Laksh Dhingra,Watch,Accessories,2,5000,10000,Pune,Debit Card,2026-02-28,1
7978,1117,Tanveer Pandit,Shoes,Fashion,5,2500,12500,Chennai,Credit Card,2025-08-20,6
7979,4746,Oliver Shanker,Shoes,Fashion,3,2500,7500,Hyderabad,Credit Card,2026-05-06,3
7980,4071,Bachittar Rajan,Laptop,Electronics,4,65000,260000,Chennai,Credit Card,2025-09-24,3
7981,6116,Nakul Krish,Chair,Furniture,1,4000,4000,Pune,Cash on Delivery,2026-06-09,1
7982,6950,Jalsa Bhardwaj,Headphones,Electronics,1,3000,3000,Mumbai,Debit Card,2026-06-02,1
7983,1480,Chavvi Parikh,Phone,Electronics,2,25000,50000,Chennai,Cash on Delivery,2025-08-28,2
7984,3454,Dev Sura,Laptop,Electronics,5,65000,325000,Pune,UPI,2026-06-13,4
7985,6537,Onveer Boase,Phone,Electronics,2,25000,50000,Chennai,Cash on Delivery,2026-07-09,3
7986,1817,Bhavini Narayanan,Phone,Electronics,5,25000,125000,Hyderabad,Cash on Delivery,2026-03-10,2
7987,6929,Yashoda Kaul,Shoes,Fashion,5,2500,12500,Kolkata,Debit Card,2026-06-30,2
7988,6244,Arin Bhavsar,Phone,Electronics,1,25000,25000,Delhi,UPI,2026-03-18,1
7989,2670,Liam Mahal,T-Shirt,Fashion,3,800,2400,Chennai,Credit Card,2026-04-12,6
7990,1717,Advay Banerjee,Phone,Electronics,3,25000,75000,Mumbai,Debit Card,2026-01-16,4
7991,5390,Jeevika Gandhi,Headphones,Electronics,1,3000,3000,Chennai,Debit Card,2025-08-27,1
7992,4688,Chakradev Deep,Chair,Furniture,1,4000,4000,Pune,Debit Card,2025-11-06,7
7993,5758,Niharika Rana,T-Shirt,Fashion,5,800,4000,Chennai,Debit Card,2026-05-20,6
7994,9224,Wishi Suresh,Phone,Electronics,1,25000,25000,Mumbai,Net Banking,2026-02-02,1
7995,1035,Ranveer Munshi,Phone,Electronics,2,25000,50000,Mumbai,Cash on Delivery,2025-08-23,3
7996,9971,Bahadurjit Sahota,Phone,Electronics,5,25000,125000,Delhi,Cash on Delivery,2026-07-04,6
7997,2836,Baghyawati Bhalla,Laptop,Electronics,5,65000,325000,Kolkata,Debit Card,2026-04-22,1
7998,2965,Harita Sarma,Headphones,Electronics,3,3000,9000,Bengaluru,Cash on Delivery,2026-05-01,7
7999,6805,Anay Atwal,Book,Books,4,500,2000,Delhi,Debit Card,2026-05-12,4
8000,3613,Turvi Kurian,Laptop,Electronics,4,65000,260000,Bengaluru,Net Banking,2026-05-19,6
8001,8066,Warjas Sekhon,Desk,Furniture,2,7000,14000,Ahmedabad,Cash on Delivery,2025-11-06,5
8002,9176,Jalsa Khare,Watch,Accessories,5,5000,25000,Bengaluru,UPI,2025-09-21,2
8003,8965,Chakradhar Din,Watch,Accessories,3,5000,15000,Mumbai,UPI,2026-03-27,7
8004,4727,Gauri Dhawan,Phone,Electronics,3,25000,75000,Pune,Cash on Delivery,2026-02-02,4
8005,5137,Girindra Manne,T-Shirt,Fashion,1,800,800,Pune,Credit Card,2026-05-16,6
8006,2884,Darika Kashyap,Chair,Furniture,4,4000,16000,Kolkata,Debit Card,2026-03-12,3
8007,6952,Pranit Srinivasan,Phone,Electronics,3,25000,75000,Ahmedabad,Debit Card,2026-02-02,1
8008,1814,Banjeet Nagy,Chair,Furniture,1,4000,4000,Bengaluru,Net Banking,2026-06-08,1
8009,6735,Zayan Patla,Bottle,Home,5,600,3000,Pune,Cash on Delivery,2025-11-17,2
8010,5166,Ganga Tella,Chair,Furniture,4,4000,16000,Bengaluru,Cash on Delivery,2025-10-16,6
8011,4328,Ojas Chahal,Phone,Electronics,3,25000,75000,Chennai,UPI,2026-07-29,1
8012,1406,Warjas Bhatia,Chair,Furniture,5,4000,20000,Bengaluru,Debit Card,2026-05-09,3
8013,2907,Jagrati Dhillon,Laptop,Electronics,5,65000,325000,Pune,Cash on Delivery,2025-09-04,6
8014,3471,Daksh Babu,Phone,Electronics,1,25000,25000,Hyderabad,Cash on Delivery,2026-03-27,1
8015,9060,Frado Parikh,Headphones,Electronics,1,3000,3000,Delhi,Cash on Delivery,2026-06-09,1
8016,3781,Aishani Tailor,Phone,Electronics,3,25000,75000,Ahmedabad,Debit Card,2026-03-10,2
8017,4083,Omkaar Nagarajan,Shoes,Fashion,1,2500,2500,Pune,UPI,2026-03-05,4
8018,9945,Reyansh Chandran,Headphones,Electronics,2,3000,6000,Delhi,Net Banking,2026-04-21,3
8019,9057,Gauri Dhingra,Phone,Electronics,1,25000,25000,Ahmedabad,Debit Card,2026-05-13,6
8020,5052,Kamala Dada,Laptop,Electronics,4,65000,260000,Kolkata,Net Banking,2026-06-15,1
8021,5393,Ekapad Srinivas,Phone,Electronics,5,25000,125000,Bengaluru,Net Banking,2025-11-30,1
8022,4345,Dhruv Seshadri,Headphones,Electronics,5,3000,15000,Hyderabad,Net Banking,2025-12-12,6
8023,1430,Megha Char,Headphones,Electronics,1,3000,3000,Bengaluru,Net Banking,2026-01-24,4
8024,8111,Lila Naidu,Shoes,Fashion,3,2500,7500,Mumbai,Credit Card,2026-04-19,7
8025,5667,Deepa Deshpande,Laptop,Electronics,4,65000,260000,Chennai,Debit Card,2025-10-14,6
8026,7160,Anya Saini,Headphones,Electronics,4,3000,12000,Pune,Cash on Delivery,2025-11-10,5
8027,3778,Libni Jani,T-Shirt,Fashion,4,800,3200,Ahmedabad,UPI,2025-09-02,5
8028,1949,Balvan Jha,Phone,Electronics,3,25000,75000,Mumbai,Debit Card,2026-06-26,2
8029,3543,Mohammed Oza,T-Shirt,Fashion,5,800,4000,Ahmedabad,Cash on Delivery,2025-09-23,1
8030,3795,Yutika Dhingra,Watch,Accessories,5,5000,25000,Chennai,UPI,2026-05-27,1
8031,6487,Robert Pingle,Phone,Electronics,3,25000,75000,Mumbai,Debit Card,2025-09-27,2
8032,6281,Jack Murty,Headphones,Electronics,2,3000,6000,Ahmedabad,Credit Card,2026-07-17,1
8033,7707,Aishani Mukhopadhyay,Phone,Electronics,5,25000,125000,Ahmedabad,Net Banking,2026-06-24,1
8034,9668,Brinda Mukhopadhyay,Headphones,Electronics,1,3000,3000,Delhi,Debit Card,2026-02-10,2
8035,1699,Gautam Raja,Headphones,Electronics,2,3000,6000,Ahmedabad,Credit Card,2026-07-01,1
8036,4593,Damyanti Kala,Chair,Furniture,4,4000,16000,Delhi,Net Banking,2025-11-11,2
8037,9639,Chatura Lal,T-Shirt,Fashion,2,800,1600,Pune,UPI,2026-01-10,1
8038,8600,Ishanvi Dhar,Shoes,Fashion,4,2500,10000,Chennai,Net Banking,2025-09-14,2
8039,3015,Yutika Parekh,Shoes,Fashion,1,2500,2500,Delhi,Debit Card,2025-10-06,1
8040,8507,Idika Prasad,T-Shirt,Fashion,1,800,800,Delhi,Net Banking,2025-11-06,3
8041,6022,Nidhi Contractor,Chair,Furniture,3,4000,12000,Ahmedabad,Debit Card,2025-08-10,1
8042,2906,Suhani Chaudhry,T-Shirt,Fashion,5,800,4000,Pune,Credit Card,2026-01-31,5
8043,8713,Shivani Pandya,Headphones,Electronics,4,3000,12000,Hyderabad,Net Banking,2025-11-09,6
8044,6200,Kamya Saini,Phone,Electronics,1,25000,25000,Ahmedabad,Cash on Delivery,2026-02-08,4
8045,8566,Mugdha Bir,Headphones,Electronics,3,3000,9000,Bengaluru,Net Banking,2025-09-16,4
8046,4712,Nandini Kapur,Phone,Electronics,4,25000,100000,Bengaluru,Cash on Delivery,2026-04-23,2
8047,4741,Vasana Bora,Phone,Electronics,3,25000,75000,Kolkata,UPI,2025-11-18,2
8048,2291,Varsha Murty,Shoes,Fashion,5,2500,12500,Delhi,Debit Card,2025-12-06,4
8049,2789,Kashish Aggarwal,Headphones,Electronics,3,3000,9000,Pune,UPI,2026-05-09,6
8050,1345,Samarth Sangha,Phone,Electronics,2,25000,50000,Kolkata,Cash on Delivery,2026-07-13,5
8051,3462,William Bhat,Shoes,Fashion,2,2500,5000,Kolkata,Cash on Delivery,2025-11-20,7
8052,8068,Lohit Bora,Shoes,Fashion,1,2500,2500,Delhi,Debit Card,2026-05-15,7
8053,2692,Krish Contractor,Shoes,Fashion,1,2500,2500,Kolkata,UPI,2026-01-18,2
8054,4895,Arunima Sachar,Shoes,Fashion,2,2500,5000,Chennai,Credit Card,2025-12-07,4
8055,8577,Sarthak Gera,Phone,Electronics,2,25000,50000,Hyderabad,Net Banking,2026-02-13,1
8056,9610,Wahab Subramaniam,Laptop,Electronics,1,65000,65000,Pune,Credit Card,2025-11-09,3
8057,8889,Anvi Hora,Laptop,Electronics,3,65000,195000,Mumbai,Cash on Delivery,2026-07-01,6
8058,3037,Mugdha Sarin,Headphones,Electronics,4,3000,12000,Mumbai,UPI,2026-02-09,6
8059,7254,Ekapad Srivastava,Bottle,Home,4,600,2400,Bengaluru,UPI,2026-07-15,4
8060,9825,Farhan Garde,Phone,Electronics,4,25000,100000,Kolkata,Credit Card,2025-09-09,6
8061,5596,Samesh Mangal,Phone,Electronics,1,25000,25000,Ahmedabad,Debit Card,2026-06-25,7
8062,8406,Yamini Mukherjee,Desk,Furniture,3,7000,21000,Hyderabad,UPI,2026-03-03,6
8063,9386,Avi Misra,Laptop,Electronics,4,65000,260000,Ahmedabad,Net Banking,2026-05-10,2
8064,8756,Maanav Chakrabarti,Headphones,Electronics,2,3000,6000,Delhi,UPI,2025-12-20,5
8065,5399,Ekbal Joshi,Watch,Accessories,5,5000,25000,Hyderabad,Net Banking,2026-07-05,2
8066,9962,Ishita Borde,Laptop,Electronics,3,65000,195000,Ahmedabad,Cash on Delivery,2026-07-17,5
8067,7628,Viraj Seshadri,Shoes,Fashion,1,2500,2500,Ahmedabad,Cash on Delivery,2026-03-30,1
8068,5335,Aarini Dugar,Headphones,Electronics,1,3000,3000,Mumbai,Net Banking,2025-08-24,6
8069,5608,Gabriel Dewan,Shoes,Fashion,2,2500,5000,Pune,Cash on Delivery,2025-12-11,7
8070,9632,Kamala Ramachandran,Shoes,Fashion,5,2500,12500,Bengaluru,Cash on Delivery,2025-12-20,1
8071,7185,Wahab Kakar,Headphones,Electronics,3,3000,9000,Delhi,Net Banking,2026-02-07,4
8072,4303,Ekaja Sengupta,Phone,Electronics,4,25000,100000,Mumbai,Debit Card,2026-08-07,5
8073,9458,Nikita Kapoor,Phone,Electronics,1,25000,25000,Mumbai,Credit Card,2026-02-14,4
8074,4300,Fariq Gera,Book,Books,2,500,1000,Delhi,Debit Card,2026-04-01,3
8075,1053,Vanya Narula,Laptop,Electronics,2,65000,130000,Hyderabad,Debit Card,2025-12-26,5
8076,7583,Samarth Basak,Phone,Electronics,1,25000,25000,Pune,Cash on Delivery,2025-08-12,4
8077,8819,Wridesh Ramesh,Phone,Electronics,2,25000,50000,Hyderabad,Net Banking,2025-09-19,6
8078,2568,Yasti Bedi,Chair,Furniture,5,4000,20000,Hyderabad,Credit Card,2025-09-21,6
8079,3643,Lohit Narula,Headphones,Electronics,2,3000,6000,Kolkata,Net Banking,2025-11-09,1
8080,6658,Inaya Sharma,Headphones,Electronics,3,3000,9000,Hyderabad,Net Banking,2025-11-22,2
8081,9764,Hamsini Sharaf,Phone,Electronics,5,25000,125000,Hyderabad,UPI,2025-09-10,2
8082,8973,Rachana Dar,Laptop,Electronics,4,65000,260000,Mumbai,Cash on Delivery,2025-11-30,1
8083,9251,Harsh Chawla,Shoes,Fashion,2,2500,5000,Pune,UPI,2025-12-28,6
8084,8455,Nitara Balasubramanian,Headphones,Electronics,5,3000,15000,Chennai,UPI,2026-01-14,2
8085,1235,Kashvi Toor,Headphones,Electronics,3,3000,9000,Kolkata,Credit Card,2026-02-26,4
8086,9695,Ganga Shah,Book,Books,3,500,1500,Mumbai,UPI,2025-11-05,3
8087,2443,Jhalak Nagi,Shoes,Fashion,2,2500,5000,Chennai,Cash on Delivery,2026-05-26,5
8088,9367,Yatan Choudhury,Laptop,Electronics,5,65000,325000,Hyderabad,Cash on Delivery,2026-05-27,5
8089,9848,Oni Chada,Shoes,Fashion,5,2500,12500,Ahmedabad,Net Banking,2026-07-18,2
8090,3543,Dakshesh Tak,Desk,Furniture,1,7000,7000,Bengaluru,Cash on Delivery,2026-02-27,6
8091,5487,Laban Baria,Chair,Furniture,1,4000,4000,Chennai,Net Banking,2025-10-25,3
8092,5015,Sara Savant,Phone,Electronics,3,25000,75000,Chennai,Net Banking,2026-03-07,5
8093,3856,Zehaan Misra,Shoes,Fashion,2,2500,5000,Delhi,Cash on Delivery,2026-05-03,2
8094,7788,Gunbir Walla,Shoes,Fashion,5,2500,12500,Mumbai,UPI,2026-05-11,3
8095,4787,Frederick Panchal,Headphones,Electronics,2,3000,6000,Delhi,Cash on Delivery,2026-04-10,4
8096,5578,Zilmil Badami,Headphones,Electronics,1,3000,3000,Chennai,Cash on Delivery,2026-07-19,1
8097,2269,Ishaan Palla,Bottle,Home,3,600,1800,Bengaluru,Net Banking,2025-10-08,1
8098,2723,Manthan Das,Phone,Electronics,4,25000,100000,Bengaluru,UPI,2026-04-06,5
8099,3099,Lila Butala,Phone,Electronics,4,25000,100000,Pune,Net Banking,2025-09-05,4
8100,7597,Oliver Chakraborty,Phone,Electronics,3,25000,75000,Bengaluru,Credit Card,2026-07-04,7
8101,7975,Shivani Sibal,Headphones,Electronics,5,3000,15000,Mumbai,Cash on Delivery,2025-10-05,2
8102,8407,Nimrat Kashyap,T-Shirt,Fashion,2,800,1600,Kolkata,Cash on Delivery,2026-03-08,1
8103,6436,Yadavi Chaudhary,Shoes,Fashion,2,2500,5000,Mumbai,Credit Card,2026-05-26,4
8104,1806,Tara Deshmukh,Headphones,Electronics,5,3000,15000,Chennai,Debit Card,2026-01-12,7
8105,7764,Hemal Sarna,Headphones,Electronics,1,3000,3000,Pune,Credit Card,2026-04-15,4
8106,5040,Udant Mane,Headphones,Electronics,2,3000,6000,Kolkata,Debit Card,2025-12-24,4
8107,5462,Aadi Mukherjee,T-Shirt,Fashion,5,800,4000,Ahmedabad,Credit Card,2025-08-25,3
8108,9125,Mitesh Chandra,Headphones,Electronics,4,3000,12000,Ahmedabad,Net Banking,2026-03-21,2
8109,6557,Chakradev Toor,Shoes,Fashion,3,2500,7500,Hyderabad,Cash on Delivery,2025-11-30,1
8110,4143,Eshana Wason,Headphones,Electronics,5,3000,15000,Kolkata,Debit Card,2025-11-02,3
8111,3722,Ijaya De,Headphones,Electronics,5,3000,15000,Hyderabad,Net Banking,2026-04-07,4
8112,5401,Yug Bhalla,Laptop,Electronics,2,65000,130000,Pune,Debit Card,2026-02-25,1
8113,9135,Eta De,Phone,Electronics,4,25000,100000,Delhi,Credit Card,2025-09-16,1
8114,3835,Nicholas Dube,Bottle,Home,5,600,3000,Ahmedabad,Net Banking,2026-06-06,5
8115,7520,Yashica Sekhon,Headphones,Electronics,1,3000,3000,Mumbai,UPI,2025-11-03,2
8116,4413,Charita Bora,Headphones,Electronics,4,3000,12000,Bengaluru,Net Banking,2026-02-11,3
8117,1507,Dominic Shroff,Laptop,Electronics,5,65000,325000,Pune,Credit Card,2026-07-22,4
8118,8160,Yahvi Desai,Phone,Electronics,2,25000,50000,Delhi,Net Banking,2026-06-04,6
8119,2968,Yadavi Rattan,Phone,Electronics,3,25000,75000,Delhi,Net Banking,2025-09-23,4
8120,8577,Eesha Sane,T-Shirt,Fashion,1,800,800,Delhi,Cash on Delivery,2025-12-12,7
8121,4391,Wyatt Madan,Shoes,Fashion,5,2500,12500,Hyderabad,UPI,2026-07-18,2
8122,1528,Aarav Bala,Phone,Electronics,3,25000,75000,Bengaluru,Cash on Delivery,2025-10-20,7
8123,3975,Dayita Rama,Phone,Electronics,3,25000,75000,Ahmedabad,UPI,2025-10-02,1
8124,7119,Banjeet Magar,Watch,Accessories,4,5000,20000,Kolkata,Debit Card,2025-08-30,3
8125,9543,Mohini Malhotra,Phone,Electronics,3,25000,75000,Chennai,Credit Card,2025-11-22,6
8126,1176,Fiyaz Yadav,Phone,Electronics,1,25000,25000,Kolkata,UPI,2026-07-31,7
8127,6527,Hemangini Kari,Phone,Electronics,1,25000,25000,Ahmedabad,Cash on Delivery,2026-01-20,2
8128,2897,Anjali Baral,Headphones,Electronics,3,3000,9000,Delhi,Net Banking,2025-09-19,4
8129,8071,Jason Arya,Laptop,Electronics,1,65000,65000,Chennai,UPI,2025-12-15,4
8130,6617,Barkha Subramanian,Watch,Accessories,1,5000,5000,Hyderabad,UPI,2026-05-17,4
8131,3695,Krisha Rao,Phone,Electronics,1,25000,25000,Pune,Debit Card,2026-08-01,6
8132,8586,Dominic Dewan,Phone,Electronics,5,25000,125000,Mumbai,Net Banking,2025-10-20,1
8133,7341,Bahadurjit Nagarajan,Phone,Electronics,2,25000,50000,Kolkata,Debit Card,2026-04-21,4
8134,5306,Ekalinga Lata,Phone,Electronics,3,25000,75000,Chennai,UPI,2026-08-03,4
8135,3959,Yadavi Jhaveri,Headphones,Electronics,3,3000,9000,Chennai,UPI,2026-06-05,3
8136,9954,Jeevika Kakar,Phone,Electronics,5,25000,125000,Bengaluru,Debit Card,2026-03-02,5
8137,7557,Damini Soni,Shoes,Fashion,4,2500,10000,Chennai,UPI,2026-06-18,5
8138,9419,Aarush Magar,Shoes,Fashion,1,2500,2500,Kolkata,Debit Card,2026-07-03,5
8139,2769,Ayaan Dani,Headphones,Electronics,3,3000,9000,Pune,UPI,2025-11-12,2
8140,6010,Vyanjana Tandon,Headphones,Electronics,2,3000,6000,Kolkata,Debit Card,2026-04-20,3
8141,2981,Yochana Tandon,Phone,Electronics,4,25000,100000,Hyderabad,Cash on Delivery,2026-07-03,5
8142,3591,Yatan Som,Laptop,Electronics,2,65000,130000,Hyderabad,UPI,2026-05-05,5
8143,5821,Noah Gill,Shoes,Fashion,3,2500,7500,Hyderabad,UPI,2025-09-19,6
8144,5500,Kamya Dixit,Phone,Electronics,2,25000,50000,Ahmedabad,Debit Card,2025-09-08,7
8145,1500,Yashvi Sem,Headphones,Electronics,5,3000,15000,Delhi,Cash on Delivery,2025-12-03,2
8146,8948,Hemang Sachdev,Phone,Electronics,4,25000,100000,Bengaluru,Credit Card,2026-05-24,1
8147,7866,Eta Gole,Phone,Electronics,2,25000,50000,Ahmedabad,Cash on Delivery,2025-12-01,7
8148,8242,Vedhika Pandit,Headphones,Electronics,2,3000,6000,Mumbai,Debit Card,2025-11-26,1
8149,5666,Vedant Parmar,Chair,Furniture,1,4000,4000,Mumbai,Credit Card,2025-11-17,4
8150,7220,Maya Warrior,Headphones,Electronics,4,3000,12000,Kolkata,Net Banking,2026-06-10,3
8151,3107,Nitesh Chatterjee,T-Shirt,Fashion,2,800,1600,Bengaluru,Debit Card,2026-06-17,7
8152,4573,Patrick Dhar,Shoes,Fashion,4,2500,10000,Kolkata,UPI,2026-04-17,5
8153,6381,Aarna Uppal,Headphones,Electronics,3,3000,9000,Kolkata,Net Banking,2026-01-28,1
8154,6009,Tanish Soni,T-Shirt,Fashion,1,800,800,Ahmedabad,Debit Card,2026-04-16,6
8155,9816,Urishilla Basak,Laptop,Electronics,2,65000,130000,Pune,Debit Card,2025-11-23,2
8156,3265,Zaitra Pandya,Headphones,Electronics,5,3000,15000,Chennai,Net Banking,2025-08-16,4
8157,2983,Sachi Sandal,Headphones,Electronics,3,3000,9000,Hyderabad,Cash on Delivery,2026-01-08,4
8158,9534,Bhavya Shanker,Headphones,Electronics,5,3000,15000,Chennai,Net Banking,2025-09-04,5
8159,1133,Neelima Toor,Bottle,Home,4,600,2400,Kolkata,Net Banking,2026-07-25,4
8160,5866,Daksh Shenoy,Phone,Electronics,1,25000,25000,Mumbai,Net Banking,2026-07-22,6
8161,1625,Faris Parmer,Phone,Electronics,5,25000,125000,Pune,Net Banking,2025-08-22,1
8162,5266,Aadi Upadhyay,Shoes,Fashion,3,2500,7500,Kolkata,Debit Card,2026-02-13,2
8163,3256,Kabir Tata,Headphones,Electronics,4,3000,12000,Ahmedabad,Debit Card,2026-05-04,3
8164,8871,Prisha Amble,Phone,Electronics,2,25000,50000,Chennai,UPI,2025-12-07,1
8165,8537,Wyatt Dada,Shoes,Fashion,3,2500,7500,Bengaluru,Net Banking,2025-12-21,4
8166,8477,Aarnav Muni,Phone,Electronics,1,25000,25000,Ahmedabad,UPI,2026-03-22,7
8167,3030,Vrinda Kata,Shoes,Fashion,5,2500,12500,Pune,Cash on Delivery,2025-08-28,7
8168,9947,Inaya Chad,Laptop,Electronics,4,65000,260000,Bengaluru,Net Banking,2026-07-23,1
8169,9572,Tanvi Ahuja,Phone,Electronics,4,25000,100000,Mumbai,UPI,2025-10-04,5
8170,9764,Aradhana Kota,Shoes,Fashion,3,2500,7500,Kolkata,Cash on Delivery,2026-06-08,4
8171,6869,Wazir Mandal,Laptop,Electronics,4,65000,260000,Delhi,UPI,2026-01-24,2
8172,4530,Vanya Agate,Headphones,Electronics,5,3000,15000,Bengaluru,Debit Card,2026-01-13,4
8173,8833,Viraj Nagy,Chair,Furniture,4,4000,16000,Pune,Cash on Delivery,2026-02-08,7
8174,8903,Kritika Rattan,Phone,Electronics,4,25000,100000,Mumbai,Net Banking,2026-06-09,4
8175,8203,Anthony Mani,Phone,Electronics,4,25000,100000,Chennai,UPI,2026-01-30,4
8176,7427,Radha Brahmbhatt,Book,Books,2,500,1000,Hyderabad,Net Banking,2026-07-07,1
8177,3333,Ucchal Pandya,Phone,Electronics,2,25000,50000,Chennai,Credit Card,2026-02-20,3
8178,9449,Fitan Rout,Shoes,Fashion,5,2500,12500,Chennai,Debit Card,2025-08-08,1
8179,7496,Ranbir Virk,Shoes,Fashion,4,2500,10000,Ahmedabad,Debit Card,2025-12-02,5
8180,6124,Jagrati Bose,Headphones,Electronics,1,3000,3000,Hyderabad,Cash on Delivery,2025-11-14,3
8181,5205,Aadi Rana,Phone,Electronics,2,25000,50000,Ahmedabad,Debit Card,2026-03-08,1
8182,7230,Ekansh Bains,Phone,Electronics,4,25000,100000,Bengaluru,UPI,2026-01-12,5
8183,3893,Lopa Misra,Shoes,Fashion,1,2500,2500,Hyderabad,Debit Card,2026-05-05,5
8184,1386,Manthan Sunder,Phone,Electronics,1,25000,25000,Bengaluru,UPI,2026-05-05,3
8185,6264,Riya Mutti,Phone,Electronics,4,25000,100000,Delhi,Debit Card,2026-04-23,6
8186,7984,Ridhi Radhakrishnan,Phone,Electronics,5,25000,125000,Chennai,Net Banking,2026-03-18,1
8187,3775,Harshil Raju,Laptop,Electronics,1,65000,65000,Hyderabad,Credit Card,2025-09-26,1
8188,3179,Adya Memon,T-Shirt,Fashion,3,800,2400,Pune,UPI,2026-05-07,3
8189,6132,Veer Ray,Watch,Accessories,1,5000,5000,Kolkata,Debit Card,2025-09-14,5
8190,8572,Ridhi Mall,Shoes,Fashion,2,2500,5000,Chennai,Net Banking,2026-05-08,4
8191,3859,Aradhana Hegde,Chair,Furniture,1,4000,4000,Kolkata,Cash on Delivery,2026-01-01,7
8192,4233,Henry Memon,Book,Books,5,500,2500,Hyderabad,Credit Card,2026-02-28,2
8193,6090,Warjas Dugar,T-Shirt,Fashion,4,800,3200,Bengaluru,UPI,2026-07-22,1
8194,6250,Laban Sangha,Headphones,Electronics,3,3000,9000,Kolkata,Cash on Delivery,2025-08-13,4
8195,6963,Ekapad Mane,Laptop,Electronics,2,65000,130000,Delhi,Cash on Delivery,2025-08-24,3
8196,2274,Vansha Chadha,Laptop,Electronics,2,65000,130000,Pune,UPI,2026-06-23,6
8197,5025,Abhiram Morar,Shoes,Fashion,4,2500,10000,Bengaluru,Cash on Delivery,2025-08-11,3
8198,5188,David Dutt,T-Shirt,Fashion,2,800,1600,Chennai,Debit Card,2025-11-30,6
8199,5611,Nandini Dixit,Watch,Accessories,3,5000,15000,Chennai,UPI,2026-04-01,2
8200,4610,Udant Dyal,T-Shirt,Fashion,1,800,800,Pune,Cash on Delivery,2026-02-13,4
8201,5264,Ayaan Warrior,Shoes,Fashion,4,2500,10000,Pune,UPI,2026-06-18,1
8202,3832,Keya Sharma,Watch,Accessories,5,5000,25000,Mumbai,Debit Card,2026-02-26,6
8203,4473,Harish Chacko,Phone,Electronics,3,25000,75000,Ahmedabad,Debit Card,2025-09-05,7
8204,3054,Advika Palla,Phone,Electronics,4,25000,100000,Chennai,UPI,2026-04-30,4
8205,2387,Jack Nair,Shoes,Fashion,5,2500,12500,Hyderabad,Net Banking,2026-04-14,3
8206,6457,Jagvi Suri,Chair,Furniture,4,4000,16000,Mumbai,Credit Card,2026-07-11,6
8207,8589,Meghana Baria,T-Shirt,Fashion,1,800,800,Pune,Net Banking,2025-09-05,1
8208,1302,Mitali Morar,Headphones,Electronics,3,3000,9000,Ahmedabad,Net Banking,2025-11-30,2
8209,6665,Wridesh Dass,Shoes,Fashion,1,2500,2500,Ahmedabad,Debit Card,2025-10-07,4
8210,3148,Aahana Parmer,Shoes,Fashion,1,2500,2500,Delhi,Cash on Delivery,2025-09-17,5
8211,2780,Mekhala Ganesh,Laptop,Electronics,4,65000,260000,Mumbai,Net Banking,2026-06-29,7
8212,8443,Vihaan Sahota,Shoes,Fashion,5,2500,12500,Hyderabad,Cash on Delivery,2026-04-29,2
8213,4801,Indali Das,Phone,Electronics,1,25000,25000,Mumbai,Debit Card,2026-04-20,5
8214,4733,Januja Borah,Phone,Electronics,3,25000,75000,Pune,Debit Card,2025-12-07,7
8215,1269,Bishakha Boase,T-Shirt,Fashion,5,800,4000,Ahmedabad,Debit Card,2025-12-18,6
8216,3701,Yashawini Zachariah,Laptop,Electronics,5,65000,325000,Hyderabad,UPI,2025-11-16,5
8217,8736,Ubika Chandra,Phone,Electronics,1,25000,25000,Kolkata,Credit Card,2026-01-31,1
8218,4095,Manya Panchal,Watch,Accessories,3,5000,15000,Delhi,UPI,2025-09-17,2
8219,4050,Timothy Tripathi,T-Shirt,Fashion,2,800,1600,Bengaluru,Cash on Delivery,2025-09-21,2
8220,6968,Bhanumati Bhandari,Laptop,Electronics,3,65000,195000,Ahmedabad,Debit Card,2025-09-20,6
8221,9273,Anay Chowdhury,Bottle,Home,2,600,1200,Pune,Net Banking,2026-01-22,4
8222,8251,Chaman Varma,Phone,Electronics,3,25000,75000,Hyderabad,Credit Card,2026-05-02,5
8223,5739,Idika Srinivas,Phone,Electronics,5,25000,125000,Hyderabad,UPI,2026-06-27,1
8224,2301,Alka Madan,Headphones,Electronics,3,3000,9000,Ahmedabad,Cash on Delivery,2026-06-18,5
8225,9672,Triya Srinivasan,Headphones,Electronics,2,3000,6000,Delhi,Net Banking,2025-12-10,3
8226,4969,Karan Sekhon,Headphones,Electronics,5,3000,15000,Kolkata,Net Banking,2025-12-31,2
8227,8080,Vrinda Mani,Laptop,Electronics,1,65000,65000,Ahmedabad,Net Banking,2026-05-07,7
8228,5790,Omisha Kadakia,T-Shirt,Fashion,5,800,4000,Chennai,UPI,2026-03-21,7
8229,6594,Maanav Bedi,Headphones,Electronics,3,3000,9000,Chennai,Credit Card,2025-12-08,6
8230,8663,Vinaya Barad,Phone,Electronics,4,25000,100000,Delhi,Credit Card,2026-04-03,2
8231,9316,Hemal Bhasin,Headphones,Electronics,5,3000,15000,Kolkata,Debit Card,2026-05-21,5
8232,1875,Kamala Dhingra,Headphones,Electronics,3,3000,9000,Delhi,Credit Card,2025-10-25,1
8233,1747,Madhav Ganesh,Headphones,Electronics,2,3000,6000,Pune,Cash on Delivery,2025-09-06,7
8234,8581,Turvi Chanda,Watch,Accessories,1,5000,5000,Pune,Credit Card,2025-11-24,5
8235,5254,Ekavir Jain,Laptop,Electronics,4,65000,260000,Pune,Cash on Delivery,2025-11-15,4
8236,1678,Oviya Modi,Phone,Electronics,2,25000,50000,Bengaluru,Debit Card,2025-11-02,6
8237,1213,Zilmil Magar,T-Shirt,Fashion,3,800,2400,Kolkata,Credit Card,2025-10-18,6
8238,2322,Sai Ghose,Phone,Electronics,4,25000,100000,Delhi,UPI,2026-04-19,1
8239,7513,Jagat Bala,Phone,Electronics,2,25000,50000,Kolkata,Credit Card,2026-06-07,5
8240,7468,Eiravati Loke,Shoes,Fashion,1,2500,2500,Pune,Credit Card,2025-12-12,4
8241,7801,Nidra Lanka,Laptop,Electronics,4,65000,260000,Chennai,Debit Card,2025-11-13,4
8242,9007,Qasim Morar,Laptop,Electronics,1,65000,65000,Hyderabad,Debit Card,2026-04-18,2
8243,7007,Parth Dass,Headphones,Electronics,4,3000,12000,Bengaluru,UPI,2025-11-14,5
8244,1187,Rachana Palla,Phone,Electronics,2,25000,50000,Delhi,UPI,2026-03-08,6
8245,4624,Advika Gaba,Phone,Electronics,5,25000,125000,Bengaluru,UPI,2026-04-09,3
8246,1765,Rudra Bedi,Phone,Electronics,5,25000,125000,Delhi,Cash on Delivery,2026-07-26,3
8247,7185,Nihal Sehgal,Laptop,Electronics,4,65000,260000,Pune,Credit Card,2025-11-23,1
8248,5862,William Yohannan,Headphones,Electronics,1,3000,3000,Bengaluru,Net Banking,2026-01-17,7
8249,7517,Isha Sahota,Shoes,Fashion,1,2500,2500,Kolkata,Credit Card,2026-06-29,2
8250,7258,Ayaan Raj,Phone,Electronics,3,25000,75000,Pune,Debit Card,2025-11-12,4
8251,1790,Devika Halder,Phone,Electronics,4,25000,100000,Chennai,UPI,2025-10-24,4
8252,9051,Andrew Sarna,Headphones,Electronics,2,3000,6000,Kolkata,Net Banking,2025-09-22,5
8253,2186,George Panchal,Watch,Accessories,2,5000,10000,Pune,UPI,2026-04-25,5
8254,8522,Vamakshi Gill,Phone,Electronics,1,25000,25000,Bengaluru,Net Banking,2026-06-08,1
8255,8715,Zarna Kurian,Headphones,Electronics,3,3000,9000,Delhi,UPI,2025-09-25,6
8256,6649,Zarna Nazareth,Laptop,Electronics,1,65000,65000,Chennai,Debit Card,2025-08-15,4
8257,6423,Aarav Pai,Shoes,Fashion,4,2500,10000,Ahmedabad,Cash on Delivery,2026-04-09,7
8258,1348,Naveen Bera,Phone,Electronics,5,25000,125000,Hyderabad,Credit Card,2026-07-25,4
8259,5579,Nirja Sabharwal,Shoes,Fashion,3,2500,7500,Kolkata,Net Banking,2026-04-20,1
8260,4562,Lavanya Kohli,T-Shirt,Fashion,1,800,800,Kolkata,Net Banking,2026-02-01,3
8261,6152,Mekhala Ravi,Headphones,Electronics,4,3000,12000,Bengaluru,Credit Card,2026-07-17,7
8262,5735,Krishna Sane,Laptop,Electronics,1,65000,65000,Ahmedabad,Credit Card,2025-09-04,2
8263,1406,Dalaja Bhardwaj,Phone,Electronics,2,25000,50000,Pune,Net Banking,2025-11-29,7
8264,8585,Raghav Thaker,Headphones,Electronics,1,3000,3000,Delhi,UPI,2026-04-07,1
8265,6726,Rachit Narang,Phone,Electronics,4,25000,100000,Ahmedabad,Debit Card,2025-12-24,4
8266,8113,Tripti Patla,Phone,Electronics,5,25000,125000,Pune,UPI,2025-09-27,4
8267,6595,Balendra Tella,Phone,Electronics,2,25000,50000,Mumbai,UPI,2025-10-10,4
8268,4314,Bhavna Goda,Watch,Accessories,2,5000,10000,Delhi,Credit Card,2025-12-31,7
8269,3684,Upadhriti Palla,T-Shirt,Fashion,5,800,4000,Mumbai,Cash on Delivery,2025-08-11,7
8270,4688,Bhavna Anand,Chair,Furniture,4,4000,16000,Hyderabad,UPI,2026-01-03,5
8271,5230,Anita Dhaliwal,T-Shirt,Fashion,1,800,800,Delhi,Net Banking,2026-02-28,6
8272,2295,Shivani Thakkar,Headphones,Electronics,4,3000,12000,Mumbai,Credit Card,2025-09-13,7
8273,5957,Azad Hans,Phone,Electronics,1,25000,25000,Pune,Credit Card,2026-01-06,1
8274,8609,Harsh Manda,Phone,Electronics,3,25000,75000,Kolkata,Credit Card,2025-11-02,1
8275,2753,Yachana Krishnan,Laptop,Electronics,4,65000,260000,Chennai,Net Banking,2025-11-14,1
8276,2552,Veda Sha,Laptop,Electronics,5,65000,325000,Kolkata,Cash on Delivery,2026-05-31,4
8277,3108,Lila Swamy,Chair,Furniture,3,4000,12000,Mumbai,Debit Card,2025-11-10,2
8278,4309,Luke Mody,Desk,Furniture,4,7000,28000,Kolkata,UPI,2025-08-19,1
8279,7470,Kevin Konda,Laptop,Electronics,1,65000,65000,Chennai,Net Banking,2025-11-04,6
8280,6032,Ubika Kota,Headphones,Electronics,4,3000,12000,Mumbai,Debit Card,2026-04-09,4
8281,6093,Omisha Bhakta,Watch,Accessories,3,5000,15000,Chennai,Net Banking,2025-12-10,5
8282,5781,Hritik Magar,Phone,Electronics,4,25000,100000,Bengaluru,Debit Card,2025-09-04,2
8283,7223,Wakeeta Solanki,Phone,Electronics,4,25000,100000,Kolkata,Cash on Delivery,2026-06-18,7
8284,7126,Nachiket Barman,T-Shirt,Fashion,5,800,4000,Mumbai,Cash on Delivery,2026-07-12,6
8285,4679,Patrick Chaudhary,Book,Books,1,500,500,Bengaluru,Credit Card,2026-07-27,6
8286,2635,Chavvi Nagar,Headphones,Electronics,1,3000,3000,Pune,UPI,2025-10-20,5
8287,8207,Lajita Pathak,Phone,Electronics,1,25000,25000,Mumbai,Debit Card,2026-05-28,6
8288,7225,Falguni Bhagat,Bottle,Home,1,600,600,Hyderabad,Credit Card,2026-01-04,2
8289,8989,Gopal Seshadri,Laptop,Electronics,3,65000,195000,Kolkata,Credit Card,2026-01-27,3
8290,2233,Meera Dara,Shoes,Fashion,4,2500,10000,Mumbai,Debit Card,2026-07-10,6
8291,6645,Balvan Bajaj,Chair,Furniture,5,4000,20000,Hyderabad,Credit Card,2025-09-20,7
8292,2501,Advika Jani,T-Shirt,Fashion,3,800,2400,Chennai,Credit Card,2025-11-03,7
8293,1283,Krisha Wali,Bottle,Home,5,600,3000,Chennai,Credit Card,2026-07-20,5
8294,2426,Ishwar Chakrabarti,Shoes,Fashion,5,2500,12500,Ahmedabad,Cash on Delivery,2026-05-24,4
8295,1437,Maanas Patel,Laptop,Electronics,2,65000,130000,Delhi,Debit Card,2026-06-28,1
8296,5309,Samaksh Varkey,Shoes,Fashion,2,2500,5000,Hyderabad,Debit Card,2025-12-08,7
8297,5090,Abhiram Varkey,Headphones,Electronics,4,3000,12000,Ahmedabad,Cash on Delivery,2026-02-11,5
8298,9171,Abha Ganesh,Laptop,Electronics,5,65000,325000,Kolkata,Net Banking,2025-11-05,6
8299,5659,Gaurang Chokshi,Book,Books,2,500,1000,Kolkata,Credit Card,2026-06-21,3
8300,2541,Sanya Ghosh,Book,Books,3,500,1500,Chennai,Cash on Delivery,2026-05-12,4
8301,9040,Rajeshri Mohanty,Phone,Electronics,5,25000,125000,Pune,Credit Card,2025-11-04,1
8302,9188,Yug Dasgupta,Shoes,Fashion,3,2500,7500,Pune,Credit Card,2025-08-19,5
8303,7403,Aashi Parekh,Shoes,Fashion,2,2500,5000,Hyderabad,Debit Card,2025-11-07,5
8304,3822,Imaran Sunder,Headphones,Electronics,5,3000,15000,Ahmedabad,UPI,2025-09-17,4
8305,1663,Lakshmi Maharaj,Shoes,Fashion,5,2500,12500,Pune,Debit Card,2025-12-09,3
8306,7187,Ati Bansal,Headphones,Electronics,2,3000,6000,Bengaluru,Cash on Delivery,2025-09-04,4
8307,2672,Dalaja Rana,Book,Books,2,500,1000,Bengaluru,Debit Card,2026-03-22,5
8308,8617,Kai Nanda,Laptop,Electronics,5,65000,325000,Chennai,Cash on Delivery,2025-12-16,2
8309,2708,Yashawini De,Phone,Electronics,3,25000,75000,Kolkata,Debit Card,2026-06-20,3
8310,7968,Anita Pai,Book,Books,4,500,2000,Ahmedabad,Credit Card,2026-02-06,7
8311,7568,Hamsini Varughese,T-Shirt,Fashion,3,800,2400,Chennai,Net Banking,2026-02-05,7
8312,7753,Chandran Barad,Phone,Electronics,1,25000,25000,Bengaluru,UPI,2025-10-02,4
8313,2709,Tarak Dewan,Phone,Electronics,4,25000,100000,Hyderabad,Debit Card,2025-12-20,6
8314,5867,Zaitra Bose,Shoes,Fashion,5,2500,12500,Ahmedabad,Debit Card,2026-04-20,6
8315,1116,Ishita Sankaran,Headphones,Electronics,3,3000,9000,Delhi,Debit Card,2026-03-16,7
8316,6448,Devika Purohit,Watch,Accessories,3,5000,15000,Delhi,Cash on Delivery,2025-10-30,4
8317,8530,Divya Thakur,Headphones,Electronics,5,3000,15000,Pune,UPI,2025-11-08,2
8318,2948,Yash Batra,Headphones,Electronics,2,3000,6000,Bengaluru,Cash on Delivery,2026-05-04,4
8319,4848,Upasna Mody,Laptop,Electronics,5,65000,325000,Hyderabad,Debit Card,2025-09-10,5
8320,3089,Odika Mittal,Phone,Electronics,2,25000,50000,Pune,Debit Card,2025-09-02,2
8321,9794,Chatresh Raj,Phone,Electronics,5,25000,125000,Mumbai,Cash on Delivery,2025-08-15,7
8322,6973,Janaki Prakash,Laptop,Electronics,2,65000,130000,Hyderabad,Debit Card,2026-03-01,1
8323,6102,Rayaan Pillay,Headphones,Electronics,3,3000,9000,Chennai,UPI,2025-08-18,7
8324,2789,Ijaya Mangat,Phone,Electronics,1,25000,25000,Delhi,UPI,2026-06-26,3
8325,4643,Edhitha Wali,Shoes,Fashion,4,2500,10000,Mumbai,Credit Card,2026-04-02,7
8326,6134,Patrick Wason,Headphones,Electronics,2,3000,6000,Pune,Debit Card,2025-09-18,5
8327,2622,Jatin Kadakia,Bottle,Home,1,600,600,Bengaluru,Cash on Delivery,2025-12-21,4
8328,9025,Raghav Sunder,Laptop,Electronics,4,65000,260000,Mumbai,Debit Card,2026-03-18,4
8329,4188,Mitali Dua,Shoes,Fashion,3,2500,7500,Delhi,Net Banking,2025-11-15,1
8330,5446,Barkha Ramakrishnan,Shoes,Fashion,3,2500,7500,Kolkata,Net Banking,2026-03-26,3
8331,1032,Shivansh Sekhon,Laptop,Electronics,5,65000,325000,Hyderabad,UPI,2026-05-24,7
8332,3621,Yashvi Rai,T-Shirt,Fashion,5,800,4000,Bengaluru,Net Banking,2026-04-15,6
8333,5283,Ansh Shere,Laptop,Electronics,4,65000,260000,Mumbai,Net Banking,2026-02-04,5
8334,5840,Manthan Wali,T-Shirt,Fashion,3,800,2400,Delhi,Credit Card,2026-05-25,6
8335,7894,Devansh Vaidya,Headphones,Electronics,4,3000,12000,Pune,Debit Card,2025-09-06,2
8336,8416,Chakrika Sarin,T-Shirt,Fashion,3,800,2400,Bengaluru,Net Banking,2026-05-11,1
8337,7305,Anthony Kale,Book,Books,2,500,1000,Ahmedabad,Cash on Delivery,2026-03-27,2
8338,1219,Jeremiah Barman,Bottle,Home,1,600,600,Delhi,Debit Card,2025-10-30,5
8339,9612,Nathan Sem,Headphones,Electronics,1,3000,3000,Delhi,UPI,2025-12-22,6
8340,6442,Keya Subramaniam,Phone,Electronics,1,25000,25000,Hyderabad,Cash on Delivery,2026-05-22,5
8341,9583,Dakshesh Hari,Phone,Electronics,4,25000,100000,Kolkata,Credit Card,2025-12-31,7
8342,1837,Xiti Dora,Shoes,Fashion,2,2500,5000,Hyderabad,UPI,2026-01-22,4
8343,2024,Faraj Puri,Laptop,Electronics,5,65000,325000,Chennai,Net Banking,2026-07-11,6
8344,4359,Tanay Bajwa,Phone,Electronics,2,25000,50000,Kolkata,Cash on Delivery,2025-09-03,6
8345,7001,Jagat Bose,Phone,Electronics,1,25000,25000,Pune,UPI,2026-03-05,3
8346,1974,Parth Char,Watch,Accessories,1,5000,5000,Kolkata,UPI,2025-11-16,7
8347,8443,Ekaraj Mukherjee,T-Shirt,Fashion,2,800,1600,Bengaluru,Net Banking,2026-05-18,6
8348,6050,Rehaan Kuruvilla,Phone,Electronics,5,25000,125000,Bengaluru,Net Banking,2025-08-15,4
8349,4894,Wishi Mahajan,Phone,Electronics,5,25000,125000,Pune,Net Banking,2025-11-13,2
8350,4280,Nidhi Merchant,Shoes,Fashion,4,2500,10000,Kolkata,Debit Card,2026-02-18,5
8351,2449,Bakhshi Dewan,Phone,Electronics,5,25000,125000,Delhi,Net Banking,2026-03-11,2
8352,4928,Lekha Sastry,T-Shirt,Fashion,2,800,1600,Ahmedabad,Debit Card,2026-07-15,7
8353,8463,Dominic Tiwari,Headphones,Electronics,3,3000,9000,Bengaluru,Net Banking,2026-03-17,6
8354,4531,Vamakshi Lanka,Phone,Electronics,4,25000,100000,Mumbai,Cash on Delivery,2026-02-25,1
8355,6736,Gautam More,Shoes,Fashion,1,2500,2500,Ahmedabad,Net Banking,2026-05-06,4
8356,3450,Anthony Wason,Phone,Electronics,1,25000,25000,Chennai,UPI,2026-08-02,3
8357,1935,Siddharth Mital,Shoes,Fashion,5,2500,12500,Pune,UPI,2026-06-03,4
8358,3569,Chanakya Sarna,Headphones,Electronics,3,3000,9000,Delhi,Credit Card,2025-11-06,4
8359,2570,Bachittar Solanki,Headphones,Electronics,5,3000,15000,Pune,Debit Card,2025-11-22,7
8360,2325,Arjun Thaker,Phone,Electronics,5,25000,125000,Mumbai,Net Banking,2026-05-04,5
8361,3649,Nandini Srinivas,Chair,Furniture,4,4000,16000,Pune,Debit Card,2026-05-11,7
8362,8924,Laban Sabharwal,Headphones,Electronics,5,3000,15000,Pune,Net Banking,2026-05-07,3
8363,3855,Madhav Sunder,Laptop,Electronics,1,65000,65000,Chennai,Credit Card,2026-02-14,5
8364,7518,Girik Taneja,Book,Books,5,500,2500,Ahmedabad,Net Banking,2026-03-15,7
8365,4037,Nicholas Naidu,Laptop,Electronics,4,65000,260000,Delhi,UPI,2026-03-14,5
8366,6824,Manthan Karpe,Shoes,Fashion,1,2500,2500,Kolkata,UPI,2026-03-13,1
8367,5673,Yachana Sahni,Headphones,Electronics,4,3000,12000,Hyderabad,Debit Card,2026-06-24,4
8368,3111,Yagnesh Som,Phone,Electronics,2,25000,50000,Ahmedabad,Debit Card,2025-10-15,7
8369,7908,Charles Chandran,Book,Books,3,500,1500,Delhi,Net Banking,2025-09-11,3
8370,1217,Jatin Aggarwal,Headphones,Electronics,5,3000,15000,Delhi,UPI,2026-05-03,3
8371,2822,Luke Kamdar,Shoes,Fashion,5,2500,12500,Bengaluru,Credit Card,2025-11-27,4
8372,4067,Wishi Munshi,Watch,Accessories,3,5000,15000,Pune,Net Banking,2025-12-14,6
8373,8921,Naksh Shetty,Bottle,Home,3,600,1800,Delhi,UPI,2026-05-05,2
8374,2902,Rushil Dyal,Chair,Furniture,3,4000,12000,Delhi,Cash on Delivery,2025-12-04,6
8375,6050,Nikita Mannan,Headphones,Electronics,2,3000,6000,Pune,Cash on Delivery,2025-10-09,1
8376,8750,Prisha Jayaraman,Shoes,Fashion,3,2500,7500,Kolkata,Credit Card,2026-05-25,7
8377,8936,Bhavya Atwal,Phone,Electronics,4,25000,100000,Pune,Cash on Delivery,2026-02-04,4
8378,9706,Vanya Pall,Phone,Electronics,1,25000,25000,Hyderabad,Debit Card,2026-02-13,4
8379,1485,Warinder Vohra,Phone,Electronics,5,25000,125000,Mumbai,UPI,2026-04-20,1
8380,5093,Amaira Bhatnagar,Shoes,Fashion,4,2500,10000,Pune,Cash on Delivery,2025-12-12,3
8381,9272,Wriddhish Kara,Shoes,Fashion,1,2500,2500,Delhi,Debit Card,2026-04-21,7
8382,3570,Jagvi Gour,Phone,Electronics,2,25000,50000,Hyderabad,UPI,2026-04-24,3
8383,8810,Gavin Chowdhury,T-Shirt,Fashion,5,800,4000,Ahmedabad,Cash on Delivery,2025-10-26,2
8384,4067,Varenya Bava,Phone,Electronics,4,25000,100000,Kolkata,Cash on Delivery,2025-10-28,3
8385,6852,Leena Sharma,Chair,Furniture,3,4000,12000,Ahmedabad,Credit Card,2025-11-27,3
8386,6304,Aashi Rai,Headphones,Electronics,5,3000,15000,Chennai,Net Banking,2026-05-13,3
8387,7299,Bhavya Chhabra,Laptop,Electronics,4,65000,260000,Pune,Net Banking,2026-01-01,4
8388,6077,Sanaya Aggarwal,Headphones,Electronics,4,3000,12000,Kolkata,UPI,2025-10-21,2
8389,3879,Samar Batra,Laptop,Electronics,1,65000,65000,Ahmedabad,Debit Card,2026-06-26,3
8390,6579,Yashica Kunda,Headphones,Electronics,3,3000,9000,Hyderabad,Credit Card,2026-01-23,3
8391,6720,Dalbir Mital,Headphones,Electronics,5,3000,15000,Bengaluru,Net Banking,2026-06-06,3
8392,5688,Samarth Anand,Shoes,Fashion,5,2500,12500,Pune,Cash on Delivery,2025-09-03,1
8393,6101,Victor Wason,Phone,Electronics,1,25000,25000,Ahmedabad,UPI,2026-05-06,3
8394,4473,Jasmit Dave,Shoes,Fashion,4,2500,10000,Hyderabad,Cash on Delivery,2025-09-03,1
8395,2735,Tara Batra,Headphones,Electronics,3,3000,9000,Mumbai,Net Banking,2026-03-26,1
8396,4241,Akshay Som,Headphones,Electronics,1,3000,3000,Kolkata,Debit Card,2026-03-26,6
8397,5577,Timothy Rajagopalan,Shoes,Fashion,3,2500,7500,Bengaluru,Credit Card,2026-04-29,5
8398,4128,Frederick Bora,Headphones,Electronics,1,3000,3000,Hyderabad,Credit Card,2026-02-12,3
8399,8540,Aditya Pant,Laptop,Electronics,5,65000,325000,Kolkata,UPI,2025-11-01,1
8400,7183,Thomas Peri,Headphones,Electronics,1,3000,3000,Kolkata,Cash on Delivery,2026-03-10,3
8401,7209,Siya Tara,Desk,Furniture,2,7000,14000,Delhi,Debit Card,2026-03-07,5
8402,9515,Ishanvi Maharaj,Shoes,Fashion,1,2500,2500,Ahmedabad,Net Banking,2025-12-02,2
8403,4659,Oeshi Dani,Headphones,Electronics,3,3000,9000,Chennai,Net Banking,2025-11-23,7
8404,4366,Dhruv Jani,Phone,Electronics,3,25000,75000,Pune,Cash on Delivery,2026-02-06,4
8405,9736,Ronith Grover,Shoes,Fashion,5,2500,12500,Hyderabad,Net Banking,2025-09-02,4
8406,9625,Pranit Hora,Laptop,Electronics,1,65000,65000,Kolkata,Cash on Delivery,2026-03-12,4
8407,9577,Rushil Maharaj,Phone,Electronics,3,25000,75000,Delhi,Net Banking,2026-06-06,3
8408,7787,Ryan Rajagopalan,Phone,Electronics,5,25000,125000,Ahmedabad,Credit Card,2025-12-06,6
8409,1594,Ryan Warrior,Laptop,Electronics,4,65000,260000,Delhi,Debit Card,2026-04-07,2
8410,7879,Bishakha Memon,Shoes,Fashion,2,2500,5000,Delhi,Debit Card,2025-11-07,3
8411,5901,Lakshmi Issac,Shoes,Fashion,4,2500,10000,Delhi,Credit Card,2025-11-12,6
8412,5947,Ayaan Deshmukh,Bottle,Home,5,600,3000,Ahmedabad,Net Banking,2026-07-04,3
8413,7937,Indali Shere,Headphones,Electronics,4,3000,12000,Ahmedabad,Debit Card,2025-09-12,5
8414,3794,Madhavi Rajagopalan,Watch,Accessories,1,5000,5000,Chennai,Net Banking,2026-02-04,1
8415,9493,Kritika Prasad,Phone,Electronics,4,25000,100000,Hyderabad,Cash on Delivery,2026-01-06,7
8416,4961,Vyanjana Pillay,Phone,Electronics,5,25000,125000,Ahmedabad,Net Banking,2025-08-25,3
8417,5287,Ekaraj Karpe,Phone,Electronics,2,25000,50000,Ahmedabad,Net Banking,2025-12-13,6
8418,7058,Ekantika Rattan,Phone,Electronics,2,25000,50000,Delhi,Credit Card,2025-09-24,3
8419,2270,Samaksh Butala,Phone,Electronics,4,25000,100000,Mumbai,Cash on Delivery,2026-05-21,2
8420,5423,Neelima Raju,T-Shirt,Fashion,4,800,3200,Hyderabad,Debit Card,2026-01-20,1
8421,3057,Warda Yadav,Book,Books,3,500,1500,Chennai,Credit Card,2025-08-15,2
8422,3520,Tanmayi Singh,Headphones,Electronics,1,3000,3000,Hyderabad,UPI,2026-07-20,4
8423,3125,Odika Rao,Phone,Electronics,1,25000,25000,Mumbai,UPI,2026-07-20,4
8424,7354,Dhruv Venkataraman,Laptop,Electronics,4,65000,260000,Hyderabad,Debit Card,2026-02-09,3
8425,7801,Tejas Tata,Phone,Electronics,3,25000,75000,Delhi,Credit Card,2025-12-12,6
8426,4408,Abdul Gandhi,Bottle,Home,4,600,2400,Hyderabad,Debit Card,2025-10-02,4
8427,3936,Qushi Ratti,Phone,Electronics,4,25000,100000,Kolkata,UPI,2025-11-22,7
8428,2550,Rushil Sastry,Phone,Electronics,2,25000,50000,Ahmedabad,UPI,2026-03-02,3
8429,6750,Neelima Bains,Shoes,Fashion,2,2500,5000,Mumbai,Cash on Delivery,2026-06-11,2
8430,9312,Samaksh Mangal,Shoes,Fashion,4,2500,10000,Ahmedabad,UPI,2026-02-27,3
8431,9781,Sanya Ahluwalia,Shoes,Fashion,3,2500,7500,Ahmedabad,Credit Card,2026-01-07,4
8432,5027,Gauri Sibal,Laptop,Electronics,2,65000,130000,Ahmedabad,Debit Card,2026-04-16,6
8433,5202,Neha Pal,Headphones,Electronics,2,3000,6000,Delhi,Debit Card,2026-06-27,6
8434,1744,Laban Roy,Desk,Furniture,2,7000,14000,Chennai,UPI,2026-03-05,1
8435,1278,Guneet Dube,Bottle,Home,5,600,3000,Delhi,Debit Card,2026-07-28,3
8436,3215,Karan Bhatia,Shoes,Fashion,5,2500,12500,Kolkata,Debit Card,2025-08-30,7
8437,5390,Damini Narula,Shoes,Fashion,2,2500,5000,Delhi,Net Banking,2025-08-14,4
8438,7862,Advay Radhakrishnan,Laptop,Electronics,3,65000,195000,Hyderabad,Credit Card,2026-04-08,3
8439,7583,Faqid Parsa,Phone,Electronics,3,25000,75000,Hyderabad,Net Banking,2026-02-11,3
8440,9614,Vamakshi Saran,Headphones,Electronics,1,3000,3000,Bengaluru,Net Banking,2025-09-27,3
8441,8188,Ishita Raval,Watch,Accessories,5,5000,25000,Pune,Net Banking,2025-09-08,7
8442,1693,Harsh Naik,Phone,Electronics,5,25000,125000,Delhi,Debit Card,2026-01-05,6
8443,4316,Nilima Singh,Phone,Electronics,2,25000,50000,Delhi,Cash on Delivery,2025-12-01,5
8444,7652,Daksh Tiwari,Chair,Furniture,2,4000,8000,Chennai,UPI,2025-12-10,5
8445,5980,Hiral Viswanathan,Shoes,Fashion,1,2500,2500,Pune,Cash on Delivery,2025-09-26,3
8446,6154,Rachita Mody,Laptop,Electronics,4,65000,260000,Delhi,Debit Card,2025-12-02,4
8447,6685,Aadi Lala,Shoes,Fashion,4,2500,10000,Ahmedabad,Net Banking,2025-10-14,5
8448,7516,Gauri Shan,T-Shirt,Fashion,1,800,800,Ahmedabad,Net Banking,2025-09-23,4
8449,3180,Niharika Badal,Watch,Accessories,4,5000,20000,Bengaluru,Credit Card,2025-10-29,2
8450,5129,Vasatika Bose,Phone,Electronics,1,25000,25000,Hyderabad,UPI,2026-02-12,1
8451,2720,Ishani Dhar,Phone,Electronics,1,25000,25000,Delhi,Cash on Delivery,2025-12-09,7
8452,5034,Qarin Kari,Headphones,Electronics,1,3000,3000,Chennai,Credit Card,2026-07-29,3
8453,5935,Nimrat Chandran,Headphones,Electronics,1,3000,3000,Bengaluru,UPI,2026-04-24,7
8454,2782,Harrison Tella,Phone,Electronics,4,25000,100000,Bengaluru,Credit Card,2026-06-29,2
8455,2976,Nikita More,Phone,Electronics,4,25000,100000,Pune,UPI,2025-11-23,6
8456,6404,Harita Soman,T-Shirt,Fashion,3,800,2400,Pune,Credit Card,2026-07-28,2
8457,3559,Harshil Rout,Phone,Electronics,5,25000,125000,Bengaluru,Debit Card,2026-01-15,2
8458,3154,Kashish Ramachandran,Laptop,Electronics,2,65000,130000,Delhi,UPI,2025-10-08,1
8459,8333,Arunima Nagy,Laptop,Electronics,2,65000,130000,Bengaluru,Net Banking,2026-03-14,6
8460,4863,Zaitra Varughese,Shoes,Fashion,3,2500,7500,Ahmedabad,UPI,2026-02-22,6
8461,2570,Ubika Kata,Headphones,Electronics,4,3000,12000,Hyderabad,Debit Card,2025-12-09,2
8462,6287,Daniel Radhakrishnan,T-Shirt,Fashion,5,800,4000,Chennai,UPI,2025-09-21,6
8463,4011,Fiyaz Edwin,Desk,Furniture,4,7000,28000,Pune,Net Banking,2026-02-28,3
8464,7157,Jeremiah Nagar,Headphones,Electronics,4,3000,12000,Pune,UPI,2026-03-15,7
8465,8443,Yashasvi Chakrabarti,Headphones,Electronics,5,3000,15000,Kolkata,Net Banking,2026-05-03,3
8466,5506,Omisha Parikh,Phone,Electronics,1,25000,25000,Delhi,Net Banking,2026-06-03,2
8467,1651,Priya Brar,Laptop,Electronics,4,65000,260000,Delhi,Cash on Delivery,2026-02-24,2
8468,7172,Abhimanyu Walla,Watch,Accessories,2,5000,10000,Delhi,Credit Card,2026-04-12,4
8469,6478,Widisha Suresh,Desk,Furniture,1,7000,7000,Chennai,Cash on Delivery,2026-05-01,7
8470,2128,Nakul Mangat,Shoes,Fashion,4,2500,10000,Kolkata,Credit Card,2026-06-27,4
8471,5775,George Prabhakar,Phone,Electronics,2,25000,50000,Ahmedabad,Net Banking,2026-03-17,6
8472,8380,Wridesh Deep,Headphones,Electronics,4,3000,12000,Kolkata,Credit Card,2026-03-14,5
8473,5927,Samar Sanghvi,Shoes,Fashion,2,2500,5000,Hyderabad,Net Banking,2026-01-28,2
8474,3722,Omya Chokshi,Laptop,Electronics,4,65000,260000,Bengaluru,Credit Card,2026-07-05,2
8475,4655,Leena Tank,Bottle,Home,5,600,3000,Hyderabad,Net Banking,2026-01-25,6
8476,9193,Timothy Chaudhry,T-Shirt,Fashion,2,800,1600,Ahmedabad,Credit Card,2026-05-02,6
8477,1457,Pranav Khanna,Phone,Electronics,3,25000,75000,Chennai,Credit Card,2025-10-10,4
8478,5772,Jairaj Mohan,Shoes,Fashion,5,2500,12500,Delhi,UPI,2025-11-14,3
8479,6103,Dalbir Nadig,Phone,Electronics,2,25000,50000,Ahmedabad,Credit Card,2025-11-19,2
8480,5122,Bahadurjit Tandon,Headphones,Electronics,2,3000,6000,Ahmedabad,Cash on Delivery,2025-11-29,4
8481,4612,Idika Dara,Shoes,Fashion,5,2500,12500,Hyderabad,Debit Card,2026-06-05,1
8482,4099,Vivaan Pai,Phone,Electronics,2,25000,50000,Hyderabad,Cash on Delivery,2025-09-27,3
8483,6603,Gopal Natt,Phone,Electronics,2,25000,50000,Hyderabad,Credit Card,2025-10-08,6
8484,6983,Chakradhar Chandran,Headphones,Electronics,5,3000,15000,Mumbai,Net Banking,2025-08-13,1
8485,5390,Tanmayi Randhawa,Phone,Electronics,1,25000,25000,Ahmedabad,Net Banking,2025-09-10,4
8486,1969,Naveen Krish,Phone,Electronics,3,25000,75000,Bengaluru,Debit Card,2025-10-04,7
8487,4686,Hritik Dani,Book,Books,2,500,1000,Bengaluru,Credit Card,2026-07-10,1
8488,7903,Qadim Bahri,Laptop,Electronics,1,65000,65000,Mumbai,Net Banking,2026-05-20,4
8489,9240,Samaksh Narang,Shoes,Fashion,3,2500,7500,Pune,Cash on Delivery,2026-06-05,6
8490,6735,Upadhriti Sekhon,Headphones,Electronics,4,3000,12000,Bengaluru,Net Banking,2026-03-26,1
8491,7008,Chanchal Palan,Phone,Electronics,2,25000,50000,Chennai,Debit Card,2025-09-06,1
8492,3234,Benjamin Deep,Headphones,Electronics,4,3000,12000,Bengaluru,Cash on Delivery,2026-03-07,7
8493,3829,Xavier Narang,Desk,Furniture,1,7000,7000,Ahmedabad,Credit Card,2026-07-16,6
8494,2692,Henry Mand,Shoes,Fashion,3,2500,7500,Mumbai,UPI,2026-01-11,7
8495,7725,Nisha Barad,Watch,Accessories,3,5000,15000,Bengaluru,Debit Card,2025-08-11,1
8496,8302,Tanvi Thaman,Phone,Electronics,4,25000,100000,Chennai,Net Banking,2026-01-11,1
8497,5346,Dakshesh Modi,T-Shirt,Fashion,5,800,4000,Delhi,Debit Card,2026-04-13,5
8498,1580,Chatresh Choudhry,Headphones,Electronics,4,3000,12000,Hyderabad,Credit Card,2026-07-10,4
8499,5735,Kritika Dugar,T-Shirt,Fashion,2,800,1600,Ahmedabad,Credit Card,2025-11-27,6
8500,6245,Yashodhara Balay,Phone,Electronics,4,25000,100000,Pune,Credit Card,2026-02-23,2
8501,5832,Varsha Atwal,Chair,Furniture,1,4000,4000,Hyderabad,Debit Card,2025-09-17,7
8502,8839,Bhavna Arya,Laptop,Electronics,2,65000,130000,Mumbai,Debit Card,2026-01-04,2
8503,4114,Radha Acharya,Watch,Accessories,3,5000,15000,Mumbai,UPI,2026-04-16,5
8504,9740,Jack Soni,Laptop,Electronics,4,65000,260000,Hyderabad,UPI,2025-09-15,5
8505,4944,Kamala Mukherjee,Book,Books,3,500,1500,Mumbai,Credit Card,2026-01-03,2
8506,7583,Vritti Bhalla,Bottle,Home,2,600,1200,Pune,Net Banking,2026-03-29,4
8507,8594,Aditya Kar,Phone,Electronics,5,25000,125000,Delhi,Cash on Delivery,2026-02-20,4
8508,5759,Dhriti Mitra,Shoes,Fashion,4,2500,10000,Pune,Credit Card,2025-08-25,5
8509,1606,Deepa Dayal,Headphones,Electronics,2,3000,6000,Kolkata,UPI,2026-05-23,4
8510,2133,Yadavi Butala,Headphones,Electronics,1,3000,3000,Delhi,UPI,2026-01-29,2
8511,9580,Finn Patla,Phone,Electronics,3,25000,75000,Delhi,Debit Card,2025-11-28,4
8512,3110,Simon Verma,Shoes,Fashion,3,2500,7500,Mumbai,UPI,2026-05-31,6
8513,1323,Upasna Bera,Headphones,Electronics,3,3000,9000,Delhi,Debit Card,2026-04-15,3
8514,2011,William Prakash,Headphones,Electronics,1,3000,3000,Kolkata,Credit Card,2026-05-11,6
8515,5807,Darpan Deshmukh,Phone,Electronics,1,25000,25000,Bengaluru,UPI,2025-11-12,3
8516,1266,Omya Kibe,Headphones,Electronics,2,3000,6000,Chennai,Debit Card,2025-10-26,1
8517,3131,Sudiksha Mall,Watch,Accessories,1,5000,5000,Mumbai,UPI,2026-04-20,4
8518,4390,Sanaya Ramachandran,Laptop,Electronics,3,65000,195000,Mumbai,UPI,2026-03-31,7
8519,4555,Bina Zacharia,Phone,Electronics,1,25000,25000,Mumbai,Debit Card,2026-02-03,6
8520,6185,Yashoda Srivastava,Headphones,Electronics,4,3000,12000,Delhi,Cash on Delivery,2026-02-26,4
8521,8288,Jacob Sinha,Laptop,Electronics,4,65000,260000,Ahmedabad,UPI,2025-12-14,3
8522,4734,Zansi Chaudhuri,Phone,Electronics,5,25000,125000,Ahmedabad,UPI,2025-08-28,3
8523,6753,Anthony Virk,Headphones,Electronics,5,3000,15000,Mumbai,Debit Card,2026-02-16,6
8524,8768,Lipika Balan,Phone,Electronics,4,25000,100000,Delhi,Credit Card,2026-07-04,1
8525,9845,Falguni Pal,Phone,Electronics,2,25000,50000,Chennai,UPI,2026-05-16,1
8526,2924,Faqid Vora,Chair,Furniture,1,4000,4000,Mumbai,Cash on Delivery,2025-09-07,2
8527,2576,Lakshmi Das,Watch,Accessories,4,5000,20000,Pune,Credit Card,2026-03-20,7
8528,5313,Noah Narayanan,Phone,Electronics,2,25000,50000,Mumbai,UPI,2026-02-08,4
8529,6334,Samuel Varghese,Phone,Electronics,4,25000,100000,Delhi,Debit Card,2026-01-04,6
8530,6203,Indali Nair,Watch,Accessories,2,5000,10000,Ahmedabad,Credit Card,2026-02-26,1
8531,9139,Wishi Shankar,T-Shirt,Fashion,1,800,800,Hyderabad,Cash on Delivery,2026-07-28,1
8532,8187,Nitara Singh,Phone,Electronics,1,25000,25000,Bengaluru,Debit Card,2026-05-25,6
8533,6257,Yashoda Yohannan,Laptop,Electronics,3,65000,195000,Bengaluru,Debit Card,2025-09-19,1
8534,1564,Oliver Narain,Headphones,Electronics,4,3000,12000,Chennai,Net Banking,2026-03-14,2
8535,4846,Edhitha Cheema,Phone,Electronics,2,25000,50000,Chennai,UPI,2026-02-22,1
8536,4892,Fiyaz Mandal,Shoes,Fashion,5,2500,12500,Mumbai,Net Banking,2026-03-28,1
8537,1965,Omya Oak,Desk,Furniture,3,7000,21000,Delhi,Net Banking,2026-07-22,5
8538,3699,Januja Khosla,Shoes,Fashion,1,2500,2500,Kolkata,UPI,2025-09-13,7
8539,9459,Parth Dhar,Headphones,Electronics,2,3000,6000,Kolkata,Debit Card,2026-06-08,6
8540,5208,Dipta Lata,Laptop,Electronics,5,65000,325000,Bengaluru,Debit Card,2025-08-29,3
8541,6419,Jatin Sankaran,Shoes,Fashion,3,2500,7500,Delhi,Credit Card,2025-11-05,4
8542,8851,Falguni Halder,Headphones,Electronics,2,3000,6000,Hyderabad,Net Banking,2025-12-07,6
8543,7450,Tanvi Balakrishnan,Headphones,Electronics,5,3000,15000,Chennai,Debit Card,2026-06-07,5
8544,1614,Qushi Bal,Laptop,Electronics,1,65000,65000,Ahmedabad,UPI,2026-04-15,7
8545,8673,Meera Gole,Phone,Electronics,2,25000,50000,Bengaluru,Debit Card,2026-06-20,2
8546,9072,Bishakha Taneja,Laptop,Electronics,4,65000,260000,Kolkata,Cash on Delivery,2025-10-24,5
8547,8463,Lajita Chada,Headphones,Electronics,4,3000,12000,Kolkata,Net Banking,2026-04-04,1
8548,9366,Nakul Pandya,Laptop,Electronics,1,65000,65000,Bengaluru,Debit Card,2025-12-24,1
8549,6873,Eta Khare,Headphones,Electronics,2,3000,6000,Mumbai,Credit Card,2026-03-24,2
8550,6823,Yadavi Agrawal,Shoes,Fashion,1,2500,2500,Kolkata,Net Banking,2026-06-27,2
8551,5078,Harrison Kaul,Laptop,Electronics,2,65000,130000,Chennai,Cash on Delivery,2026-05-10,1
8552,3686,Ekapad Salvi,T-Shirt,Fashion,4,800,3200,Delhi,UPI,2026-02-16,4
8553,6331,Theodore Sinha,T-Shirt,Fashion,2,800,1600,Mumbai,Credit Card,2025-11-29,4
8554,1949,Agastya Kale,Shoes,Fashion,4,2500,10000,Chennai,Net Banking,2026-08-02,4
8555,1326,Theodore Gala,T-Shirt,Fashion,1,800,800,Pune,UPI,2025-09-29,6
8556,3957,Banjeet Chauhan,Phone,Electronics,1,25000,25000,Kolkata,Cash on Delivery,2026-04-22,4
8557,1338,Azaan Basu,Phone,Electronics,4,25000,100000,Chennai,Credit Card,2026-01-18,7
8558,6676,Hritik Kota,Phone,Electronics,5,25000,125000,Delhi,Cash on Delivery,2026-05-05,4
8559,8015,Chaitanya Setty,Shoes,Fashion,4,2500,10000,Delhi,Debit Card,2025-11-26,3
8560,1604,Vedhika Pandya,Laptop,Electronics,1,65000,65000,Ahmedabad,UPI,2025-08-24,6
8561,4573,Charita Deol,Shoes,Fashion,5,2500,12500,Delhi,Cash on Delivery,2026-01-04,6
8562,1785,Chaman Hari,Shoes,Fashion,3,2500,7500,Delhi,Debit Card,2025-11-05,3
8563,6105,Yahvi Salvi,Watch,Accessories,3,5000,15000,Mumbai,Net Banking,2026-01-06,5
8564,3077,Umang Vyas,Shoes,Fashion,1,2500,2500,Pune,Credit Card,2026-04-19,4
8565,7091,Joshua Mukhopadhyay,Laptop,Electronics,1,65000,65000,Delhi,Credit Card,2026-05-14,5
8566,1693,Lajita Sekhon,Shoes,Fashion,5,2500,12500,Kolkata,Cash on Delivery,2026-03-12,1
8567,2795,Liam Dar,Headphones,Electronics,5,3000,15000,Pune,Net Banking,2025-10-10,5
8568,9550,Darsh Ravi,Phone,Electronics,4,25000,100000,Pune,Net Banking,2025-09-27,1
8569,8371,Hredhaan Bhakta,Phone,Electronics,1,25000,25000,Kolkata,Debit Card,2026-01-12,5
8570,2948,Lakshit Swamy,T-Shirt,Fashion,1,800,800,Kolkata,Cash on Delivery,2026-04-25,4
8571,1665,Christopher Setty,Phone,Electronics,1,25000,25000,Pune,Credit Card,2026-07-16,7
8572,2723,Andrew Chand,Headphones,Electronics,2,3000,6000,Ahmedabad,Cash on Delivery,2025-09-06,3
8573,3905,Yadavi Mall,Shoes,Fashion,2,2500,5000,Ahmedabad,UPI,2026-05-29,6
8574,7449,Dhruv Kata,Headphones,Electronics,5,3000,15000,Delhi,Credit Card,2025-08-22,5
8575,9121,Jalsa Krishnamurthy,Laptop,Electronics,4,65000,260000,Pune,Net Banking,2025-11-01,4
8576,7482,Zansi Thakkar,Headphones,Electronics,3,3000,9000,Kolkata,Debit Card,2025-10-08,7
8577,2228,Lekha Bal,Phone,Electronics,3,25000,75000,Ahmedabad,Credit Card,2026-06-16,3
8578,5660,Veda Natarajan,Shoes,Fashion,4,2500,10000,Hyderabad,Net Banking,2026-07-13,2
8579,2714,Indrajit Sachar,Headphones,Electronics,5,3000,15000,Bengaluru,UPI,2026-04-30,4
8580,4399,Eta Bala,Headphones,Electronics,1,3000,3000,Kolkata,Net Banking,2026-05-15,1
8581,1050,Onkar Thakur,Watch,Accessories,1,5000,5000,Hyderabad,Credit Card,2026-05-08,7
8582,3494,Baljiwan Lalla,Watch,Accessories,5,5000,25000,Hyderabad,Debit Card,2026-04-16,1
8583,1157,Hitesh Bahri,T-Shirt,Fashion,4,800,3200,Delhi,Net Banking,2026-03-11,4
8584,9761,Charita Bala,Phone,Electronics,5,25000,125000,Ahmedabad,UPI,2026-06-09,4
8585,1302,Zarna Andra,Phone,Electronics,5,25000,125000,Kolkata,Cash on Delivery,2025-12-23,3
8586,1786,Chakrika Vora,Phone,Electronics,5,25000,125000,Pune,Credit Card,2026-04-02,7
8587,2227,Indrajit Kashyap,Headphones,Electronics,4,3000,12000,Chennai,Credit Card,2026-03-08,2
8588,8273,Arin Basak,Shoes,Fashion,4,2500,10000,Bengaluru,Cash on Delivery,2025-10-13,1
8589,1616,Varenya Kala,Laptop,Electronics,3,65000,195000,Bengaluru,Cash on Delivery,2026-04-20,1
8590,9572,Upkaar Buch,Shoes,Fashion,2,2500,5000,Pune,Cash on Delivery,2026-03-12,3
8591,3328,Upkaar Bhatt,Shoes,Fashion,5,2500,12500,Mumbai,Net Banking,2025-09-06,5
8592,9309,Maanas Cheema,Phone,Electronics,5,25000,125000,Chennai,Debit Card,2025-10-13,7
8593,4558,Kamala Merchant,Chair,Furniture,5,4000,20000,Hyderabad,Net Banking,2025-08-12,4
8594,4116,Ansh Dasgupta,Chair,Furniture,3,4000,12000,Mumbai,Net Banking,2025-10-15,1
8595,5817,Kavya Sundaram,Phone,Electronics,5,25000,125000,Kolkata,Cash on Delivery,2025-09-25,1
8596,5975,Udarsh Arya,T-Shirt,Fashion,3,800,2400,Pune,Credit Card,2026-05-16,6
8597,8228,Nicholas Doshi,Shoes,Fashion,2,2500,5000,Hyderabad,Cash on Delivery,2026-02-18,7
8598,2014,Edhitha Thakur,Shoes,Fashion,1,2500,2500,Ahmedabad,Cash on Delivery,2026-03-28,3
8599,6012,Eshana Kanda,Phone,Electronics,4,25000,100000,Kolkata,Cash on Delivery,2025-08-22,7
8600,4568,Omkaar Sibal,Phone,Electronics,5,25000,125000,Pune,Credit Card,2026-01-02,6
8601,3596,Samaksh Majumdar,Headphones,Electronics,1,3000,3000,Pune,Net Banking,2025-09-23,2
8602,6601,Lekha Sachar,Shoes,Fashion,5,2500,12500,Bengaluru,Credit Card,2026-05-01,3
8603,6199,Simon Dubey,Phone,Electronics,1,25000,25000,Mumbai,Credit Card,2025-10-23,1
8604,9059,Raghav Kaur,T-Shirt,Fashion,4,800,3200,Chennai,UPI,2026-02-08,7
8605,7699,Gabriel Naik,Headphones,Electronics,5,3000,15000,Delhi,UPI,2026-01-21,1
8606,6199,Ati Johal,Phone,Electronics,4,25000,100000,Kolkata,Net Banking,2026-07-04,6
8607,3120,Karan Kala,Phone,Electronics,3,25000,75000,Ahmedabad,Cash on Delivery,2026-07-12,3
8608,4580,Pahal Dass,Headphones,Electronics,5,3000,15000,Ahmedabad,Debit Card,2025-10-09,6
8609,5924,Ishanvi Borde,Shoes,Fashion,1,2500,2500,Pune,Debit Card,2025-08-26,1
8610,7543,Ronith Pandya,Shoes,Fashion,5,2500,12500,Hyderabad,Net Banking,2025-08-17,2
8611,7390,Bahadurjit Gulati,Shoes,Fashion,4,2500,10000,Delhi,Net Banking,2025-11-23,1
8612,9700,Gavin Rana,Bottle,Home,3,600,1800,Chennai,UPI,2025-08-29,2
8613,6418,Wahab Doctor,Shoes,Fashion,4,2500,10000,Hyderabad,Credit Card,2025-09-08,6
8614,2257,Amara Halder,Headphones,Electronics,2,3000,6000,Ahmedabad,Credit Card,2026-07-23,1
8615,2710,Fitan Iyengar,Headphones,Electronics,4,3000,12000,Delhi,Debit Card,2025-10-13,6
8616,9460,Kai Sem,Headphones,Electronics,4,3000,12000,Chennai,UPI,2026-06-18,1
8617,4701,Bhavini Srivastava,Phone,Electronics,5,25000,125000,Hyderabad,Debit Card,2026-05-31,7
8618,9647,Yagnesh Chowdhury,Phone,Electronics,2,25000,50000,Bengaluru,Net Banking,2025-10-23,6
8619,5478,Finn Kapadia,Shoes,Fashion,3,2500,7500,Mumbai,Net Banking,2025-10-27,2
8620,9534,Upadhriti Khosla,Phone,Electronics,4,25000,100000,Mumbai,Debit Card,2026-06-23,6
8621,3370,Unnati Din,Headphones,Electronics,3,3000,9000,Ahmedabad,UPI,2026-03-15,4
8622,4643,Gavin Chaudhry,T-Shirt,Fashion,3,800,2400,Bengaluru,UPI,2026-04-05,7
8623,1975,Pranit Contractor,Phone,Electronics,3,25000,75000,Delhi,Cash on Delivery,2026-02-12,5
8624,6454,Omkaar Wagle,Headphones,Electronics,4,3000,12000,Ahmedabad,UPI,2025-11-11,1
8625,6221,Meghana Narang,T-Shirt,Fashion,2,800,1600,Kolkata,Cash on Delivery,2025-12-20,6
8626,7430,Falan Bhargava,Laptop,Electronics,2,65000,130000,Kolkata,Credit Card,2026-01-12,2
8627,5409,Harini Baral,Bottle,Home,1,600,600,Bengaluru,Debit Card,2026-01-21,4
8628,2526,Robert Kakar,Phone,Electronics,3,25000,75000,Chennai,Credit Card,2026-08-03,2
8629,7811,Farhan Kanda,Shoes,Fashion,4,2500,10000,Mumbai,Debit Card,2026-05-01,5
8630,5332,Charita Uppal,Watch,Accessories,2,5000,10000,Hyderabad,Cash on Delivery,2025-09-27,3
8631,8268,Veda Chada,Headphones,Electronics,1,3000,3000,Bengaluru,Cash on Delivery,2025-10-13,6
8632,8767,Warda Chad,Phone,Electronics,4,25000,100000,Hyderabad,UPI,2025-11-23,7
8633,7406,Neel Sarin,Phone,Electronics,3,25000,75000,Delhi,UPI,2026-01-02,4
8634,7190,Reva Yadav,Shoes,Fashion,1,2500,2500,Pune,UPI,2026-01-15,6
8635,3540,Falan Om,Laptop,Electronics,5,65000,325000,Ahmedabad,Cash on Delivery,2025-12-30,6
8636,6407,Dhriti Sawhney,Headphones,Electronics,2,3000,6000,Chennai,Credit Card,2025-09-29,4
8637,8763,Vyanjana Jhaveri,Headphones,Electronics,5,3000,15000,Kolkata,Cash on Delivery,2026-01-18,4
8638,3196,Faqid Chacko,Phone,Electronics,1,25000,25000,Hyderabad,Debit Card,2025-09-28,4
8639,6645,Chaaya Sinha,T-Shirt,Fashion,3,800,2400,Mumbai,Credit Card,2025-09-18,4
8640,3092,Indira Soman,Phone,Electronics,1,25000,25000,Bengaluru,Cash on Delivery,2026-03-13,7
8641,6600,Hema Grewal,Phone,Electronics,4,25000,100000,Bengaluru,Net Banking,2025-12-29,2
8642,8842,Zayyan Bora,Book,Books,4,500,2000,Ahmedabad,Cash on Delivery,2025-11-24,2
8643,6587,Hardik Agate,Headphones,Electronics,3,3000,9000,Pune,UPI,2026-07-06,2
8644,9358,Lajita Karnik,T-Shirt,Fashion,5,800,4000,Hyderabad,Net Banking,2026-05-18,4
8645,6394,Jackson Rastogi,Phone,Electronics,3,25000,75000,Hyderabad,Cash on Delivery,2026-04-02,6
8646,3968,Ayaan Nori,Phone,Electronics,2,25000,50000,Delhi,Net Banking,2025-11-29,3
8647,5211,Yashica Kaul,Headphones,Electronics,3,3000,9000,Pune,Cash on Delivery,2025-11-27,7
8648,4291,Bhanumati Bedi,Phone,Electronics,5,25000,125000,Delhi,UPI,2025-08-13,5
8649,7309,Zayyan Doctor,Shoes,Fashion,4,2500,10000,Bengaluru,Cash on Delivery,2026-02-03,1
8650,9379,Rudra Chander,Phone,Electronics,2,25000,50000,Ahmedabad,Credit Card,2026-03-21,7
8651,2028,Anya Mani,Watch,Accessories,4,5000,20000,Ahmedabad,Net Banking,2026-06-15,2
8652,4681,Wyatt Kale,Phone,Electronics,3,25000,75000,Delhi,Credit Card,2026-07-01,7
8653,4933,Hemang Chaudhari,Headphones,Electronics,4,3000,12000,Ahmedabad,Debit Card,2025-12-31,3
8654,5592,Upadhriti Jhaveri,Watch,Accessories,2,5000,10000,Delhi,Credit Card,2025-12-16,5
8655,9775,Oliver Rajagopalan,Watch,Accessories,3,5000,15000,Delhi,Debit Card,2026-01-12,6
8656,7311,Amruta Din,Headphones,Electronics,5,3000,15000,Delhi,Net Banking,2026-02-20,6
8657,5176,Gauri Basak,Headphones,Electronics,2,3000,6000,Bengaluru,Cash on Delivery,2026-06-22,2
8658,2697,Tanay Khatri,Phone,Electronics,4,25000,100000,Mumbai,Debit Card,2026-04-04,4
8659,8871,Sneha Kapadia,Headphones,Electronics,2,3000,6000,Mumbai,Debit Card,2025-12-14,4
8660,3569,Ekani Savant,Phone,Electronics,4,25000,100000,Mumbai,Cash on Delivery,2026-08-03,2
8661,2405,Rajeshri Singhal,Phone,Electronics,4,25000,100000,Hyderabad,Net Banking,2026-04-19,6
8662,5780,Alka Sabharwal,Headphones,Electronics,1,3000,3000,Delhi,Credit Card,2025-10-11,1
8663,7517,Chandani Shankar,Headphones,Electronics,1,3000,3000,Chennai,Cash on Delivery,2026-01-14,7
8664,7950,Pratyush Sane,T-Shirt,Fashion,1,800,800,Bengaluru,Debit Card,2026-05-31,6
8665,9938,Vamakshi Ramaswamy,Shoes,Fashion,4,2500,10000,Chennai,Cash on Delivery,2026-03-22,4
8666,9228,Baljiwan Dar,Phone,Electronics,1,25000,25000,Bengaluru,Credit Card,2026-03-29,3
8667,3063,Nihal Suresh,Headphones,Electronics,2,3000,6000,Pune,Cash on Delivery,2026-01-24,4
8668,7940,Chameli Barad,Shoes,Fashion,5,2500,12500,Kolkata,UPI,2025-11-15,6
8669,8260,Lakshit Mammen,Headphones,Electronics,4,3000,12000,Mumbai,Debit Card,2025-10-25,5
8670,8540,Fitan Mody,Shoes,Fashion,3,2500,7500,Bengaluru,Debit Card,2026-02-06,4
8671,4150,Thomas Gill,Headphones,Electronics,2,3000,6000,Ahmedabad,Credit Card,2026-07-20,5
8672,4098,Raghav Setty,Headphones,Electronics,1,3000,3000,Pune,UPI,2025-10-24,2
8673,5114,Manan Dhingra,T-Shirt,Fashion,2,800,1600,Ahmedabad,Debit Card,2025-10-26,2
8674,2570,Qushi Bansal,Bottle,Home,4,600,2400,Mumbai,Debit Card,2025-10-31,3
8675,3961,Kevin Dara,Headphones,Electronics,2,3000,6000,Mumbai,Net Banking,2026-05-18,1
8676,2380,Vasatika Mahal,T-Shirt,Fashion,3,800,2400,Kolkata,UPI,2025-09-19,7
8677,8388,Devansh Oommen,Shoes,Fashion,1,2500,2500,Delhi,Cash on Delivery,2026-01-16,4
8678,4234,Nilima Acharya,Headphones,Electronics,4,3000,12000,Mumbai,Credit Card,2026-07-04,1
8679,5878,Joshua Bhargava,T-Shirt,Fashion,4,800,3200,Ahmedabad,Credit Card,2026-06-21,5
8680,5849,Mitesh Bala,Phone,Electronics,4,25000,100000,Bengaluru,Debit Card,2026-02-26,3
8681,6910,Saanvi Pandit,Bottle,Home,2,600,1200,Hyderabad,Credit Card,2026-01-07,6
8682,2450,Naveen Pau,Book,Books,2,500,1000,Delhi,UPI,2026-03-18,2
8683,7610,Jyoti Lata,Phone,Electronics,3,25000,75000,Kolkata,Debit Card,2026-06-11,7
8684,5787,Tara Konda,Watch,Accessories,1,5000,5000,Ahmedabad,Net Banking,2026-06-05,7
8685,8720,Bhavani Kamdar,Watch,Accessories,4,5000,20000,Delhi,Credit Card,2026-01-13,1
8686,1030,Tripti Chaudry,Shoes,Fashion,4,2500,10000,Ahmedabad,Cash on Delivery,2026-03-02,5
8687,7057,Abhiram Toor,Shoes,Fashion,2,2500,5000,Hyderabad,Credit Card,2025-11-21,1
8688,4545,George Sheth,Laptop,Electronics,3,65000,195000,Ahmedabad,Debit Card,2025-11-23,3
8689,7488,Kashish Din,Phone,Electronics,2,25000,50000,Kolkata,Net Banking,2026-03-26,5
8690,8158,Owen Naidu,Headphones,Electronics,2,3000,6000,Chennai,Credit Card,2026-03-08,4
8691,6110,Rayaan Gola,Shoes,Fashion,3,2500,7500,Pune,Net Banking,2026-08-03,5
8692,7615,Nimrat Banerjee,Watch,Accessories,1,5000,5000,Hyderabad,Credit Card,2026-03-10,7
8693,4160,Laksh Bala,Headphones,Electronics,4,3000,12000,Bengaluru,UPI,2026-06-06,4
8694,5501,Mason Wali,T-Shirt,Fashion,1,800,800,Bengaluru,Net Banking,2026-03-03,3
8695,3296,Edhitha Rastogi,Phone,Electronics,5,25000,125000,Mumbai,UPI,2026-04-09,5
8696,8321,Tristan Joshi,T-Shirt,Fashion,3,800,2400,Pune,Credit Card,2026-01-15,6
8697,1821,Suhani Khosla,T-Shirt,Fashion,3,800,2400,Chennai,Net Banking,2026-06-26,6
8698,1979,Udarsh Deo,Headphones,Electronics,2,3000,6000,Hyderabad,Net Banking,2025-10-29,4
8699,2546,Yash Kapoor,Phone,Electronics,1,25000,25000,Bengaluru,UPI,2026-07-31,2
8700,9278,Oeshi Korpal,Headphones,Electronics,5,3000,15000,Hyderabad,Net Banking,2025-11-06,7
8701,1670,Rishi Dhar,T-Shirt,Fashion,5,800,4000,Mumbai,Debit Card,2025-11-18,1
8702,6724,Arjun Datta,T-Shirt,Fashion,3,800,2400,Pune,Cash on Delivery,2025-12-31,4
8703,1997,Faras Bose,Laptop,Electronics,5,65000,325000,Chennai,Net Banking,2026-04-22,1
8704,6084,Advika Oommen,Chair,Furniture,1,4000,4000,Delhi,UPI,2025-10-04,7
8705,7881,Radha Bajwa,Chair,Furniture,3,4000,12000,Delhi,UPI,2025-11-23,7
8706,2941,Osha Muni,Shoes,Fashion,2,2500,5000,Pune,Credit Card,2025-12-04,2
8707,9087,Ekaja Loyal,Headphones,Electronics,3,3000,9000,Pune,Credit Card,2026-03-04,2
8708,2961,Rehaan Dora,Phone,Electronics,1,25000,25000,Ahmedabad,Debit Card,2026-01-21,5
8709,3130,Abhimanyu Ram,Phone,Electronics,5,25000,125000,Mumbai,Cash on Delivery,2025-12-30,5
8710,7208,Nakul Mandal,Shoes,Fashion,1,2500,2500,Delhi,Net Banking,2025-09-26,7
8711,5797,Madhavi Nadig,Laptop,Electronics,4,65000,260000,Mumbai,Cash on Delivery,2025-10-13,6
8712,3110,Fariq Nair,Headphones,Electronics,5,3000,15000,Delhi,Debit Card,2026-07-31,5
8713,7519,Jeet Panchal,Phone,Electronics,2,25000,50000,Delhi,Net Banking,2025-11-28,1
8714,7890,Oscar Saini,Watch,Accessories,1,5000,5000,Delhi,UPI,2026-04-29,7
8715,7821,Prisha Biswas,Laptop,Electronics,2,65000,130000,Delhi,Net Banking,2025-10-16,4
8716,5905,Ekansh Nayak,Phone,Electronics,5,25000,125000,Ahmedabad,Credit Card,2026-03-30,6
8717,9075,Urvashi Prashad,Phone,Electronics,5,25000,125000,Hyderabad,Credit Card,2026-03-12,1
8718,7783,Anika Bassi,Laptop,Electronics,5,65000,325000,Delhi,UPI,2025-08-18,3
8719,1474,Sai Gour,Phone,Electronics,2,25000,50000,Ahmedabad,Credit Card,2025-09-07,2
8720,8078,Falguni Mahal,T-Shirt,Fashion,3,800,2400,Bengaluru,Debit Card,2026-04-08,6
8721,9958,Inaya Gara,Bottle,Home,5,600,3000,Delhi,Debit Card,2026-08-02,5
8722,7746,Mugdha Nagarajan,Headphones,Electronics,3,3000,9000,Pune,Net Banking,2026-06-13,6
8723,2593,Nandini Madan,Phone,Electronics,3,25000,75000,Chennai,Net Banking,2025-09-26,6
8724,1517,Kritika Thakur,Phone,Electronics,3,25000,75000,Ahmedabad,Cash on Delivery,2026-06-02,7
8725,2634,Nidra Murthy,T-Shirt,Fashion,3,800,2400,Mumbai,Net Banking,2026-07-11,2
8726,2608,Darsh Divan,Phone,Electronics,5,25000,125000,Delhi,Credit Card,2025-12-08,5
8727,2205,Zayan Seshadri,Shoes,Fashion,5,2500,12500,Chennai,Cash on Delivery,2026-06-02,4
8728,6902,Avni Gola,Headphones,Electronics,1,3000,3000,Bengaluru,UPI,2026-02-09,5
8729,9262,William Muni,Book,Books,3,500,1500,Chennai,Net Banking,2026-01-23,6
8730,5266,Jhalak Tella,Laptop,Electronics,2,65000,130000,Bengaluru,Net Banking,2026-02-17,1
8731,9701,Qadim Rege,Laptop,Electronics,5,65000,325000,Bengaluru,Debit Card,2025-09-12,7
8732,6315,Kamala Sen,Book,Books,5,500,2500,Kolkata,Net Banking,2025-10-29,7
8733,1738,Naksh Bajaj,Phone,Electronics,5,25000,125000,Hyderabad,Cash on Delivery,2026-05-23,1
8734,4377,Nidhi Karan,Phone,Electronics,4,25000,100000,Mumbai,Credit Card,2026-02-18,1
8735,7709,Faras Sachdeva,Phone,Electronics,5,25000,125000,Pune,Net Banking,2026-06-25,3
8736,8486,Daksh Grewal,Phone,Electronics,1,25000,25000,Pune,Net Banking,2026-05-24,4
8737,4094,Warhi Bumb,Desk,Furniture,1,7000,7000,Pune,UPI,2025-11-19,6
8738,5485,Rachit Mahal,Headphones,Electronics,1,3000,3000,Delhi,Debit Card,2026-02-14,1
8739,2654,Jagdish Seth,Shoes,Fashion,5,2500,12500,Hyderabad,Cash on Delivery,2026-06-13,1
8740,1038,Xavier Balakrishnan,Headphones,Electronics,1,3000,3000,Delhi,Debit Card,2025-10-11,5
8741,2788,Rachana Nagar,T-Shirt,Fashion,3,800,2400,Bengaluru,Credit Card,2026-07-22,6
8742,1137,Chaitanya Merchant,Phone,Electronics,1,25000,25000,Pune,Debit Card,2025-11-09,2
8743,7310,Kabir Kakar,Phone,Electronics,2,25000,50000,Bengaluru,Debit Card,2025-10-28,7
8744,5449,Lohit Kumer,Phone,Electronics,1,25000,25000,Pune,UPI,2025-10-31,2
8745,9881,Bachittar Jaggi,Shoes,Fashion,5,2500,12500,Kolkata,UPI,2025-10-19,1
8746,4125,Ijaya Zacharia,Book,Books,1,500,500,Bengaluru,UPI,2026-07-12,3
8747,2767,Qarin Balasubramanian,Phone,Electronics,3,25000,75000,Kolkata,Cash on Delivery,2026-06-23,1
8748,9439,Prisha Batta,Phone,Electronics,3,25000,75000,Hyderabad,Credit Card,2026-04-02,3
8749,7655,Chandresh Banik,T-Shirt,Fashion,1,800,800,Ahmedabad,Credit Card,2025-11-07,6
8750,3158,Aadi Dey,Headphones,Electronics,1,3000,3000,Mumbai,Cash on Delivery,2025-11-09,7
8751,5891,Victor Bajwa,T-Shirt,Fashion,5,800,4000,Mumbai,UPI,2025-10-16,1
8752,4392,David Sant,Laptop,Electronics,2,65000,130000,Hyderabad,UPI,2026-03-11,1
8753,7251,Ganga Gulati,Headphones,Electronics,5,3000,15000,Ahmedabad,Debit Card,2025-09-27,6
8754,5026,Siya Sekhon,Bottle,Home,4,600,2400,Bengaluru,Credit Card,2026-04-12,5
8755,7360,Jasmit Nagar,Shoes,Fashion,2,2500,5000,Pune,UPI,2026-03-16,3
8756,7440,Yashica Kunda,Phone,Electronics,3,25000,75000,Bengaluru,Credit Card,2026-01-07,7
8757,5322,Zansi Goswami,Headphones,Electronics,4,3000,12000,Delhi,Debit Card,2026-08-01,2
8758,1223,Yashawini Gour,Headphones,Electronics,5,3000,15000,Ahmedabad,Net Banking,2025-09-17,3
8759,3651,Advika Ramachandran,Laptop,Electronics,3,65000,195000,Mumbai,Cash on Delivery,2026-06-24,5
8760,6428,Chatresh Tailor,Phone,Electronics,2,25000,50000,Kolkata,Cash on Delivery,2025-10-05,2
8761,9035,Harrison Bahri,Laptop,Electronics,5,65000,325000,Bengaluru,Cash on Delivery,2025-09-15,3
8762,1825,Omya Devan,Chair,Furniture,1,4000,4000,Ahmedabad,Net Banking,2026-03-29,1
8763,8545,Rachit Raju,Book,Books,3,500,1500,Mumbai,Debit Card,2026-02-27,3
8764,6111,Ekani Sampath,Phone,Electronics,5,25000,125000,Ahmedabad,Debit Card,2025-12-13,2
8765,5043,Hemang Vohra,Shoes,Fashion,3,2500,7500,Ahmedabad,Credit Card,2026-04-25,2
8766,3100,Hemangini Kapadia,Laptop,Electronics,2,65000,130000,Pune,Credit Card,2026-04-22,3
8767,3811,Jagat Thaker,T-Shirt,Fashion,4,800,3200,Delhi,Credit Card,2026-02-28,1
8768,2246,Vedant Hans,Watch,Accessories,5,5000,25000,Kolkata,Credit Card,2025-11-02,4
8769,4997,Thomas Gour,Phone,Electronics,1,25000,25000,Pune,Credit Card,2026-01-18,1
8770,9038,Bhavani Nori,Phone,Electronics,3,25000,75000,Mumbai,Credit Card,2026-01-05,1
8771,3247,Shaurya Balan,Phone,Electronics,4,25000,100000,Ahmedabad,Credit Card,2025-09-10,1
8772,5597,Ryan Cheema,Phone,Electronics,2,25000,50000,Mumbai,Credit Card,2026-02-28,1
8773,4455,Ishita Chawla,Laptop,Electronics,1,65000,65000,Mumbai,Debit Card,2026-07-18,4
8774,4029,Diya Gulati,Phone,Electronics,3,25000,75000,Mumbai,Debit Card,2025-12-12,2
8775,9227,Isaiah Patla,Headphones,Electronics,4,3000,12000,Delhi,Debit Card,2026-02-18,3
8776,3262,Aradhana Setty,Shoes,Fashion,5,2500,12500,Bengaluru,Cash on Delivery,2026-05-09,4
8777,8002,Bhavani Acharya,Laptop,Electronics,2,65000,130000,Delhi,Debit Card,2025-12-21,5
8778,8750,Radha Vaidya,Headphones,Electronics,5,3000,15000,Kolkata,Credit Card,2026-05-21,3
8779,8144,Ekalinga Sha,Headphones,Electronics,5,3000,15000,Pune,UPI,2026-04-17,1
8780,8337,Amruta Kata,Phone,Electronics,1,25000,25000,Chennai,Debit Card,2025-12-21,5
8781,3750,Sudiksha Devi,Shoes,Fashion,4,2500,10000,Kolkata,Cash on Delivery,2026-04-30,2
8782,9290,Aayush Wagle,Phone,Electronics,4,25000,100000,Delhi,UPI,2026-05-06,4
8783,5631,Baljiwan Taneja,Phone,Electronics,1,25000,25000,Kolkata,Debit Card,2026-02-03,1
8784,4014,Januja Sanghvi,Shoes,Fashion,3,2500,7500,Bengaluru,UPI,2026-03-20,1
8785,1134,Dayita Lata,Laptop,Electronics,4,65000,260000,Pune,Credit Card,2026-03-14,2
8786,4660,Abhimanyu Bhatia,Chair,Furniture,3,4000,12000,Hyderabad,Credit Card,2026-02-19,2
8787,5989,Vincent Rajan,T-Shirt,Fashion,1,800,800,Hyderabad,Credit Card,2026-04-18,1
8788,8067,Veda Vala,Headphones,Electronics,1,3000,3000,Chennai,Net Banking,2025-08-22,6
8789,7771,Ekaraj Prabhakar,Headphones,Electronics,3,3000,9000,Kolkata,UPI,2026-03-31,4
8790,9635,Charles Walla,Phone,Electronics,5,25000,125000,Ahmedabad,UPI,2026-03-02,7
8791,9095,Yahvi Anand,Phone,Electronics,3,25000,75000,Kolkata,Credit Card,2026-01-18,2
8792,9105,Charita Mody,Headphones,Electronics,2,3000,6000,Mumbai,Debit Card,2025-11-18,6
8793,7564,Urvi Sarma,Phone,Electronics,5,25000,125000,Delhi,Credit Card,2026-02-22,4
8794,7606,Wahab Deep,Phone,Electronics,2,25000,50000,Bengaluru,Debit Card,2026-01-14,3
8795,5679,Bishakha Khare,T-Shirt,Fashion,5,800,4000,Chennai,Net Banking,2025-11-08,7
8796,5606,Lila Rao,Phone,Electronics,1,25000,25000,Kolkata,Net Banking,2025-08-14,4
8797,9505,Aryan Bhavsar,Phone,Electronics,1,25000,25000,Delhi,Debit Card,2026-05-25,6
8798,2105,Yashvi Banerjee,Shoes,Fashion,1,2500,2500,Kolkata,Net Banking,2026-03-22,3
8799,1804,Bahadurjit Sachdev,Shoes,Fashion,3,2500,7500,Delhi,Credit Card,2026-04-17,6
8800,9338,Yoshita Wali,Headphones,Electronics,3,3000,9000,Pune,Credit Card,2025-08-25,3
8801,8234,Devansh Sandal,Phone,Electronics,2,25000,50000,Hyderabad,Cash on Delivery,2026-01-04,4
8802,5695,Theodore Bumb,Headphones,Electronics,1,3000,3000,Pune,Net Banking,2026-01-25,7
8803,2912,Ekaja Saran,Phone,Electronics,4,25000,100000,Mumbai,Net Banking,2026-01-02,5
8804,9619,Parth Prasad,Laptop,Electronics,1,65000,65000,Bengaluru,Cash on Delivery,2026-01-06,6
8805,5847,Gautam Karan,Headphones,Electronics,2,3000,6000,Kolkata,Cash on Delivery,2026-06-16,3
8806,9484,Lila Swaminathan,Headphones,Electronics,4,3000,12000,Pune,Debit Card,2026-04-11,6
8807,4970,Brijesh Karnik,Phone,Electronics,2,25000,50000,Mumbai,Net Banking,2025-12-03,7
8808,2713,Suhani Mane,T-Shirt,Fashion,5,800,4000,Ahmedabad,Cash on Delivery,2026-02-26,4
8809,2980,Mohini Nagy,Phone,Electronics,3,25000,75000,Hyderabad,Debit Card,2025-09-17,3
8810,6628,Anay Sharma,Shoes,Fashion,3,2500,7500,Kolkata,Net Banking,2026-06-29,4
8811,8541,Frado Warrior,Shoes,Fashion,1,2500,2500,Delhi,Cash on Delivery,2026-02-07,4
8812,7115,Ayush Venkataraman,Shoes,Fashion,3,2500,7500,Ahmedabad,Credit Card,2026-06-07,1
8813,8945,Chatresh Mangat,Bottle,Home,1,600,600,Hyderabad,UPI,2026-01-02,7
8814,3479,Qabil Master,Book,Books,1,500,500,Kolkata,Credit Card,2025-11-26,3
8815,4005,Rajata Dutt,Headphones,Electronics,1,3000,3000,Ahmedabad,Cash on Delivery,2026-02-21,4
8816,1856,Manya Sandhu,Shoes,Fashion,3,2500,7500,Ahmedabad,Debit Card,2025-09-10,3
8817,6349,Omya Sachdev,T-Shirt,Fashion,2,800,1600,Mumbai,Cash on Delivery,2026-05-26,4
8818,6819,George Dugal,Phone,Electronics,5,25000,125000,Chennai,Debit Card,2026-02-20,2
8819,6046,Farhan Patil,Book,Books,4,500,2000,Bengaluru,Debit Card,2026-08-01,2
8820,9278,Mekhala Bakshi,Headphones,Electronics,2,3000,6000,Bengaluru,Credit Card,2026-02-12,1
8821,5508,Azad Konda,Phone,Electronics,1,25000,25000,Mumbai,UPI,2026-04-18,4
8822,7648,Nikita Chokshi,Phone,Electronics,5,25000,125000,Delhi,Cash on Delivery,2025-10-02,2
8823,2010,Chanchal Roy,Phone,Electronics,2,25000,50000,Mumbai,Debit Card,2026-05-19,5
8824,7737,Rayaan Baral,Headphones,Electronics,1,3000,3000,Kolkata,Credit Card,2026-04-13,4
8825,1900,Samar Bail,Phone,Electronics,1,25000,25000,Hyderabad,Credit Card,2025-10-19,1
8826,7385,Darsh Dada,Shoes,Fashion,3,2500,7500,Hyderabad,Credit Card,2025-10-12,1
8827,7921,Vincent Khare,Phone,Electronics,1,25000,25000,Ahmedabad,UPI,2026-02-07,4
8828,2859,Nihal Apte,Watch,Accessories,4,5000,20000,Ahmedabad,Net Banking,2025-10-28,5
8829,3074,Meghana Morar,Phone,Electronics,3,25000,75000,Hyderabad,Cash on Delivery,2026-04-10,3
8830,2182,Rajata Sethi,Headphones,Electronics,3,3000,9000,Mumbai,UPI,2026-05-07,7
8831,1543,Samesh Koshy,Laptop,Electronics,2,65000,130000,Chennai,Cash on Delivery,2026-01-13,4
8832,1958,Agastya Goyal,Shoes,Fashion,3,2500,7500,Chennai,Credit Card,2026-08-05,2
8833,6940,Naksh Rana,Desk,Furniture,1,7000,7000,Mumbai,Cash on Delivery,2025-11-06,3
8834,8745,Chaaya Chatterjee,Phone,Electronics,4,25000,100000,Bengaluru,Net Banking,2026-03-08,4
8835,8051,Dalbir Ramakrishnan,Laptop,Electronics,5,65000,325000,Ahmedabad,Credit Card,2026-03-08,1
8836,5431,Vaishnavi Barman,Desk,Furniture,2,7000,14000,Bengaluru,Credit Card,2025-09-01,1
8837,5698,Chaman Kibe,Headphones,Electronics,1,3000,3000,Hyderabad,UPI,2026-03-29,7
8838,8494,Utkarsh Deep,Shoes,Fashion,4,2500,10000,Bengaluru,Credit Card,2026-07-15,2
8839,6447,Aarush Bhagat,Headphones,Electronics,3,3000,9000,Hyderabad,Cash on Delivery,2026-06-20,4
8840,9859,Xalak Gola,Desk,Furniture,2,7000,14000,Chennai,UPI,2026-02-06,1
8841,8719,Pavani Baria,Headphones,Electronics,4,3000,12000,Kolkata,Credit Card,2026-04-16,5
8842,1939,Harish Agarwal,T-Shirt,Fashion,5,800,4000,Mumbai,UPI,2025-09-26,1
8843,6735,Nathaniel Thakur,T-Shirt,Fashion,1,800,800,Bengaluru,Net Banking,2026-04-04,2
8844,4645,Ria Amble,Desk,Furniture,5,7000,35000,Ahmedabad,Credit Card,2026-04-24,2
8845,6495,Idika Kala,Phone,Electronics,4,25000,100000,Delhi,Debit Card,2026-01-01,3
8846,7513,Janya Korpal,T-Shirt,Fashion,1,800,800,Hyderabad,Credit Card,2025-08-29,3
8847,7539,Vyanjana Pall,Phone,Electronics,5,25000,125000,Pune,Cash on Delivery,2026-03-22,1
8848,3774,Gaurangi Sandhu,Phone,Electronics,1,25000,25000,Chennai,UPI,2025-11-29,4
8849,6322,Bahadurjit Halder,Shoes,Fashion,3,2500,7500,Pune,Credit Card,2026-07-04,4
8850,8681,Sara Krishnamurthy,Headphones,Electronics,2,3000,6000,Delhi,Credit Card,2025-08-25,1
8851,7240,Advaith Bora,Watch,Accessories,3,5000,15000,Mumbai,Cash on Delivery,2025-10-30,5
8852,6109,Avni Hegde,T-Shirt,Fashion,1,800,800,Kolkata,Cash on Delivery,2026-04-18,1
8853,8000,Thomas Naidu,Laptop,Electronics,5,65000,325000,Ahmedabad,Debit Card,2025-12-03,3
8854,5344,Unni Edwin,Laptop,Electronics,1,65000,65000,Hyderabad,Cash on Delivery,2025-09-05,4
8855,7790,Jai Borde,Watch,Accessories,2,5000,10000,Kolkata,UPI,2026-08-07,3
8856,7775,Mohammed Tailor,Laptop,Electronics,3,65000,195000,Bengaluru,Credit Card,2026-07-10,4
8857,7504,Bhavya Sachdev,T-Shirt,Fashion,3,800,2400,Pune,Debit Card,2026-04-16,7
8858,9803,Gaurang Saraf,Phone,Electronics,3,25000,75000,Ahmedabad,UPI,2026-02-08,1
8859,7628,Amruta Balan,Headphones,Electronics,1,3000,3000,Ahmedabad,Cash on Delivery,2025-11-13,6
8860,7623,Adya Sami,Phone,Electronics,2,25000,50000,Kolkata,Net Banking,2025-08-10,1
8861,9050,Wridesh Iyer,T-Shirt,Fashion,1,800,800,Ahmedabad,UPI,2026-02-20,2
8862,8440,Inaya Divan,Phone,Electronics,2,25000,50000,Bengaluru,Net Banking,2026-01-10,1
8863,3287,Pahal Saha,Headphones,Electronics,3,3000,9000,Bengaluru,Credit Card,2026-05-13,7
8864,5042,Chaitaly Tata,Shoes,Fashion,3,2500,7500,Pune,UPI,2026-06-12,5
8865,7394,Hema Baral,Headphones,Electronics,4,3000,12000,Mumbai,Cash on Delivery,2026-06-28,4
8866,3650,Aayush Chakrabarti,Phone,Electronics,4,25000,100000,Bengaluru,Debit Card,2026-01-14,7
8867,9532,Yug Nagi,Book,Books,3,500,1500,Hyderabad,Cash on Delivery,2026-01-26,4
8868,4543,Tejas Devi,Laptop,Electronics,5,65000,325000,Hyderabad,Debit Card,2026-01-06,1
8869,8731,Falan Misra,Headphones,Electronics,2,3000,6000,Hyderabad,Cash on Delivery,2026-06-22,7
8870,3990,Ronith Dasgupta,Shoes,Fashion,3,2500,7500,Chennai,Cash on Delivery,2026-06-25,5
8871,1386,Damyanti Palla,Headphones,Electronics,5,3000,15000,Delhi,Cash on Delivery,2025-12-31,5
8872,4908,Yatin Parmar,Phone,Electronics,3,25000,75000,Delhi,UPI,2026-01-17,1
8873,8938,Urmi Som,Phone,Electronics,2,25000,50000,Ahmedabad,UPI,2025-12-26,5
8874,1258,Manya Muni,Phone,Electronics,4,25000,100000,Pune,Cash on Delivery,2026-05-17,7
8875,1584,Om Ganguly,Laptop,Electronics,2,65000,130000,Hyderabad,Credit Card,2026-01-10,4
8876,3326,Yashvi Sunder,T-Shirt,Fashion,3,800,2400,Mumbai,Credit Card,2026-07-26,7
8877,3892,Neelima Lalla,Headphones,Electronics,4,3000,12000,Kolkata,Net Banking,2026-07-07,2
8878,7678,Yashvi Narang,Headphones,Electronics,2,3000,6000,Pune,Net Banking,2026-04-24,3
8879,7825,Kashish Mallick,Phone,Electronics,4,25000,100000,Bengaluru,Net Banking,2026-08-06,2
8880,7475,Veer Nayar,Shoes,Fashion,2,2500,5000,Hyderabad,Credit Card,2026-01-10,7
8881,3848,Qasim Halder,Phone,Electronics,4,25000,100000,Mumbai,Net Banking,2026-01-25,7
8882,2717,Teerth Soni,Phone,Electronics,5,25000,125000,Chennai,UPI,2025-08-10,6
8883,9293,Baljiwan Mody,Headphones,Electronics,5,3000,15000,Delhi,Net Banking,2026-06-11,5
8884,5305,Aarav Rattan,Headphones,Electronics,1,3000,3000,Delhi,Net Banking,2025-08-11,2
8885,8169,Pranav Ahuja,Phone,Electronics,2,25000,50000,Bengaluru,Debit Card,2026-02-10,7
8886,4042,Sarthak Modi,Phone,Electronics,2,25000,50000,Kolkata,Debit Card,2026-04-09,5
8887,9004,Anamika Karpe,Phone,Electronics,4,25000,100000,Hyderabad,Credit Card,2025-10-24,6
8888,3940,Aayush Murty,Shoes,Fashion,4,2500,10000,Bengaluru,Credit Card,2025-09-26,1
8889,4901,Upadhriti Choudhury,T-Shirt,Fashion,3,800,2400,Bengaluru,Debit Card,2025-11-15,1
8890,4073,Eta Pingle,T-Shirt,Fashion,4,800,3200,Bengaluru,Net Banking,2025-09-01,4
8891,2398,Vaishnavi Bobal,Phone,Electronics,1,25000,25000,Chennai,Debit Card,2025-10-12,7
8892,7915,Yatan Sagar,Shoes,Fashion,1,2500,2500,Delhi,Net Banking,2025-08-23,4
8893,6324,Ojas Bajwa,Phone,Electronics,3,25000,75000,Mumbai,Credit Card,2026-04-03,2
8894,1076,Widisha Keer,Headphones,Electronics,4,3000,12000,Ahmedabad,Cash on Delivery,2026-07-11,3
8895,7653,Gopal Golla,T-Shirt,Fashion,5,800,4000,Chennai,Debit Card,2026-01-19,4
8896,9389,Nimrat Sarkar,Laptop,Electronics,1,65000,65000,Mumbai,Credit Card,2026-01-08,2
8897,3540,Ayaan Mahajan,Shoes,Fashion,4,2500,10000,Hyderabad,Net Banking,2026-05-04,1
8898,9803,Ganga Brahmbhatt,Headphones,Electronics,1,3000,3000,Pune,Cash on Delivery,2025-11-12,3
8899,7730,Aarav Dave,Book,Books,1,500,500,Hyderabad,Cash on Delivery,2026-03-02,5
8900,6574,Thomas Rau,Shoes,Fashion,5,2500,12500,Mumbai,Cash on Delivery,2026-02-02,4
8901,6909,Pahal Mannan,Watch,Accessories,4,5000,20000,Ahmedabad,Net Banking,2026-02-27,5
8902,2232,Mohammed Kannan,Desk,Furniture,5,7000,35000,Chennai,Cash on Delivery,2025-09-20,5
8903,4011,Janaki Gara,Headphones,Electronics,1,3000,3000,Bengaluru,Credit Card,2026-04-10,4
8904,6692,Mohammed Natarajan,Phone,Electronics,3,25000,75000,Mumbai,Debit Card,2025-09-07,2
8905,5406,Onkar Sekhon,Headphones,Electronics,1,3000,3000,Hyderabad,Debit Card,2026-02-18,2
8906,7850,Girish Sankar,Phone,Electronics,1,25000,25000,Bengaluru,Cash on Delivery,2025-11-06,2
8907,8690,Ayush Srinivas,Phone,Electronics,4,25000,100000,Pune,Debit Card,2025-11-21,2
8908,4046,Nirja Kohli,Phone,Electronics,1,25000,25000,Pune,Credit Card,2026-01-24,6
8909,8857,Hredhaan Pillai,Phone,Electronics,5,25000,125000,Hyderabad,Net Banking,2025-11-24,1
8910,1462,Vivaan Nagi,Shoes,Fashion,5,2500,12500,Hyderabad,Debit Card,2026-02-20,4
8911,6352,Vasana Sachdeva,Phone,Electronics,4,25000,100000,Mumbai,UPI,2026-03-24,6
8912,9854,Indali Reddy,Phone,Electronics,3,25000,75000,Hyderabad,Net Banking,2026-06-16,3
8913,4852,Watika Atwal,Laptop,Electronics,2,65000,130000,Bengaluru,Cash on Delivery,2025-11-15,1
8914,4395,Eiravati Dua,Laptop,Electronics,3,65000,195000,Ahmedabad,UPI,2026-03-26,2
8915,4305,Ranveer Kuruvilla,Phone,Electronics,4,25000,100000,Pune,Credit Card,2026-02-26,1
8916,2056,George Bora,Shoes,Fashion,1,2500,2500,Chennai,Credit Card,2026-04-05,7
8917,5279,Laksh Bumb,Phone,Electronics,3,25000,75000,Kolkata,UPI,2026-06-18,6
8918,4459,Shravya Prashad,Phone,Electronics,3,25000,75000,Hyderabad,Net Banking,2025-09-27,2
8919,8942,Yuvraj Ahuja,Phone,Electronics,1,25000,25000,Chennai,Net Banking,2025-08-23,5
8920,1534,Viraj Mital,Chair,Furniture,2,4000,8000,Chennai,Net Banking,2025-10-01,2
8921,5173,Lucky Parmar,Headphones,Electronics,5,3000,15000,Ahmedabad,Net Banking,2026-01-16,6
8922,5974,Jacob Barman,Laptop,Electronics,5,65000,325000,Ahmedabad,Cash on Delivery,2026-03-16,1
8923,2638,Lucky Taneja,Shoes,Fashion,4,2500,10000,Mumbai,Cash on Delivery,2025-08-09,6
8924,4202,Caleb Munshi,Phone,Electronics,3,25000,75000,Mumbai,Debit Card,2026-06-24,3
8925,6549,Madhavi Ramaswamy,Phone,Electronics,4,25000,100000,Mumbai,Credit Card,2025-08-26,2
8926,2818,Samesh Bera,Book,Books,4,500,2000,Hyderabad,Cash on Delivery,2026-07-22,4
8927,2339,Yamini Kapur,Shoes,Fashion,4,2500,10000,Chennai,UPI,2026-04-01,4
8928,5467,Sara Muni,T-Shirt,Fashion,3,800,2400,Hyderabad,Credit Card,2026-01-30,4
8929,4881,Diya Sharma,Shoes,Fashion,4,2500,10000,Chennai,Cash on Delivery,2026-04-25,1
8930,8927,Vidhi Kade,Phone,Electronics,3,25000,75000,Delhi,Cash on Delivery,2026-02-28,5
8931,4921,Chasmum Gade,T-Shirt,Fashion,3,800,2400,Mumbai,Credit Card,2026-03-21,1
8932,5957,Aarna Shere,Headphones,Electronics,5,3000,15000,Delhi,Cash on Delivery,2025-10-04,5
8933,7982,Chavvi Cherian,T-Shirt,Fashion,2,800,1600,Kolkata,Credit Card,2025-11-22,7
8934,8045,Gagan Bassi,Laptop,Electronics,1,65000,65000,Bengaluru,Net Banking,2026-06-04,2
8935,7177,Janani Nayar,Laptop,Electronics,1,65000,65000,Kolkata,Net Banking,2025-08-26,6
8936,7309,Krishna Sodhi,Headphones,Electronics,5,3000,15000,Pune,Cash on Delivery,2025-10-26,3
8937,3356,Nicholas Borde,Laptop,Electronics,1,65000,65000,Ahmedabad,Debit Card,2025-08-23,2
8938,6486,Raghav Babu,Watch,Accessories,4,5000,20000,Ahmedabad,UPI,2026-01-08,3
8939,8118,Raksha Dutt,Phone,Electronics,1,25000,25000,Mumbai,Debit Card,2026-07-13,6
8940,1800,Yashodhara Goel,Phone,Electronics,3,25000,75000,Hyderabad,Net Banking,2026-02-27,7
8941,8811,Frado Khalsa,Headphones,Electronics,4,3000,12000,Ahmedabad,Debit Card,2026-03-03,3
8942,1940,Lipika Thaman,Headphones,Electronics,5,3000,15000,Pune,UPI,2026-05-16,3
8943,6777,Wahab Raj,Phone,Electronics,1,25000,25000,Chennai,Credit Card,2026-06-24,4
8944,4572,Nilima Datta,Shoes,Fashion,1,2500,2500,Ahmedabad,Debit Card,2025-12-03,2
8945,4048,Priya Savant,Headphones,Electronics,5,3000,15000,Hyderabad,UPI,2026-03-02,2
8946,8004,Gagan Naik,Phone,Electronics,5,25000,125000,Kolkata,Net Banking,2025-09-27,2
8947,4320,Widisha Ahuja,Watch,Accessories,3,5000,15000,Ahmedabad,Net Banking,2025-12-20,6
8948,2770,Ekaraj Deo,Shoes,Fashion,3,2500,7500,Kolkata,Cash on Delivery,2025-09-05,4
8949,9385,Barkha Koshy,Phone,Electronics,3,25000,75000,Chennai,Net Banking,2026-02-14,2
8950,4712,Reva Prabhu,Phone,Electronics,3,25000,75000,Kolkata,Cash on Delivery,2026-01-10,2
8951,9234,Sachi Sankar,Headphones,Electronics,2,3000,6000,Kolkata,UPI,2026-01-25,1
8952,8163,Rudra Kant,Headphones,Electronics,1,3000,3000,Ahmedabad,Credit Card,2025-09-27,6
8953,6686,Chavvi Ravel,Phone,Electronics,3,25000,75000,Hyderabad,Net Banking,2026-05-01,3
8954,7963,Chandresh Seshadri,Book,Books,1,500,500,Ahmedabad,Net Banking,2025-09-10,7
8955,5319,Bhavini Ramachandran,Shoes,Fashion,5,2500,12500,Chennai,Credit Card,2026-02-04,7
8956,8564,Amaira Bajwa,T-Shirt,Fashion,5,800,4000,Bengaluru,Net Banking,2025-12-10,3
8957,2989,Jack Ramesh,Phone,Electronics,3,25000,75000,Kolkata,Net Banking,2025-11-10,2
8958,5902,Ekta Ghosh,Shoes,Fashion,5,2500,12500,Hyderabad,UPI,2026-02-21,3
8959,5314,Aarush Hora,Watch,Accessories,1,5000,5000,Bengaluru,UPI,2025-10-05,3
8960,7576,Ridhi Nanda,Phone,Electronics,1,25000,25000,Kolkata,Cash on Delivery,2025-08-13,2
8961,6910,Nachiket Date,Phone,Electronics,2,25000,50000,Kolkata,Debit Card,2026-04-20,1
8962,3603,Tejas Mall,Phone,Electronics,3,25000,75000,Kolkata,Cash on Delivery,2026-06-07,7
8963,5120,Zayyan Lala,Laptop,Electronics,3,65000,195000,Kolkata,Cash on Delivery,2026-03-12,4
8964,1819,Ishita Gaba,Desk,Furniture,2,7000,14000,Kolkata,Cash on Delivery,2025-12-03,5
8965,6250,Riya Keer,T-Shirt,Fashion,4,800,3200,Mumbai,UPI,2025-10-05,5
8966,2613,Mason Dora,Laptop,Electronics,3,65000,195000,Pune,UPI,2026-04-06,4
8967,5595,Guneet Palla,Phone,Electronics,2,25000,50000,Chennai,UPI,2026-07-25,3
8968,2938,Mahika Bhandari,Shoes,Fashion,3,2500,7500,Mumbai,Cash on Delivery,2025-11-01,1
8969,3482,Kashish Vohra,Headphones,Electronics,5,3000,15000,Bengaluru,UPI,2025-10-09,5
8970,2442,Sai Saini,Phone,Electronics,3,25000,75000,Hyderabad,Net Banking,2026-07-12,1
8971,6831,Champak Pant,Laptop,Electronics,5,65000,325000,Delhi,UPI,2026-04-11,7
8972,8228,Aishani Ratti,Shoes,Fashion,3,2500,7500,Pune,Cash on Delivery,2026-03-07,2
8973,6692,Ati Morar,Shoes,Fashion,1,2500,2500,Ahmedabad,Debit Card,2026-05-07,2
8974,4076,Dayamai Tak,Phone,Electronics,5,25000,125000,Delhi,Debit Card,2026-06-29,5
8975,6651,Saanvi Sami,Chair,Furniture,4,4000,16000,Kolkata,Debit Card,2025-12-01,3
8976,5639,Tristan Jha,Phone,Electronics,5,25000,125000,Pune,Credit Card,2026-04-25,7
8977,4452,Nandini Tandon,Phone,Electronics,2,25000,50000,Hyderabad,Net Banking,2025-10-19,5
8978,6613,Jeevika Bahl,Watch,Accessories,4,5000,20000,Mumbai,Net Banking,2025-11-21,1
8979,4274,Timothy Jaggi,Phone,Electronics,3,25000,75000,Delhi,Net Banking,2026-06-01,2
8980,1674,Aditya Rege,Phone,Electronics,2,25000,50000,Mumbai,Cash on Delivery,2025-11-22,7
8981,5308,Varsha Goda,Laptop,Electronics,3,65000,195000,Delhi,Credit Card,2026-01-05,3
8982,4982,Qushi Sule,Shoes,Fashion,5,2500,12500,Pune,UPI,2025-09-26,4
8983,4340,Ekta Mitter,Shoes,Fashion,2,2500,5000,Pune,Credit Card,2026-05-31,7
8984,8436,Jeremiah Shankar,Shoes,Fashion,1,2500,2500,Mumbai,Net Banking,2026-06-30,6
8985,9705,Mohini Buch,T-Shirt,Fashion,1,800,800,Bengaluru,UPI,2026-02-23,7
8986,8107,Chaaya Sahota,Phone,Electronics,1,25000,25000,Hyderabad,Net Banking,2026-04-07,2
8987,9652,Neelima Mukherjee,Chair,Furniture,1,4000,4000,Chennai,Cash on Delivery,2026-02-07,6
8988,2391,Wishi Bhatnagar,Shoes,Fashion,1,2500,2500,Delhi,Net Banking,2026-06-04,7
8989,3527,Ishani Ganguly,Desk,Furniture,1,7000,7000,Hyderabad,Net Banking,2025-08-22,5
8990,8858,Vedant Lata,Phone,Electronics,4,25000,100000,Delhi,Credit Card,2026-07-06,7
8991,8368,Jatin Vyas,T-Shirt,Fashion,3,800,2400,Ahmedabad,Credit Card,2026-05-03,7
8992,5430,Shravya Buch,Phone,Electronics,3,25000,75000,Mumbai,UPI,2026-05-06,5
8993,6712,Eta Lal,Shoes,Fashion,2,2500,5000,Pune,Cash on Delivery,2026-05-07,6
8994,5079,Zansi Tripathi,Phone,Electronics,4,25000,100000,Chennai,Credit Card,2026-06-27,3
8995,4793,Urvi Majumdar,T-Shirt,Fashion,2,800,1600,Pune,Net Banking,2026-01-18,2
8996,8780,Anthony Devan,Laptop,Electronics,1,65000,65000,Ahmedabad,Net Banking,2025-11-09,1
8997,1727,Vanya Deshmukh,Phone,Electronics,1,25000,25000,Delhi,Credit Card,2025-10-29,5
8998,3268,Odika Palan,Shoes,Fashion,4,2500,10000,Chennai,Net Banking,2026-06-22,2
8999,2468,Triveni Nanda,Shoes,Fashion,2,2500,5000,Delhi,Cash on Delivery,2026-06-29,7
9000,4607,Atharv Shah,Shoes,Fashion,2,2500,5000,Hyderabad,Net Banking,2025-10-08,2
9001,4545,Bahadurjit Brar,Headphones,Electronics,3,3000,9000,Pune,Net Banking,2026-03-20,6
9002,5914,Chakrika Ravel,Laptop,Electronics,2,65000,130000,Chennai,Cash on Delivery,2026-06-01,5
9003,4857,Ekiya Mital,Shoes,Fashion,2,2500,5000,Ahmedabad,Net Banking,2026-07-29,3
9004,1445,Anya Sama,Shoes,Fashion,2,2500,5000,Mumbai,UPI,2026-03-11,6
9005,6080,Charles Manda,Book,Books,3,500,1500,Pune,Debit Card,2026-03-16,5
9006,3313,Qushi Dugar,T-Shirt,Fashion,4,800,3200,Delhi,Cash on Delivery,2026-07-22,3
9007,8638,Azad Dyal,Laptop,Electronics,1,65000,65000,Delhi,Credit Card,2025-11-05,6
9008,8406,Prisha Bhatt,Phone,Electronics,1,25000,25000,Kolkata,Debit Card,2025-10-16,5
9009,6642,Elijah Pathak,Shoes,Fashion,2,2500,5000,Pune,Net Banking,2026-05-01,5
9010,1426,Pranit Rau,Phone,Electronics,1,25000,25000,Hyderabad,Credit Card,2025-11-22,1
9011,1855,Veer Deo,Shoes,Fashion,1,2500,2500,Hyderabad,Cash on Delivery,2025-10-28,2
9012,1897,Ganga Tank,Headphones,Electronics,1,3000,3000,Bengaluru,Net Banking,2026-01-02,4
9013,8340,Aarna Wadhwa,Phone,Electronics,3,25000,75000,Ahmedabad,Debit Card,2025-11-03,1
9014,8590,Utkarsh Modi,Phone,Electronics,2,25000,50000,Delhi,UPI,2026-05-03,4
9015,4466,Vinaya Nagy,T-Shirt,Fashion,4,800,3200,Hyderabad,UPI,2025-12-20,7
9016,2695,Priya Mannan,Phone,Electronics,3,25000,75000,Kolkata,Cash on Delivery,2026-06-30,4
9017,3855,Christopher Vyas,Headphones,Electronics,5,3000,15000,Mumbai,Credit Card,2025-09-22,4
9018,2616,Jacob Sehgal,Phone,Electronics,2,25000,50000,Hyderabad,Credit Card,2026-06-08,3
9019,3901,Jonathan Mane,Phone,Electronics,3,25000,75000,Ahmedabad,Cash on Delivery,2025-10-11,3
9020,3803,Anthony Batra,Phone,Electronics,1,25000,25000,Ahmedabad,Net Banking,2026-01-05,1
9021,5979,Keya Wali,Headphones,Electronics,5,3000,15000,Pune,UPI,2025-09-07,7
9022,4408,Vivaan Kari,Phone,Electronics,3,25000,75000,Kolkata,Cash on Delivery,2026-05-29,7
9023,3873,Yuvraj Om,Phone,Electronics,4,25000,100000,Ahmedabad,Cash on Delivery,2025-10-13,3
9024,9903,Tamanna Thaman,T-Shirt,Fashion,3,800,2400,Chennai,Debit Card,2026-03-10,4
9025,6867,George Sabharwal,Headphones,Electronics,5,3000,15000,Ahmedabad,Cash on Delivery,2026-03-08,4
9026,2926,Wriddhish Menon,Shoes,Fashion,3,2500,7500,Chennai,Debit Card,2026-08-05,7
9027,7775,Ekavir Goel,Laptop,Electronics,4,65000,260000,Pune,Debit Card,2026-04-15,1
9028,1085,Wridesh Dyal,Laptop,Electronics,5,65000,325000,Ahmedabad,Net Banking,2026-04-19,2
9029,7763,Yasti Chaudhuri,Watch,Accessories,3,5000,15000,Kolkata,UPI,2025-10-06,3
9030,5298,Gautami Dutta,Watch,Accessories,4,5000,20000,Chennai,Net Banking,2026-06-11,4
9031,9936,Rushil Deshmukh,Shoes,Fashion,1,2500,2500,Delhi,Debit Card,2026-03-17,6
9032,7385,Zayyan Dewan,Phone,Electronics,1,25000,25000,Hyderabad,Net Banking,2026-02-24,6
9033,9266,Aarini Golla,T-Shirt,Fashion,2,800,1600,Ahmedabad,UPI,2026-07-26,6
9034,3330,Nathan Brahmbhatt,Phone,Electronics,4,25000,100000,Kolkata,Debit Card,2026-02-08,1
9035,1452,Yauvani Choudhry,Watch,Accessories,2,5000,10000,Bengaluru,Credit Card,2026-05-09,3
9036,4673,Abhimanyu Sen,Phone,Electronics,2,25000,50000,Delhi,Credit Card,2026-05-20,5
9037,5349,Yuvraj Pandey,T-Shirt,Fashion,3,800,2400,Chennai,Credit Card,2025-11-25,4
9038,2571,Charan Kalita,Phone,Electronics,3,25000,75000,Pune,Net Banking,2026-03-19,4
9039,2500,Fitan Nagy,Phone,Electronics,4,25000,100000,Ahmedabad,UPI,2026-04-29,2
9040,5518,Aishani Bhatnagar,Shoes,Fashion,3,2500,7500,Ahmedabad,Net Banking,2025-12-18,5
9041,6130,Lakshit Ratta,Phone,Electronics,5,25000,125000,Hyderabad,Credit Card,2026-06-29,3
9042,2090,Veda Agate,Headphones,Electronics,3,3000,9000,Chennai,Net Banking,2025-12-21,3
9043,6566,Charles Karnik,Phone,Electronics,3,25000,75000,Bengaluru,Credit Card,2026-07-03,5
9044,2297,Upasna Suri,Shoes,Fashion,3,2500,7500,Bengaluru,UPI,2026-07-18,5
9045,9981,Chameli Lalla,Shoes,Fashion,1,2500,2500,Mumbai,Cash on Delivery,2026-06-14,6
9046,8495,Yashvi Nazareth,Phone,Electronics,5,25000,125000,Hyderabad,UPI,2026-04-10,1
9047,7934,Panini Dhawan,Laptop,Electronics,5,65000,325000,Hyderabad,Credit Card,2025-10-16,4
9048,9892,Girindra Dhar,Watch,Accessories,5,5000,25000,Mumbai,UPI,2025-10-14,3
9049,6279,Abha Vaidya,Shoes,Fashion,3,2500,7500,Chennai,UPI,2026-08-06,5
9050,2009,Vedant Mann,Shoes,Fashion,3,2500,7500,Delhi,Debit Card,2025-10-20,5
9051,4406,Saksham Khurana,Headphones,Electronics,5,3000,15000,Pune,Debit Card,2025-09-30,3
9052,3753,Faras Varghese,Shoes,Fashion,3,2500,7500,Mumbai,UPI,2025-09-25,6
9053,9338,Kiaan Kamdar,Phone,Electronics,1,25000,25000,Pune,UPI,2025-12-22,5
9054,6251,Vasatika Chokshi,Phone,Electronics,4,25000,100000,Pune,Net Banking,2025-09-24,1
9055,8257,Isaac Hans,T-Shirt,Fashion,5,800,4000,Bengaluru,Debit Card,2026-02-18,3
9056,6092,Nachiket Sarin,Laptop,Electronics,3,65000,195000,Mumbai,Debit Card,2026-04-05,1
9057,4359,Vedant Varghese,Shoes,Fashion,5,2500,12500,Kolkata,Debit Card,2026-02-11,7
9058,1036,Ekaraj Biswas,Headphones,Electronics,4,3000,12000,Kolkata,Net Banking,2026-07-24,4
9059,7585,Harshil Sood,Shoes,Fashion,1,2500,2500,Mumbai,Cash on Delivery,2025-08-17,5
9060,6980,Yashoda Venkataraman,Phone,Electronics,2,25000,50000,Mumbai,Credit Card,2026-07-13,7
9061,4358,Chaman Singh,Headphones,Electronics,5,3000,15000,Chennai,Net Banking,2025-10-13,3
9062,6971,Tanveer Gour,Chair,Furniture,3,4000,12000,Bengaluru,Cash on Delivery,2025-09-22,4
9063,3152,Raksha Dhaliwal,Shoes,Fashion,4,2500,10000,Bengaluru,Cash on Delivery,2025-11-02,5
9064,7137,Eshana Atwal,T-Shirt,Fashion,1,800,800,Chennai,Net Banking,2025-12-21,6
9065,1468,Yashasvi Yogi,Shoes,Fashion,3,2500,7500,Chennai,UPI,2026-02-12,7
9066,9148,Hemani Ramaswamy,Headphones,Electronics,2,3000,6000,Chennai,UPI,2026-04-13,1
9067,6801,Sachi Gole,Laptop,Electronics,2,65000,130000,Mumbai,Credit Card,2025-12-11,1
9068,6987,Karan Amble,Book,Books,3,500,1500,Chennai,Net Banking,2026-04-25,1
9069,4366,Jairaj Buch,Phone,Electronics,4,25000,100000,Pune,Net Banking,2026-04-16,3
9070,6670,Wakeeta Balasubramanian,Watch,Accessories,5,5000,25000,Chennai,Credit Card,2026-05-12,2
9071,9387,Patrick Sekhon,Headphones,Electronics,5,3000,15000,Pune,Net Banking,2025-11-03,6
9072,8758,Saumya Andra,Laptop,Electronics,5,65000,325000,Kolkata,UPI,2025-11-07,1
9073,2432,Qarin Dugar,Headphones,Electronics,1,3000,3000,Mumbai,Credit Card,2026-02-17,2
9074,6337,Lavanya Anne,T-Shirt,Fashion,5,800,4000,Bengaluru,Credit Card,2026-07-01,2
9075,3726,Guneet Sur,Laptop,Electronics,2,65000,130000,Pune,UPI,2026-07-08,6
9076,8623,Bhavini Raghavan,Book,Books,1,500,500,Mumbai,Credit Card,2026-08-05,4
9077,7819,Vaishnavi Buch,Headphones,Electronics,5,3000,15000,Hyderabad,Credit Card,2026-02-24,6
9078,1670,Hemangini Purohit,Headphones,Electronics,5,3000,15000,Mumbai,Credit Card,2026-01-28,6
9079,1827,Sarthak Khare,Desk,Furniture,2,7000,14000,Bengaluru,Credit Card,2026-05-08,1
9080,5812,Suhani Deshpande,Phone,Electronics,5,25000,125000,Hyderabad,Debit Card,2026-02-16,1
9081,2607,Ranbir Oak,Shoes,Fashion,5,2500,12500,Chennai,Debit Card,2026-04-30,5
9082,1563,Ijaya Sachdev,Phone,Electronics,1,25000,25000,Pune,Credit Card,2026-01-18,6
9083,1279,Gabriel Dara,Watch,Accessories,5,5000,25000,Delhi,Credit Card,2025-10-22,5
9084,5505,Sarthak Narula,Phone,Electronics,2,25000,50000,Mumbai,Cash on Delivery,2025-09-25,1
9085,4656,Gavin Rege,Shoes,Fashion,5,2500,12500,Mumbai,Credit Card,2025-08-20,4
9086,4434,Daksha Rao,Headphones,Electronics,3,3000,9000,Pune,UPI,2025-10-21,2
9087,6593,Neha Prabhakar,Bottle,Home,1,600,600,Kolkata,Net Banking,2026-05-05,2
9088,9159,Prisha Bhakta,Phone,Electronics,1,25000,25000,Hyderabad,Credit Card,2025-09-02,2
9089,2887,Nidra Yadav,Book,Books,5,500,2500,Hyderabad,Cash on Delivery,2025-10-21,5
9090,1768,Yasti Kari,Phone,Electronics,2,25000,50000,Mumbai,Debit Card,2025-12-08,7
9091,7855,Leena Goel,Phone,Electronics,4,25000,100000,Ahmedabad,Debit Card,2025-12-06,4
9092,7313,Panini Merchant,Phone,Electronics,1,25000,25000,Kolkata,UPI,2026-05-17,6
9093,1713,Ekani Thaman,Laptop,Electronics,2,65000,130000,Bengaluru,UPI,2025-08-17,7
9094,8488,Bakhshi Vala,Phone,Electronics,1,25000,25000,Chennai,Cash on Delivery,2026-06-21,3
9095,4491,Yoshita Ramesh,Shoes,Fashion,3,2500,7500,Chennai,Credit Card,2025-08-31,7
9096,5017,Yuvraj Ahuja,Headphones,Electronics,1,3000,3000,Ahmedabad,UPI,2026-06-10,6
9097,4929,Abeer Madan,Watch,Accessories,1,5000,5000,Pune,Debit Card,2026-04-14,5
9098,6344,Bhavika Date,Phone,Electronics,5,25000,125000,Delhi,Net Banking,2025-10-15,2
9099,9628,Nisha Tank,T-Shirt,Fashion,1,800,800,Pune,Net Banking,2026-07-11,5
9100,6832,Jacob Deshpande,Desk,Furniture,3,7000,21000,Pune,Net Banking,2026-02-13,3
9101,3306,Luke Thaman,Shoes,Fashion,4,2500,10000,Ahmedabad,Debit Card,2026-04-22,4
9102,5732,Ojasvi Suresh,T-Shirt,Fashion,1,800,800,Kolkata,Debit Card,2026-04-11,7
9103,2765,Zashil Salvi,T-Shirt,Fashion,2,800,1600,Kolkata,Debit Card,2025-08-24,4
9104,1031,Amrita Chana,Phone,Electronics,3,25000,75000,Pune,Cash on Delivery,2026-04-05,3
9105,5932,Owen Bains,Phone,Electronics,3,25000,75000,Pune,Debit Card,2026-06-06,4
9106,8946,Ranbir Chandran,Shoes,Fashion,3,2500,7500,Pune,Net Banking,2025-11-12,1
9107,3622,Ati Sen,T-Shirt,Fashion,3,800,2400,Ahmedabad,Credit Card,2026-02-25,6
9108,9751,Brinda Kalita,Watch,Accessories,5,5000,25000,Chennai,Debit Card,2025-09-06,4
9109,4757,Nidra Soman,Phone,Electronics,1,25000,25000,Delhi,Debit Card,2026-07-18,2
9110,5812,Victor Chahal,Bottle,Home,4,600,2400,Bengaluru,UPI,2026-03-03,2
9111,4666,Samuel Oak,Desk,Furniture,1,7000,7000,Chennai,Net Banking,2026-07-17,5
9112,5270,Rajeshri Balasubramanian,Desk,Furniture,3,7000,21000,Hyderabad,Net Banking,2025-12-10,2
9113,3170,Vamakshi Toor,Headphones,Electronics,4,3000,12000,Kolkata,UPI,2026-01-07,3
9114,3674,Omkaar Wable,Phone,Electronics,2,25000,50000,Pune,UPI,2025-10-04,2
9115,4335,Kiaan Kumar,Bottle,Home,1,600,600,Hyderabad,Debit Card,2026-05-12,7
9116,8779,Rajeshri Dora,Laptop,Electronics,3,65000,195000,Bengaluru,Credit Card,2025-12-25,2
9117,3395,Michael Lata,Chair,Furniture,4,4000,16000,Delhi,Cash on Delivery,2025-11-30,3
9118,8913,Pooja Sodhi,Book,Books,5,500,2500,Ahmedabad,Credit Card,2025-10-31,7
9119,8038,Qushi Choudhry,Headphones,Electronics,1,3000,3000,Hyderabad,Credit Card,2026-01-13,2
9120,9020,Shivani Dora,Headphones,Electronics,5,3000,15000,Kolkata,Credit Card,2025-12-08,2
9121,2588,Brijesh Brahmbhatt,Chair,Furniture,2,4000,8000,Delhi,Net Banking,2026-08-04,3
9122,8537,Sudiksha Patel,Book,Books,2,500,1000,Ahmedabad,Debit Card,2025-08-13,6
9123,7800,Ekiya Manne,Book,Books,2,500,1000,Hyderabad,Credit Card,2025-10-12,1
9124,7054,Hiral Sinha,Headphones,Electronics,3,3000,9000,Mumbai,UPI,2025-11-29,5
9125,9452,Omkaar Pal,Headphones,Electronics,5,3000,15000,Mumbai,Net Banking,2026-06-26,1
9126,5428,Sanaya Garde,Book,Books,5,500,2500,Bengaluru,Net Banking,2025-09-05,1
9127,4852,Anya Chakrabarti,Headphones,Electronics,5,3000,15000,Pune,Credit Card,2026-01-15,7
9128,5181,Indali Buch,Shoes,Fashion,4,2500,10000,Hyderabad,Credit Card,2025-11-11,6
9129,6560,Sarthak Agate,Book,Books,3,500,1500,Hyderabad,Debit Card,2026-05-31,2
9130,8434,Aadi Parmer,Phone,Electronics,5,25000,125000,Mumbai,Net Banking,2026-06-17,4
9131,5430,Samuel Sama,Phone,Electronics,1,25000,25000,Delhi,Net Banking,2025-08-28,6
9132,5768,Aarnav Parmar,Desk,Furniture,2,7000,14000,Bengaluru,Debit Card,2026-07-04,7
9133,1400,Bhavna Kala,Phone,Electronics,1,25000,25000,Mumbai,Cash on Delivery,2026-03-31,2
9134,4629,Frederick Master,Phone,Electronics,2,25000,50000,Bengaluru,Debit Card,2026-07-25,6
9135,9158,Zaid Dubey,Phone,Electronics,5,25000,125000,Bengaluru,Debit Card,2026-06-12,3
9136,1465,Dayita Wali,Headphones,Electronics,2,3000,6000,Kolkata,UPI,2026-02-23,2
9137,6993,Rachit Dash,Laptop,Electronics,2,65000,130000,Kolkata,Net Banking,2026-02-11,7
9138,8072,Anthony Issac,Headphones,Electronics,5,3000,15000,Mumbai,UPI,2025-11-13,2
9139,9243,Ishanvi Varty,Phone,Electronics,1,25000,25000,Bengaluru,Cash on Delivery,2025-09-06,7
9140,5765,Niharika Vasa,Phone,Electronics,3,25000,75000,Ahmedabad,Credit Card,2026-05-22,1
9141,2263,Meera Pandit,Headphones,Electronics,5,3000,15000,Ahmedabad,Credit Card,2025-10-09,7
9142,2396,Baljiwan Deo,Book,Books,2,500,1000,Mumbai,Net Banking,2026-05-05,4
9143,6846,Ayaan Tata,Headphones,Electronics,5,3000,15000,Mumbai,Cash on Delivery,2025-12-21,4
9144,2746,Anthony Kari,Phone,Electronics,1,25000,25000,Delhi,UPI,2025-10-21,3
9145,3358,Yash Morar,Phone,Electronics,1,25000,25000,Kolkata,Cash on Delivery,2026-01-19,4
9146,4641,Qushi Konda,Laptop,Electronics,2,65000,130000,Mumbai,Cash on Delivery,2026-07-11,2
9147,7027,Zaitra Sura,Phone,Electronics,4,25000,100000,Mumbai,UPI,2026-05-27,1
9148,7733,Chaitanya Kapoor,Laptop,Electronics,4,65000,260000,Ahmedabad,Cash on Delivery,2026-03-06,7
9149,8778,Chaaya Balan,Phone,Electronics,5,25000,125000,Hyderabad,Net Banking,2026-05-29,3
9150,2492,Anya Dash,Watch,Accessories,4,5000,20000,Pune,Debit Card,2026-05-06,5
9151,4717,Udyati Sinha,Laptop,Electronics,4,65000,260000,Delhi,Credit Card,2025-09-28,1
9152,9781,Reyansh Mann,Phone,Electronics,1,25000,25000,Bengaluru,Credit Card,2026-04-18,4
9153,3197,Ladli Padmanabhan,Phone,Electronics,4,25000,100000,Ahmedabad,UPI,2026-03-12,1
9154,1512,Vaishnavi Toor,Phone,Electronics,5,25000,125000,Hyderabad,UPI,2026-06-09,1
9155,4808,Ayaan Singhal,Phone,Electronics,2,25000,50000,Kolkata,UPI,2025-10-18,3
9156,5830,Kiaan Chauhan,Laptop,Electronics,4,65000,260000,Bengaluru,Debit Card,2025-10-04,2
9157,3616,Neha More,Watch,Accessories,2,5000,10000,Ahmedabad,Debit Card,2025-08-31,7
9158,6515,Urmi Warrior,Watch,Accessories,4,5000,20000,Pune,Cash on Delivery,2025-12-07,4
9159,8086,Qasim Patla,Phone,Electronics,1,25000,25000,Mumbai,Debit Card,2026-01-30,3
9160,1877,Praneel Sampath,Phone,Electronics,5,25000,125000,Hyderabad,Cash on Delivery,2026-01-31,3
9161,3597,Matthew Palla,Phone,Electronics,3,25000,75000,Hyderabad,Cash on Delivery,2026-07-09,2
9162,8159,Unni Puri,Bottle,Home,3,600,1800,Chennai,Cash on Delivery,2025-09-24,7
9163,3742,Indira Dhaliwal,Phone,Electronics,2,25000,50000,Chennai,Cash on Delivery,2026-07-17,4
9164,8212,Daniel Barad,Laptop,Electronics,3,65000,195000,Delhi,Debit Card,2026-04-24,7
9165,3721,Girish Dave,Phone,Electronics,3,25000,75000,Bengaluru,Debit Card,2026-02-14,6
9166,6898,Gagan Bala,T-Shirt,Fashion,1,800,800,Chennai,Debit Card,2026-03-21,2
9167,8371,Bhanumati Nanda,Phone,Electronics,5,25000,125000,Delhi,Cash on Delivery,2025-09-21,3
9168,7523,Unni Venkataraman,Phone,Electronics,1,25000,25000,Delhi,Credit Card,2026-01-16,3
9169,8959,Wakeeta Pillai,Watch,Accessories,5,5000,25000,Hyderabad,UPI,2026-01-14,1
9170,6701,Darika Anne,Headphones,Electronics,1,3000,3000,Chennai,Debit Card,2026-02-28,2
9171,7070,Chakrika Sem,Watch,Accessories,5,5000,25000,Bengaluru,UPI,2026-04-23,1
9172,5586,Chameli More,T-Shirt,Fashion,3,800,2400,Bengaluru,Debit Card,2026-06-24,1
9173,5278,Orinder Gade,Laptop,Electronics,1,65000,65000,Hyderabad,Cash on Delivery,2025-08-20,5
9174,9596,Harsh Patel,Chair,Furniture,1,4000,4000,Chennai,Net Banking,2025-10-11,1
9175,4947,Abeer Sandhu,Headphones,Electronics,5,3000,15000,Ahmedabad,Net Banking,2025-08-28,6
9176,9235,Shaurya Talwar,Shoes,Fashion,3,2500,7500,Hyderabad,Cash on Delivery,2026-06-22,3
9177,8345,Anamika Gokhale,Phone,Electronics,5,25000,125000,Ahmedabad,Net Banking,2026-04-02,4
9178,5258,Gaurika Lanka,Headphones,Electronics,4,3000,12000,Bengaluru,Debit Card,2026-01-29,6
9179,1947,Anay Dhawan,Phone,Electronics,2,25000,50000,Pune,Credit Card,2026-07-30,4
9180,6351,Rishi Sheth,Headphones,Electronics,4,3000,12000,Chennai,Net Banking,2025-11-14,3
9181,9650,Bhanumati Madan,Headphones,Electronics,4,3000,12000,Ahmedabad,UPI,2025-10-03,7
9182,9560,Naveen Kashyap,Shoes,Fashion,4,2500,10000,Chennai,Cash on Delivery,2026-03-02,2
9183,1929,Urmi Mani,T-Shirt,Fashion,2,800,1600,Mumbai,Debit Card,2025-12-12,5
9184,8193,Frado Dutt,Laptop,Electronics,4,65000,260000,Pune,Debit Card,2025-09-29,1
9185,4644,Watika Pall,Phone,Electronics,5,25000,125000,Bengaluru,Debit Card,2026-03-16,4
9186,3528,Riya Roy,Headphones,Electronics,5,3000,15000,Kolkata,Debit Card,2025-10-04,2
9187,1332,Aryan Dewan,Phone,Electronics,1,25000,25000,Delhi,Credit Card,2026-02-24,6
9188,7318,Diya Ganesh,T-Shirt,Fashion,3,800,2400,Hyderabad,Debit Card,2026-05-25,1
9189,8960,Oscar Boase,T-Shirt,Fashion,5,800,4000,Ahmedabad,Cash on Delivery,2026-04-04,1
9190,1680,Girish Mody,Phone,Electronics,2,25000,50000,Hyderabad,Cash on Delivery,2025-08-22,1
9191,2066,Tara Oza,Phone,Electronics,1,25000,25000,Pune,Debit Card,2026-07-24,7
9192,8903,Samesh Bhatnagar,Headphones,Electronics,1,3000,3000,Bengaluru,Net Banking,2025-10-15,7
9193,2162,Devansh Kurian,Chair,Furniture,3,4000,12000,Delhi,Credit Card,2026-08-03,4
9194,1232,Harini Sundaram,Headphones,Electronics,5,3000,15000,Chennai,Net Banking,2026-04-10,7
9195,9590,Jagvi Malhotra,Shoes,Fashion,2,2500,5000,Pune,UPI,2026-05-17,1
9196,2271,Bachittar Thakkar,Chair,Furniture,4,4000,16000,Hyderabad,UPI,2026-06-10,7
9197,1458,Vamakshi Deep,Phone,Electronics,4,25000,100000,Kolkata,UPI,2026-07-26,5
9198,1935,Zansi Subramanian,Phone,Electronics,4,25000,100000,Kolkata,Cash on Delivery,2025-10-01,7
9199,4541,Triya Das,Shoes,Fashion,4,2500,10000,Mumbai,Cash on Delivery,2026-03-30,7
9200,8330,Damini Tank,Headphones,Electronics,2,3000,6000,Ahmedabad,Net Banking,2025-10-12,2
9201,1775,Widisha Sridhar,Headphones,Electronics,4,3000,12000,Mumbai,UPI,2025-09-24,1
9202,8250,Eiravati Datta,Chair,Furniture,5,4000,20000,Kolkata,Debit Card,2026-06-07,1
9203,1901,Charvi Solanki,Laptop,Electronics,4,65000,260000,Mumbai,Net Banking,2026-08-06,2
9204,7246,Jairaj Gade,Phone,Electronics,4,25000,100000,Mumbai,Net Banking,2026-04-23,1
9205,9628,Bishakha Singh,Phone,Electronics,1,25000,25000,Ahmedabad,Credit Card,2026-04-16,7
9206,9185,Krisha Malhotra,Headphones,Electronics,1,3000,3000,Delhi,UPI,2026-07-25,1
9207,3301,Harita Kant,Laptop,Electronics,2,65000,130000,Bengaluru,UPI,2025-10-14,2
9208,4574,Janya Gill,Shoes,Fashion,5,2500,12500,Delhi,Debit Card,2025-09-02,1
9209,2997,Priya Walia,T-Shirt,Fashion,1,800,800,Mumbai,Net Banking,2026-07-08,1
9210,4210,Hemang Kalita,Shoes,Fashion,5,2500,12500,Pune,Net Banking,2026-07-16,1
9211,8589,Rajata Gulati,Laptop,Electronics,4,65000,260000,Chennai,Net Banking,2026-04-28,5
9212,1649,Zashil Dhaliwal,Book,Books,1,500,500,Mumbai,Debit Card,2026-01-24,5
9213,7972,Barkha Luthra,Phone,Electronics,1,25000,25000,Hyderabad,Credit Card,2026-07-07,5
9214,6944,William Sule,Phone,Electronics,2,25000,50000,Mumbai,Net Banking,2026-06-17,4
9215,6396,Vincent Saran,Phone,Electronics,2,25000,50000,Chennai,UPI,2026-04-13,4
9216,2030,Indali Batta,Headphones,Electronics,1,3000,3000,Kolkata,UPI,2026-01-03,7
9217,5148,Ekani Jaggi,T-Shirt,Fashion,3,800,2400,Pune,Net Banking,2026-05-18,4
9218,3573,Lajita Rattan,Phone,Electronics,1,25000,25000,Pune,Credit Card,2025-11-05,6
9219,3325,Reva Bhatia,Laptop,Electronics,5,65000,325000,Ahmedabad,Debit Card,2026-05-17,6
9220,8644,Samarth Karan,Headphones,Electronics,3,3000,9000,Ahmedabad,Net Banking,2026-05-20,7
9221,3795,Ekaraj Nadkarni,Chair,Furniture,1,4000,4000,Pune,Credit Card,2025-09-03,3
9222,7863,Abdul Bassi,Shoes,Fashion,2,2500,5000,Hyderabad,Credit Card,2026-05-16,3
9223,8584,Chavvi Tailor,Phone,Electronics,1,25000,25000,Ahmedabad,Debit Card,2026-02-02,5
9224,4183,Elijah Bali,Headphones,Electronics,1,3000,3000,Bengaluru,UPI,2026-08-06,2
9225,4380,Samuel Jayaraman,Laptop,Electronics,1,65000,65000,Bengaluru,UPI,2025-11-05,2
9226,7804,Arjun Sidhu,Phone,Electronics,5,25000,125000,Kolkata,Cash on Delivery,2025-12-09,7
9227,5588,Gaurika Vaidya,Shoes,Fashion,4,2500,10000,Pune,Net Banking,2025-09-14,2
9228,1178,Anusha Lala,Phone,Electronics,4,25000,100000,Kolkata,Credit Card,2025-08-14,5
9229,8084,Ryan Sane,Laptop,Electronics,3,65000,195000,Hyderabad,UPI,2026-07-19,6
9230,7838,Finn Munshi,Headphones,Electronics,4,3000,12000,Chennai,Cash on Delivery,2026-01-18,7
9231,7198,Nandini Rege,T-Shirt,Fashion,2,800,1600,Delhi,Credit Card,2026-01-13,7
9232,6109,Gautami Ramesh,Shoes,Fashion,4,2500,10000,Mumbai,UPI,2026-06-15,3
9233,3015,Ayushman Zacharia,T-Shirt,Fashion,4,800,3200,Chennai,Debit Card,2025-09-20,7
9234,5211,Advik Vohra,Bottle,Home,3,600,1800,Ahmedabad,Net Banking,2026-06-18,7
9235,7668,Azaan Wagle,Phone,Electronics,3,25000,75000,Ahmedabad,Cash on Delivery,2026-01-23,4
9236,5016,Baghyawati Rattan,Shoes,Fashion,1,2500,2500,Kolkata,UPI,2026-02-25,3
9237,8628,Janaki Mand,Phone,Electronics,2,25000,50000,Hyderabad,Credit Card,2025-09-23,5
9238,4522,Charles Choudhry,Book,Books,4,500,2000,Bengaluru,Credit Card,2026-06-06,7
9239,7983,Lila Kohli,Headphones,Electronics,4,3000,12000,Ahmedabad,Debit Card,2026-01-20,7
9240,3098,Mekhala Dugal,Shoes,Fashion,3,2500,7500,Kolkata,Debit Card,2025-10-28,7
9241,8018,Ryan Joshi,Headphones,Electronics,3,3000,9000,Pune,Debit Card,2025-10-19,6
9242,4098,Xalak Walla,Phone,Electronics,1,25000,25000,Delhi,UPI,2025-09-27,2
9243,4828,Neha Singhal,Shoes,Fashion,3,2500,7500,Chennai,Cash on Delivery,2025-09-26,3
9244,5815,Nikita Cherian,T-Shirt,Fashion,5,800,4000,Ahmedabad,Credit Card,2026-04-11,5
9245,4523,Ekbal Deep,Bottle,Home,2,600,1200,Bengaluru,Credit Card,2026-04-11,3
9246,5009,Krishna Sanghvi,T-Shirt,Fashion,3,800,2400,Hyderabad,Debit Card,2025-10-23,4
9247,3170,Balvan Soni,Headphones,Electronics,2,3000,6000,Chennai,Debit Card,2025-10-15,7
9248,5968,Nilima Grover,Headphones,Electronics,3,3000,9000,Bengaluru,UPI,2026-06-02,7
9249,9964,Meera Ramaswamy,Chair,Furniture,5,4000,20000,Delhi,UPI,2026-03-06,2
9250,7499,Gopal Mital,Phone,Electronics,4,25000,100000,Mumbai,Net Banking,2025-12-15,1
9251,8894,Deepa Dara,Book,Books,4,500,2000,Delhi,UPI,2025-10-02,3
9252,2294,Amruta Deshmukh,Watch,Accessories,1,5000,5000,Ahmedabad,Net Banking,2026-06-15,1
9253,4471,Radha Comar,Shoes,Fashion,2,2500,5000,Mumbai,Debit Card,2025-10-22,2
9254,9991,Vedhika Arya,Shoes,Fashion,2,2500,5000,Mumbai,UPI,2025-08-16,3
9255,6535,Andrew Palla,Headphones,Electronics,4,3000,12000,Delhi,Net Banking,2025-10-02,7
9256,8348,Aarnav Sood,Laptop,Electronics,2,65000,130000,Ahmedabad,UPI,2026-07-28,3
9257,3246,Caleb Dhawan,Watch,Accessories,5,5000,25000,Mumbai,Debit Card,2025-09-03,1
9258,2515,Daksh Devi,Laptop,Electronics,5,65000,325000,Delhi,UPI,2026-01-06,6
9259,5831,Rehaan Chakrabarti,Headphones,Electronics,3,3000,9000,Hyderabad,UPI,2025-11-07,1
9260,4691,Ekanta Nayar,Phone,Electronics,4,25000,100000,Bengaluru,UPI,2026-08-04,6
9261,5736,Harshil Tella,Phone,Electronics,4,25000,100000,Bengaluru,Cash on Delivery,2026-01-05,6
9262,1139,Oni Sood,Headphones,Electronics,2,3000,6000,Bengaluru,Cash on Delivery,2026-02-05,7
9263,7448,Oscar Sant,Phone,Electronics,2,25000,50000,Kolkata,Cash on Delivery,2025-11-12,6
9264,2437,Yamini Nayar,Phone,Electronics,1,25000,25000,Pune,Credit Card,2025-09-20,1
9265,6565,Chaman Wason,Shoes,Fashion,4,2500,10000,Hyderabad,Net Banking,2026-02-16,5
9266,2284,Yuvraj Thaker,Watch,Accessories,4,5000,20000,Pune,UPI,2025-09-19,3
9267,8075,Imaran Prabhakar,Watch,Accessories,2,5000,10000,Pune,Credit Card,2026-05-23,5
9268,5215,Shaurya Rege,Phone,Electronics,4,25000,100000,Chennai,UPI,2026-07-21,3
9269,4305,Madhav Master,Desk,Furniture,5,7000,35000,Mumbai,Cash on Delivery,2026-02-19,4
9270,9850,Yashvi Ganesan,Phone,Electronics,2,25000,50000,Ahmedabad,Debit Card,2025-09-25,7
9271,5659,Gopal Apte,Laptop,Electronics,5,65000,325000,Kolkata,Debit Card,2026-04-17,2
9272,5797,Chasmum Bhatnagar,Headphones,Electronics,5,3000,15000,Kolkata,Debit Card,2026-03-04,2
9273,8935,Jason Sule,T-Shirt,Fashion,5,800,4000,Bengaluru,Debit Card,2026-07-19,3
9274,9899,Timothy Saraf,T-Shirt,Fashion,4,800,3200,Bengaluru,Credit Card,2025-08-25,7
9275,5834,Kai Sampath,Phone,Electronics,3,25000,75000,Delhi,Debit Card,2025-11-15,2
9276,2847,Warinder Loke,Phone,Electronics,1,25000,25000,Pune,Net Banking,2026-05-29,5
9277,8753,Wahab Chaudhari,Phone,Electronics,1,25000,25000,Kolkata,Net Banking,2026-02-28,3
9278,4420,Dominic Pai,T-Shirt,Fashion,3,800,2400,Delhi,Debit Card,2026-07-24,4
9279,7230,Reva Shere,Shoes,Fashion,5,2500,12500,Chennai,Credit Card,2026-01-11,6
9280,4521,Tanmayi Banerjee,Headphones,Electronics,2,3000,6000,Hyderabad,Net Banking,2026-01-20,3
9281,1532,Aryan Majumdar,T-Shirt,Fashion,1,800,800,Bengaluru,Debit Card,2025-10-22,6
9282,6483,Jyoti Ray,Phone,Electronics,2,25000,50000,Bengaluru,Debit Card,2025-12-26,4
9283,8987,Ati Morar,Shoes,Fashion,4,2500,10000,Hyderabad,UPI,2026-02-03,2
9284,6102,Arin Vaidya,T-Shirt,Fashion,2,800,1600,Ahmedabad,Net Banking,2026-06-01,6
9285,3015,Jagrati Panchal,T-Shirt,Fashion,1,800,800,Hyderabad,UPI,2026-07-13,6
9286,8289,Onveer Atwal,T-Shirt,Fashion,1,800,800,Ahmedabad,UPI,2026-02-17,4
9287,6977,Ekalinga Vala,Phone,Electronics,2,25000,50000,Hyderabad,Cash on Delivery,2026-07-31,2
9288,3889,Om Kothari,Watch,Accessories,5,5000,25000,Mumbai,Debit Card,2025-11-14,1
9289,6063,Balhaar Badal,Phone,Electronics,5,25000,125000,Pune,Credit Card,2026-07-18,5
9290,8792,Anamika Srivastava,Headphones,Electronics,5,3000,15000,Mumbai,Cash on Delivery,2025-09-13,1
9291,4534,Sai Keer,Phone,Electronics,5,25000,125000,Ahmedabad,Net Banking,2025-10-04,6
9292,6731,Hritik Parsa,Headphones,Electronics,1,3000,3000,Pune,Net Banking,2025-09-26,7
9293,6419,Patrick Sunder,T-Shirt,Fashion,2,800,1600,Chennai,Credit Card,2026-01-17,6
9294,7955,Tanmayi Madan,Book,Books,2,500,1000,Pune,Credit Card,2026-07-08,6
9295,8052,Shaurya Narayan,T-Shirt,Fashion,1,800,800,Mumbai,Credit Card,2025-08-29,1
9296,3313,Amol Reddy,Shoes,Fashion,5,2500,12500,Chennai,Net Banking,2026-01-31,6
9297,5804,Hema Deshmukh,Shoes,Fashion,4,2500,10000,Bengaluru,Cash on Delivery,2026-07-07,4
9298,4641,Kala Halder,Phone,Electronics,3,25000,75000,Chennai,Cash on Delivery,2025-08-25,7
9299,8202,Gaurangi Bajwa,Phone,Electronics,5,25000,125000,Ahmedabad,UPI,2026-05-21,7
9300,2701,Joshua Singh,Phone,Electronics,5,25000,125000,Bengaluru,Net Banking,2026-04-10,3
9301,9486,Hredhaan Rattan,Chair,Furniture,4,4000,16000,Ahmedabad,Net Banking,2026-07-02,7
9302,7887,Bina Arya,Phone,Electronics,1,25000,25000,Pune,Net Banking,2026-03-13,2
9303,2427,Kabir Warrior,Phone,Electronics,1,25000,25000,Ahmedabad,Cash on Delivery,2026-05-01,7
9304,6205,Balveer Contractor,Shoes,Fashion,5,2500,12500,Pune,UPI,2025-12-26,2
9305,2628,Advaith Sane,Phone,Electronics,2,25000,50000,Delhi,Cash on Delivery,2026-03-27,6
9306,5022,Noah Chopra,Shoes,Fashion,1,2500,2500,Chennai,Credit Card,2026-02-24,2
9307,3005,Nicholas Thaker,Phone,Electronics,3,25000,75000,Ahmedabad,Credit Card,2026-03-20,2
9308,8004,Timothy Murthy,Headphones,Electronics,1,3000,3000,Ahmedabad,Cash on Delivery,2025-11-11,1
9309,8212,Vedant Rama,Phone,Electronics,1,25000,25000,Hyderabad,Net Banking,2025-09-01,5
9310,5767,Maanas Om,Chair,Furniture,1,4000,4000,Pune,Debit Card,2025-11-18,3
9311,1485,Oliver Munshi,Phone,Electronics,2,25000,50000,Delhi,Cash on Delivery,2025-12-24,6
9312,8384,Azaan Gara,Phone,Electronics,3,25000,75000,Kolkata,Cash on Delivery,2026-06-18,3
9313,7883,Rajata Tiwari,Phone,Electronics,3,25000,75000,Ahmedabad,UPI,2025-08-10,5
9314,5005,Karan Murty,Phone,Electronics,4,25000,100000,Hyderabad,Credit Card,2025-11-10,3
9315,8103,Gaurav Dara,Phone,Electronics,2,25000,50000,Hyderabad,UPI,2026-03-29,3
9316,8591,Rehaan Sunder,Headphones,Electronics,3,3000,9000,Chennai,Cash on Delivery,2026-05-09,7
9317,4061,Madhavi Karan,Laptop,Electronics,1,65000,65000,Ahmedabad,UPI,2025-10-30,4
9318,8007,Rachana Varughese,Shoes,Fashion,4,2500,10000,Chennai,UPI,2025-09-20,4
9319,1315,Nikita Dugar,Headphones,Electronics,3,3000,9000,Ahmedabad,Credit Card,2026-06-28,4
9320,7895,Abeer Ramanathan,Laptop,Electronics,1,65000,65000,Chennai,Debit Card,2025-10-01,3
9321,3227,Vihaan Chopra,Watch,Accessories,2,5000,10000,Chennai,Debit Card,2026-03-21,4
9322,5254,Rayaan Raghavan,Phone,Electronics,1,25000,25000,Mumbai,Credit Card,2026-01-14,6
9323,4202,Bina Chatterjee,Phone,Electronics,3,25000,75000,Chennai,Net Banking,2026-07-22,3
9324,6215,Veer Uppal,Headphones,Electronics,2,3000,6000,Chennai,UPI,2025-09-25,1
9325,3545,Raghav Gupta,Laptop,Electronics,1,65000,65000,Delhi,Net Banking,2025-12-18,4
9326,9702,Warinder Dhillon,Phone,Electronics,2,25000,50000,Mumbai,Net Banking,2025-12-21,2
9327,3377,Xalak Parmer,Shoes,Fashion,5,2500,12500,Kolkata,UPI,2026-01-20,5
9328,4610,Warjas Atwal,Laptop,Electronics,5,65000,325000,Mumbai,Net Banking,2025-08-14,5
9329,3106,Michael Mannan,Headphones,Electronics,5,3000,15000,Mumbai,Cash on Delivery,2026-04-03,3
9330,2212,Prisha Borra,Laptop,Electronics,5,65000,325000,Kolkata,Debit Card,2025-12-27,4
9331,2680,Aadhya Loyal,Headphones,Electronics,1,3000,3000,Delhi,Net Banking,2025-10-28,4
9332,3050,Aadhya Mammen,Shoes,Fashion,3,2500,7500,Bengaluru,Cash on Delivery,2026-03-02,2
9333,6468,Madhav Palla,Phone,Electronics,1,25000,25000,Bengaluru,Net Banking,2025-09-19,5
9334,2758,Zaitra Kothari,Phone,Electronics,5,25000,125000,Chennai,Cash on Delivery,2025-09-16,3
9335,8987,Darika Tak,T-Shirt,Fashion,1,800,800,Kolkata,Credit Card,2025-08-16,1
9336,8551,Jacob Dugar,Phone,Electronics,5,25000,125000,Pune,Net Banking,2026-05-29,2
9337,3254,Yasti Kibe,Phone,Electronics,3,25000,75000,Kolkata,Cash on Delivery,2026-07-27,7
9338,6614,Gauri Oza,Phone,Electronics,3,25000,75000,Hyderabad,Cash on Delivery,2026-07-18,4
9339,2520,Dalaja Ranganathan,Shoes,Fashion,1,2500,2500,Bengaluru,Debit Card,2026-07-12,4
9340,6530,Amaira Konda,T-Shirt,Fashion,4,800,3200,Mumbai,Cash on Delivery,2026-06-27,2
9341,3777,Omisha Doshi,Headphones,Electronics,4,3000,12000,Kolkata,UPI,2025-12-21,7
9342,4183,Ayush Krish,Phone,Electronics,5,25000,125000,Chennai,Credit Card,2026-03-05,5
9343,5707,Falak Thakur,Laptop,Electronics,2,65000,130000,Mumbai,Credit Card,2026-02-09,7
9344,4304,Vyanjana Bava,Phone,Electronics,2,25000,50000,Pune,Cash on Delivery,2025-11-03,1
9345,7812,Hritik Panchal,Shoes,Fashion,3,2500,7500,Kolkata,Debit Card,2026-03-20,4
9346,8010,Bhavna Sangha,Phone,Electronics,3,25000,75000,Ahmedabad,Debit Card,2025-10-06,6
9347,2882,Yashasvi Goel,Phone,Electronics,2,25000,50000,Kolkata,Credit Card,2025-08-31,5
9348,2732,Hritik Saha,Bottle,Home,2,600,1200,Bengaluru,Debit Card,2026-02-23,3
9349,8718,Frado Shere,Headphones,Electronics,4,3000,12000,Pune,UPI,2025-10-27,7
9350,2066,Baljiwan Chandran,Phone,Electronics,2,25000,50000,Ahmedabad,UPI,2026-04-24,2
9351,7118,Rohan Sarma,Phone,Electronics,4,25000,100000,Delhi,Net Banking,2025-10-29,6
9352,7850,Abeer Datta,Shoes,Fashion,3,2500,7500,Chennai,Credit Card,2025-09-26,5
9353,5803,Advika Ram,Headphones,Electronics,3,3000,9000,Kolkata,Cash on Delivery,2026-07-25,1
9354,3708,Tanay Dhingra,Phone,Electronics,1,25000,25000,Ahmedabad,Credit Card,2026-01-15,6
9355,5319,Om Mani,T-Shirt,Fashion,2,800,1600,Mumbai,UPI,2026-03-19,4
9356,3217,Tripti Banerjee,Phone,Electronics,4,25000,100000,Kolkata,Cash on Delivery,2026-02-12,7
9357,3572,Rajeshri Comar,Phone,Electronics,4,25000,100000,Delhi,Cash on Delivery,2025-09-30,7
9358,4871,Theodore Sharaf,Headphones,Electronics,1,3000,3000,Hyderabad,Credit Card,2025-10-03,4
9359,8440,Manbir Balan,Headphones,Electronics,4,3000,12000,Pune,Debit Card,2025-12-10,7
9360,5127,Yuvraj Kapoor,Laptop,Electronics,5,65000,325000,Hyderabad,Net Banking,2026-01-19,4
9361,9515,Pranav Dar,Book,Books,1,500,500,Bengaluru,UPI,2025-09-30,1
9362,1576,Jagdish Khosla,Phone,Electronics,3,25000,75000,Hyderabad,Debit Card,2025-11-27,6
9363,8820,George Chana,T-Shirt,Fashion,2,800,1600,Mumbai,Cash on Delivery,2026-04-29,2
9364,1868,Falguni Mann,Shoes,Fashion,2,2500,5000,Hyderabad,UPI,2025-11-21,6
9365,7464,Mason Kadakia,Laptop,Electronics,4,65000,260000,Pune,Cash on Delivery,2025-09-22,6
9366,5370,Janani Goswami,Phone,Electronics,5,25000,125000,Kolkata,Net Banking,2026-01-03,7
9367,8651,Yug Sani,Headphones,Electronics,5,3000,15000,Pune,Debit Card,2025-10-22,7
9368,6824,Alexander Divan,Headphones,Electronics,4,3000,12000,Kolkata,Net Banking,2026-01-20,4
9369,2418,Pushti Kalita,Laptop,Electronics,3,65000,195000,Kolkata,Net Banking,2026-07-26,7
9370,1887,Owen Bora,Phone,Electronics,1,25000,25000,Chennai,Net Banking,2025-08-24,6
9371,4691,Zinal Ramachandran,Book,Books,2,500,1000,Ahmedabad,UPI,2026-05-30,1
9372,3177,Aishani Borah,Headphones,Electronics,2,3000,6000,Kolkata,Net Banking,2025-12-26,4
9373,9880,Guneet Chahal,Phone,Electronics,4,25000,100000,Pune,Credit Card,2026-01-08,1
9374,7312,Faraj Sarin,Laptop,Electronics,2,65000,130000,Ahmedabad,UPI,2025-10-06,6
9375,6191,Zashil Sabharwal,Phone,Electronics,1,25000,25000,Bengaluru,Debit Card,2025-12-21,1
9376,1644,Agastya Halder,Laptop,Electronics,2,65000,130000,Kolkata,Cash on Delivery,2025-12-11,3
9377,4538,Yachana Sarma,T-Shirt,Fashion,2,800,1600,Ahmedabad,Credit Card,2026-06-23,7
9378,7120,Ikbal Soni,Headphones,Electronics,5,3000,15000,Kolkata,Cash on Delivery,2025-10-30,1
9379,7841,Zarna Sibal,Phone,Electronics,5,25000,125000,Mumbai,UPI,2025-11-02,5
9380,3696,Tristan Mallick,Phone,Electronics,5,25000,125000,Kolkata,UPI,2026-01-01,3
9381,9544,Riya Bir,T-Shirt,Fashion,2,800,1600,Chennai,Net Banking,2026-03-21,4
9382,8350,Harini Koshy,Phone,Electronics,2,25000,50000,Chennai,Cash on Delivery,2025-12-03,4
9383,6493,Daksha Rajagopal,Phone,Electronics,2,25000,50000,Pune,Debit Card,2025-08-29,4
9384,4713,Madhavi Sampath,T-Shirt,Fashion,3,800,2400,Mumbai,Debit Card,2026-03-08,6
9385,4132,Aryan Memon,Phone,Electronics,5,25000,125000,Pune,Net Banking,2025-12-15,7
9386,6942,Avni Gopal,T-Shirt,Fashion,5,800,4000,Hyderabad,UPI,2025-09-29,2
9387,1522,Viraj Pai,Watch,Accessories,1,5000,5000,Ahmedabad,Net Banking,2025-08-22,1
9388,3873,Nakul Mallick,Phone,Electronics,1,25000,25000,Pune,UPI,2025-10-28,6
9389,7626,Yashawini Shenoy,Headphones,Electronics,2,3000,6000,Pune,Credit Card,2026-02-14,2
9390,4567,Christopher Datta,T-Shirt,Fashion,2,800,1600,Mumbai,Credit Card,2026-02-27,3
9391,6100,Zaid Keer,T-Shirt,Fashion,2,800,1600,Mumbai,Debit Card,2026-01-29,6
9392,8902,Jairaj Ravi,Headphones,Electronics,5,3000,15000,Chennai,Credit Card,2026-07-19,7
9393,8684,Isha Sankar,Laptop,Electronics,4,65000,260000,Pune,Credit Card,2026-04-16,6
9394,1574,Jeremiah Dugal,Shoes,Fashion,1,2500,2500,Mumbai,Cash on Delivery,2026-06-13,2
9395,9879,Qadim Mishra,Headphones,Electronics,3,3000,9000,Bengaluru,UPI,2026-07-07,6
9396,8866,Aishani Dara,Phone,Electronics,1,25000,25000,Ahmedabad,UPI,2026-04-15,6
9397,7911,Dipta Saha,Desk,Furniture,5,7000,35000,Hyderabad,UPI,2025-12-24,2
9398,5496,Samarth Dave,Phone,Electronics,1,25000,25000,Chennai,UPI,2026-07-18,5
9399,2508,Janaki Chaudhari,Book,Books,3,500,1500,Chennai,Cash on Delivery,2025-09-28,2
9400,6749,Noah Mittal,Headphones,Electronics,3,3000,9000,Kolkata,UPI,2026-04-08,4
9401,8102,Bina Hayre,Phone,Electronics,5,25000,125000,Chennai,Credit Card,2025-11-28,7
9402,8236,Irya Bhasin,T-Shirt,Fashion,2,800,1600,Ahmedabad,Cash on Delivery,2026-06-28,4
9403,3014,Faraj Kapadia,Laptop,Electronics,4,65000,260000,Bengaluru,UPI,2026-03-31,5
9404,2415,Om Bhargava,Headphones,Electronics,2,3000,6000,Kolkata,Cash on Delivery,2025-12-26,6
9405,9019,Zehaan Chandra,Shoes,Fashion,1,2500,2500,Delhi,UPI,2025-09-07,2
9406,7945,Frederick Saxena,Phone,Electronics,4,25000,100000,Bengaluru,Debit Card,2025-10-27,3
9407,9286,Manthan Datta,Phone,Electronics,4,25000,100000,Pune,Credit Card,2026-04-25,1
9408,4594,Nilima Date,Shoes,Fashion,1,2500,2500,Kolkata,Net Banking,2025-09-10,6
9409,5699,Yamini Gaba,T-Shirt,Fashion,4,800,3200,Chennai,Debit Card,2026-07-05,7
9410,2436,Gunbir Ramanathan,Headphones,Electronics,5,3000,15000,Chennai,Net Banking,2025-12-06,6
9411,9375,Laksh Palla,Shoes,Fashion,3,2500,7500,Kolkata,Debit Card,2026-03-17,5
9412,1126,Nimrat More,Shoes,Fashion,2,2500,5000,Hyderabad,Net Banking,2025-08-17,2
9413,7597,Indrajit Ramakrishnan,Phone,Electronics,5,25000,125000,Kolkata,UPI,2026-01-21,6
9414,7013,Ayushman Pau,Shoes,Fashion,4,2500,10000,Ahmedabad,Cash on Delivery,2025-11-20,5
9415,6368,Simon Kibe,Phone,Electronics,3,25000,75000,Kolkata,Cash on Delivery,2025-11-03,3
9416,3348,Rishi Date,Phone,Electronics,5,25000,125000,Pune,Cash on Delivery,2026-03-10,3
9417,2828,Chakradev Chaudhary,Phone,Electronics,5,25000,125000,Hyderabad,Credit Card,2026-04-08,2
9418,7072,Manbir Rajagopal,Phone,Electronics,4,25000,100000,Delhi,Debit Card,2025-08-31,1
9419,7442,Teerth Mall,Phone,Electronics,4,25000,100000,Pune,Credit Card,2025-09-07,6
9420,5607,Girindra Seth,T-Shirt,Fashion,1,800,800,Ahmedabad,Debit Card,2025-10-16,6
9421,4807,Ekaja Koshy,Shoes,Fashion,4,2500,10000,Mumbai,Debit Card,2026-01-15,7
9422,7912,Ucchal Sarna,Headphones,Electronics,4,3000,12000,Bengaluru,Credit Card,2026-08-03,7
9423,8182,Nimrat Sahni,Shoes,Fashion,4,2500,10000,Chennai,UPI,2025-08-19,2
9424,9229,Patrick Barman,Bottle,Home,2,600,1200,Delhi,Cash on Delivery,2026-06-02,1
9425,5179,Tanish Goyal,Laptop,Electronics,2,65000,130000,Ahmedabad,Net Banking,2026-08-03,7
9426,8021,Janya Kakar,T-Shirt,Fashion,5,800,4000,Pune,UPI,2025-12-04,6
9427,4920,Aadhya Johal,Headphones,Electronics,5,3000,15000,Chennai,Net Banking,2026-05-21,4
9428,4327,Sachi Minhas,Shoes,Fashion,2,2500,5000,Hyderabad,Net Banking,2026-01-11,2
9429,8309,Frederick Mann,Shoes,Fashion,5,2500,12500,Chennai,Net Banking,2025-08-11,5
9430,9552,Ansh Kumer,Phone,Electronics,4,25000,100000,Bengaluru,Debit Card,2025-09-27,5
9431,4447,Ekapad Sura,Phone,Electronics,4,25000,100000,Chennai,Net Banking,2026-08-05,1
9432,6711,Anmol Chandra,Book,Books,4,500,2000,Bengaluru,Credit Card,2025-12-20,2
9433,4860,Onveer Subramanian,Phone,Electronics,4,25000,100000,Kolkata,Net Banking,2025-08-15,4
9434,3180,Lekha Konda,Phone,Electronics,3,25000,75000,Mumbai,Net Banking,2025-10-07,5
9435,9460,Megha Chanda,Headphones,Electronics,4,3000,12000,Pune,Net Banking,2025-11-28,4
9436,4417,Mitesh Tak,Laptop,Electronics,2,65000,130000,Pune,Credit Card,2026-05-29,5
9437,6748,Aadhya Kara,Book,Books,5,500,2500,Delhi,Net Banking,2026-02-14,4
9438,7690,Tejas Dhingra,Headphones,Electronics,2,3000,6000,Chennai,Credit Card,2026-07-11,5
9439,8364,Aachal Sama,Laptop,Electronics,1,65000,65000,Chennai,Cash on Delivery,2026-05-10,4
9440,9819,Vaishnavi Sabharwal,Shoes,Fashion,4,2500,10000,Chennai,Cash on Delivery,2026-05-09,6
9441,8899,Ira Luthra,Shoes,Fashion,5,2500,12500,Mumbai,Net Banking,2026-07-04,1
9442,6879,Wahab Devan,Bottle,Home,1,600,600,Kolkata,Debit Card,2026-01-01,4
9443,4730,Devika Buch,Headphones,Electronics,5,3000,15000,Hyderabad,UPI,2026-05-25,3
9444,5597,Tanmayi Pandey,Phone,Electronics,4,25000,100000,Delhi,Cash on Delivery,2026-06-22,2
9445,7355,Qabil Sridhar,Chair,Furniture,2,4000,8000,Mumbai,UPI,2025-09-19,6
9446,5581,Tanveer Naidu,Phone,Electronics,2,25000,50000,Kolkata,Cash on Delivery,2025-09-11,2
9447,9653,Abdul Kumer,Phone,Electronics,1,25000,25000,Pune,Net Banking,2026-03-19,1
9448,7446,Indira Kunda,Shoes,Fashion,4,2500,10000,Mumbai,Credit Card,2026-04-15,2
9449,7557,William Deshmukh,Headphones,Electronics,1,3000,3000,Hyderabad,Debit Card,2025-08-24,4
9450,7602,Abhiram Krishnan,Phone,Electronics,4,25000,100000,Hyderabad,Net Banking,2026-01-06,5
9451,7500,Yagnesh Gole,Phone,Electronics,2,25000,50000,Ahmedabad,UPI,2025-12-20,1
9452,5899,Libni Kalla,Headphones,Electronics,5,3000,15000,Hyderabad,Net Banking,2026-02-26,6
9453,9596,Xalak Purohit,Shoes,Fashion,3,2500,7500,Delhi,UPI,2026-02-22,5
9454,9371,Pratyush Chauhan,Shoes,Fashion,5,2500,12500,Chennai,Cash on Delivery,2025-10-27,6
9455,3638,Yashasvi Samra,Desk,Furniture,5,7000,35000,Pune,Debit Card,2026-03-11,6
9456,2061,Forum Khurana,Laptop,Electronics,3,65000,195000,Pune,Net Banking,2026-06-03,1
9457,4661,Falak Merchant,Phone,Electronics,4,25000,100000,Ahmedabad,Net Banking,2026-04-13,4
9458,5703,Chakrika Dhawan,Phone,Electronics,2,25000,50000,Ahmedabad,Credit Card,2026-06-29,4
9459,7418,Mohammed Rana,T-Shirt,Fashion,5,800,4000,Mumbai,UPI,2026-03-23,4
9460,8284,Rajata Kant,Headphones,Electronics,5,3000,15000,Kolkata,Credit Card,2025-08-22,2
9461,6037,Gunbir Mani,Phone,Electronics,4,25000,100000,Chennai,UPI,2025-12-29,7
9462,4882,Chaitaly Kalla,Bottle,Home,2,600,1200,Delhi,UPI,2026-02-21,2
9463,8540,Nihal Dutta,Headphones,Electronics,2,3000,6000,Ahmedabad,UPI,2025-09-08,7
9464,8706,Dalbir Tata,T-Shirt,Fashion,4,800,3200,Chennai,Net Banking,2026-06-24,2
9465,6229,Turvi Mittal,Watch,Accessories,1,5000,5000,Mumbai,Debit Card,2025-11-12,3
9466,7182,Waida Dubey,Phone,Electronics,5,25000,125000,Delhi,UPI,2026-05-18,4
9467,3538,Zinal Acharya,Headphones,Electronics,1,3000,3000,Delhi,Cash on Delivery,2026-08-07,3
9468,1414,Yashodhara Rajagopal,Watch,Accessories,1,5000,5000,Chennai,Net Banking,2026-06-06,7
9469,2325,Edhitha Sidhu,T-Shirt,Fashion,5,800,4000,Ahmedabad,Debit Card,2026-03-04,5
9470,4588,Unnati Garde,Watch,Accessories,3,5000,15000,Bengaluru,Credit Card,2026-05-08,7
9471,6831,Bhavna Sabharwal,Phone,Electronics,3,25000,75000,Chennai,Debit Card,2026-04-20,2
9472,2571,Hemang Badal,Phone,Electronics,2,25000,50000,Pune,Net Banking,2025-11-17,5
9473,4105,Gavin Naidu,Phone,Electronics,1,25000,25000,Ahmedabad,UPI,2026-04-26,4
9474,4261,Wriddhish Thaker,Headphones,Electronics,5,3000,15000,Hyderabad,UPI,2026-03-04,2
9475,8109,Dhriti Kakar,Headphones,Electronics,3,3000,9000,Ahmedabad,Net Banking,2026-07-15,1
9476,8132,Laban Grover,Headphones,Electronics,3,3000,9000,Ahmedabad,UPI,2025-12-11,1
9477,7737,Vasatika Mangat,T-Shirt,Fashion,2,800,1600,Mumbai,UPI,2026-07-13,7
9478,5772,Jatin Kulkarni,Phone,Electronics,4,25000,100000,Delhi,Net Banking,2026-04-03,6
9479,4125,Vivaan Memon,Phone,Electronics,4,25000,100000,Delhi,Cash on Delivery,2026-07-14,5
9480,9689,Tanish Chhabra,T-Shirt,Fashion,2,800,1600,Bengaluru,UPI,2026-02-14,3
9481,8222,Harsh Samra,Phone,Electronics,5,25000,125000,Chennai,Credit Card,2026-02-21,5
9482,1121,Krishna Contractor,Headphones,Electronics,2,3000,6000,Bengaluru,Net Banking,2026-04-16,3
9483,2224,Nandini Pau,Laptop,Electronics,2,65000,130000,Ahmedabad,UPI,2026-02-01,3
9484,4109,Chaitanya More,Phone,Electronics,1,25000,25000,Mumbai,Net Banking,2026-06-05,1
9485,1874,Samarth Sarma,Phone,Electronics,4,25000,100000,Pune,Net Banking,2026-01-03,3
9486,7898,Om Ranganathan,Shoes,Fashion,5,2500,12500,Ahmedabad,Debit Card,2026-05-06,5
9487,9977,Yashvi Ravi,Desk,Furniture,1,7000,7000,Pune,Debit Card,2025-10-04,1
9488,9906,Amaira Bhasin,Headphones,Electronics,2,3000,6000,Chennai,Debit Card,2026-01-24,3
9489,4059,Vinaya Chopra,Headphones,Electronics,5,3000,15000,Kolkata,UPI,2025-08-29,6
9490,9361,Darpan Sodhi,Chair,Furniture,3,4000,12000,Kolkata,Debit Card,2025-11-22,5
9491,7539,Rachita Sethi,Headphones,Electronics,3,3000,9000,Chennai,Credit Card,2026-03-02,2
9492,7087,Caleb Khatri,Laptop,Electronics,1,65000,65000,Chennai,UPI,2025-08-30,5
9493,5459,Amol Pai,Shoes,Fashion,3,2500,7500,Chennai,UPI,2026-05-17,3
9494,3269,Alexander Doctor,Laptop,Electronics,1,65000,65000,Hyderabad,Debit Card,2025-09-02,1
9495,7162,Sara Seshadri,Headphones,Electronics,3,3000,9000,Chennai,UPI,2025-10-24,7
9496,1476,Shaurya Johal,Bottle,Home,3,600,1800,Ahmedabad,Net Banking,2026-06-20,1
9497,7104,Bimala Kakar,T-Shirt,Fashion,3,800,2400,Kolkata,Cash on Delivery,2026-03-15,3
9498,4485,Nakul Dixit,Headphones,Electronics,5,3000,15000,Kolkata,Net Banking,2026-03-15,6
9499,2576,Samaksh Garde,Chair,Furniture,5,4000,20000,Pune,Cash on Delivery,2025-12-23,3
9500,1682,Zayyan Narayanan,Phone,Electronics,2,25000,50000,Hyderabad,Debit Card,2026-08-04,7
9501,7350,Aadhya Yohannan,Phone,Electronics,5,25000,125000,Delhi,Net Banking,2026-06-07,1
9502,7923,Yashawini Joshi,Laptop,Electronics,4,65000,260000,Pune,Cash on Delivery,2026-06-05,1
9503,4068,Samarth Madan,Book,Books,3,500,1500,Pune,Credit Card,2026-01-23,2
9504,1805,Oliver Vora,Laptop,Electronics,1,65000,65000,Bengaluru,Cash on Delivery,2025-12-21,6
9505,4842,Naksh Chaudhary,Headphones,Electronics,2,3000,6000,Kolkata,Cash on Delivery,2026-07-07,2
9506,2786,Jagat Saini,Bottle,Home,5,600,3000,Hyderabad,Credit Card,2026-04-26,1
9507,4987,Chaitaly Vora,Shoes,Fashion,5,2500,12500,Mumbai,Debit Card,2025-08-12,3
9508,9040,Ayushman Balasubramanian,Chair,Furniture,2,4000,8000,Delhi,Credit Card,2026-01-17,3
9509,3960,Jasmit Dayal,Phone,Electronics,2,25000,50000,Kolkata,Debit Card,2026-07-05,6
9510,7829,Chanakya Goel,Phone,Electronics,3,25000,75000,Ahmedabad,Cash on Delivery,2026-05-27,5
9511,1558,Rajata Padmanabhan,Phone,Electronics,5,25000,125000,Ahmedabad,Net Banking,2026-04-04,1
9512,6729,Lakshit Ramakrishnan,Laptop,Electronics,3,65000,195000,Hyderabad,Net Banking,2025-08-21,1
9513,1870,Omaja Peri,Phone,Electronics,3,25000,75000,Mumbai,Debit Card,2026-07-14,3
9514,6456,Lakshmi Ramanathan,Phone,Electronics,5,25000,125000,Kolkata,Net Banking,2025-10-23,1
9515,8878,Sanaya Patel,Headphones,Electronics,1,3000,3000,Kolkata,Net Banking,2026-08-05,6
9516,2746,Timothy Pillai,T-Shirt,Fashion,5,800,4000,Pune,Net Banking,2025-10-07,5
9517,6694,Yashawini Chadha,Watch,Accessories,1,5000,5000,Mumbai,Debit Card,2025-08-13,3
9518,6588,Mitali Sodhi,Headphones,Electronics,1,3000,3000,Pune,UPI,2026-07-25,4
9519,7662,Irya Saha,Laptop,Electronics,1,65000,65000,Ahmedabad,Cash on Delivery,2026-06-14,7
9520,7404,Oni Dua,Phone,Electronics,4,25000,100000,Chennai,Net Banking,2026-04-10,5
9521,6448,Gaurangi Sheth,Phone,Electronics,3,25000,75000,Hyderabad,Cash on Delivery,2026-08-05,2
9522,7972,Qarin Dayal,Headphones,Electronics,4,3000,12000,Chennai,Debit Card,2026-07-15,5
9523,1746,Jyoti Bora,Shoes,Fashion,3,2500,7500,Bengaluru,Credit Card,2026-06-12,3
9524,4817,Nathaniel Nanda,Phone,Electronics,2,25000,50000,Mumbai,Cash on Delivery,2025-12-23,2
9525,5413,Irya Bains,Phone,Electronics,4,25000,100000,Pune,Net Banking,2026-03-21,6
9526,2584,Zilmil Choudhary,Phone,Electronics,4,25000,100000,Pune,Cash on Delivery,2026-03-30,2
9527,7617,Damyanti Zacharia,Headphones,Electronics,2,3000,6000,Hyderabad,Debit Card,2026-02-13,5
9528,4385,Unni Kala,Desk,Furniture,3,7000,21000,Hyderabad,UPI,2026-05-19,6
9529,2265,Vidhi Shetty,Phone,Electronics,2,25000,50000,Hyderabad,Debit Card,2025-09-19,4
9530,8279,Megha Bahri,Phone,Electronics,1,25000,25000,Delhi,Credit Card,2026-04-05,4
9531,4074,Azaan Gola,Headphones,Electronics,4,3000,12000,Pune,Debit Card,2026-01-01,4
9532,4136,Nihal Bains,Chair,Furniture,5,4000,20000,Kolkata,Credit Card,2026-03-02,6
9533,2806,Ethan Chada,Phone,Electronics,5,25000,125000,Kolkata,Cash on Delivery,2026-04-18,1
9534,3629,Aishani Srivastava,Shoes,Fashion,4,2500,10000,Bengaluru,Debit Card,2025-12-06,5
9535,5478,Azaan Sandhu,Headphones,Electronics,5,3000,15000,Hyderabad,UPI,2025-10-18,2
9536,9119,Bhanumati Karan,Shoes,Fashion,3,2500,7500,Pune,UPI,2026-07-16,5
9537,5487,Bhanumati Vasa,Headphones,Electronics,4,3000,12000,Delhi,Cash on Delivery,2026-02-24,2
9538,7879,Dev Mody,Shoes,Fashion,2,2500,5000,Mumbai,Cash on Delivery,2026-03-11,3
9539,8947,Thomas Som,Headphones,Electronics,4,3000,12000,Delhi,Cash on Delivery,2025-08-14,1
9540,5737,Vyanjana Devi,Headphones,Electronics,2,3000,6000,Pune,Credit Card,2025-09-12,3
9541,1615,Vivaan Om,Phone,Electronics,5,25000,125000,Ahmedabad,Debit Card,2025-10-01,3
9542,3065,Viraj Ratti,Phone,Electronics,5,25000,125000,Pune,UPI,2026-04-06,3
9543,8077,Jhalak Kar,Book,Books,5,500,2500,Hyderabad,Debit Card,2026-03-31,5
9544,7978,Mason Sarraf,Phone,Electronics,1,25000,25000,Mumbai,Cash on Delivery,2026-03-21,1
9545,5127,Sneha Borde,Watch,Accessories,4,5000,20000,Mumbai,Debit Card,2026-07-23,3
9546,9065,Azaan Ghosh,Phone,Electronics,2,25000,50000,Ahmedabad,Credit Card,2026-02-09,1
9547,7245,Christopher Mander,Laptop,Electronics,3,65000,195000,Mumbai,Debit Card,2025-09-06,4
9548,7219,Chandani Nagy,Desk,Furniture,1,7000,7000,Pune,UPI,2025-09-22,3
9549,4076,Tripti Murthy,Watch,Accessories,2,5000,10000,Kolkata,Cash on Delivery,2026-03-03,5
9550,2452,Gauri Oza,Phone,Electronics,5,25000,125000,Hyderabad,Debit Card,2026-06-09,1
9551,2127,Geetika Bandi,Shoes,Fashion,5,2500,12500,Delhi,Net Banking,2026-01-22,1
9552,7133,Mahika De,Headphones,Electronics,5,3000,15000,Kolkata,UPI,2025-12-30,6
9553,2665,Shaurya Krish,Chair,Furniture,3,4000,12000,Pune,Net Banking,2025-11-30,3
9554,6884,Ansh Savant,Laptop,Electronics,5,65000,325000,Ahmedabad,Net Banking,2026-02-19,7
9555,4484,Anya Korpal,Phone,Electronics,4,25000,100000,Chennai,Net Banking,2026-06-06,1
9556,3864,Gunbir Puri,Chair,Furniture,4,4000,16000,Chennai,Cash on Delivery,2025-11-01,6
9557,1812,William Sethi,Laptop,Electronics,5,65000,325000,Pune,Credit Card,2025-10-12,5
9558,7268,Gopal Khurana,Headphones,Electronics,1,3000,3000,Pune,Net Banking,2026-06-17,2
9559,4201,Bina Bhatia,Watch,Accessories,2,5000,10000,Delhi,Net Banking,2026-04-23,5
9560,6107,Saanvi Madan,Laptop,Electronics,1,65000,65000,Chennai,Debit Card,2025-10-27,3
9561,1358,Ekta Cherian,Phone,Electronics,2,25000,50000,Delhi,Cash on Delivery,2026-03-21,6
9562,3037,Harish Rege,Laptop,Electronics,3,65000,195000,Delhi,Net Banking,2026-06-18,1
9563,4780,Hemangini Chandran,T-Shirt,Fashion,4,800,3200,Hyderabad,UPI,2026-02-05,1
9564,4918,Benjamin Narain,Phone,Electronics,4,25000,100000,Bengaluru,Cash on Delivery,2026-07-19,2
9565,4636,Christopher Talwar,Phone,Electronics,4,25000,100000,Chennai,Net Banking,2026-01-30,7
9566,4400,Chatresh Rastogi,Phone,Electronics,3,25000,75000,Bengaluru,Cash on Delivery,2026-02-21,1
9567,5265,Gaurav Brar,Phone,Electronics,1,25000,25000,Kolkata,Credit Card,2025-08-22,3
9568,3691,Oni Khosla,Phone,Electronics,2,25000,50000,Chennai,Debit Card,2026-05-17,3
9569,6635,Anvi Cheema,Headphones,Electronics,1,3000,3000,Hyderabad,Net Banking,2026-05-09,4
9570,7048,Amol Handa,Watch,Accessories,3,5000,15000,Mumbai,Credit Card,2025-11-15,6
9571,8116,Zinal Gupta,Shoes,Fashion,5,2500,12500,Pune,Credit Card,2026-06-20,4
9572,2014,Hardik Sharma,Laptop,Electronics,4,65000,260000,Delhi,Net Banking,2025-09-02,5
9573,3561,Radhika Hegde,Shoes,Fashion,4,2500,10000,Kolkata,Debit Card,2026-05-18,1
9574,5233,Harini Chada,Shoes,Fashion,1,2500,2500,Hyderabad,UPI,2026-07-24,7
9575,2128,Prisha Kashyap,Phone,Electronics,1,25000,25000,Mumbai,Credit Card,2025-10-14,4
9576,1809,Om Talwar,Phone,Electronics,3,25000,75000,Bengaluru,Debit Card,2026-02-15,3
9577,8012,Krishna Gokhale,Watch,Accessories,2,5000,10000,Delhi,UPI,2026-08-05,4
9578,4000,Omkaar Narain,Phone,Electronics,5,25000,125000,Bengaluru,Credit Card,2025-11-08,5
9579,8577,Anya Dugar,Phone,Electronics,3,25000,75000,Hyderabad,Net Banking,2025-08-21,6
9580,5925,Zarna Bail,Headphones,Electronics,5,3000,15000,Ahmedabad,Net Banking,2025-11-16,5
9581,2045,Jatin Dani,Phone,Electronics,3,25000,75000,Kolkata,Debit Card,2026-06-10,7
9582,5436,Indira Ahluwalia,Headphones,Electronics,2,3000,6000,Kolkata,Cash on Delivery,2026-03-13,3
9583,2673,Chatura Chana,Phone,Electronics,3,25000,75000,Bengaluru,Net Banking,2025-12-19,7
9584,6457,Yashawini Seth,T-Shirt,Fashion,5,800,4000,Chennai,Credit Card,2026-06-29,5
9585,7682,Kavya Vasa,Phone,Electronics,4,25000,100000,Chennai,Debit Card,2026-03-24,7
9586,2315,Advik Natarajan,Headphones,Electronics,2,3000,6000,Delhi,UPI,2026-05-03,2
9587,5020,Pushti Master,Phone,Electronics,1,25000,25000,Hyderabad,Net Banking,2026-02-28,4
9588,5288,Faraj Babu,Phone,Electronics,2,25000,50000,Bengaluru,UPI,2025-11-13,3
9589,4514,Rachita Goswami,Phone,Electronics,5,25000,125000,Ahmedabad,Debit Card,2025-10-28,6
9590,8439,Neel Shroff,T-Shirt,Fashion,3,800,2400,Pune,Net Banking,2026-01-31,5
9591,7962,Zaitra Goswami,Headphones,Electronics,2,3000,6000,Hyderabad,Net Banking,2026-04-22,6
9592,7089,Anya Khurana,Phone,Electronics,2,25000,50000,Pune,Credit Card,2026-02-24,1
9593,6596,Nikita Srivastava,Shoes,Fashion,2,2500,5000,Hyderabad,Debit Card,2025-11-03,2
9594,2034,Aarav Amble,Chair,Furniture,3,4000,12000,Kolkata,Credit Card,2025-10-24,6
9595,7880,Falan Raman,Bottle,Home,4,600,2400,Delhi,Cash on Delivery,2026-03-01,5
9596,3484,Yachana Contractor,Shoes,Fashion,5,2500,12500,Pune,Cash on Delivery,2026-05-27,1
9597,6257,Samar Sane,Chair,Furniture,4,4000,16000,Chennai,UPI,2026-02-21,1
9598,1637,Quincy Gulati,Headphones,Electronics,1,3000,3000,Hyderabad,UPI,2026-03-29,2
9599,3291,Fiyaz Mand,Phone,Electronics,1,25000,25000,Hyderabad,Net Banking,2026-04-15,3
9600,3930,Jeevika Ghose,Chair,Furniture,1,4000,4000,Mumbai,Cash on Delivery,2025-09-07,5
9601,4129,Sanya Lad,Headphones,Electronics,2,3000,6000,Bengaluru,Net Banking,2026-06-20,3
9602,5288,Manthan Prasad,Book,Books,1,500,500,Bengaluru,Credit Card,2026-02-02,4
9603,7757,Netra Ganesh,T-Shirt,Fashion,2,800,1600,Bengaluru,UPI,2025-10-03,3
9604,8779,Tanvi Warrior,Phone,Electronics,2,25000,50000,Mumbai,Debit Card,2025-09-07,6
9605,3042,Nathan Nori,Laptop,Electronics,3,65000,195000,Chennai,Cash on Delivery,2026-03-22,5
9606,9192,Mohammed Anne,Watch,Accessories,4,5000,20000,Delhi,UPI,2025-12-18,6
9607,2645,Max Mukhopadhyay,Phone,Electronics,3,25000,75000,Hyderabad,Credit Card,2026-05-09,4
9608,4206,William Chatterjee,Headphones,Electronics,2,3000,6000,Bengaluru,Cash on Delivery,2025-12-20,2
9609,7791,Bahadurjit Pingle,Phone,Electronics,3,25000,75000,Delhi,Credit Card,2026-06-30,2
9610,4084,Ishwar Ravi,Shoes,Fashion,5,2500,12500,Mumbai,UPI,2025-11-26,7
9611,8454,Omya Minhas,Phone,Electronics,1,25000,25000,Hyderabad,Credit Card,2026-01-15,2
9612,6800,Shravya Warrior,Shoes,Fashion,1,2500,2500,Pune,Debit Card,2025-11-03,3
9613,8688,Nandini Kanda,Phone,Electronics,5,25000,125000,Chennai,Credit Card,2026-03-17,6
9614,4526,Jatin Madan,Phone,Electronics,2,25000,50000,Ahmedabad,Cash on Delivery,2026-08-04,3
9615,4812,Ryan Seshadri,Laptop,Electronics,5,65000,325000,Delhi,Net Banking,2026-03-22,5
9616,8103,Neelima Bath,T-Shirt,Fashion,5,800,4000,Mumbai,Net Banking,2026-07-05,6
9617,8153,Gabriel Nagi,Phone,Electronics,4,25000,100000,Kolkata,Net Banking,2026-03-07,4
9618,4560,Abdul Muni,Headphones,Electronics,5,3000,15000,Mumbai,Net Banking,2026-01-26,6
9619,5757,Vrinda Badami,Phone,Electronics,5,25000,125000,Kolkata,Debit Card,2026-05-07,4
9620,2367,Tanvi Atwal,Phone,Electronics,2,25000,50000,Delhi,UPI,2025-09-02,2
9621,6518,Nilima Cherian,Phone,Electronics,3,25000,75000,Mumbai,Cash on Delivery,2025-12-09,7
9622,7495,Shravya Raval,Book,Books,5,500,2500,Hyderabad,Cash on Delivery,2025-09-06,2
9623,3716,Widisha Soman,Phone,Electronics,2,25000,50000,Kolkata,UPI,2025-10-21,2
9624,7583,Rushil Mistry,Headphones,Electronics,5,3000,15000,Chennai,Cash on Delivery,2025-08-18,5
9625,7045,Rishi Apte,Headphones,Electronics,5,3000,15000,Pune,Credit Card,2025-10-21,1
9626,2098,Pahal Rana,Laptop,Electronics,2,65000,130000,Delhi,Cash on Delivery,2025-08-17,3
9627,5992,George Raval,Watch,Accessories,1,5000,5000,Pune,Cash on Delivery,2026-06-12,2
9628,6958,Damini Sane,T-Shirt,Fashion,4,800,3200,Pune,Credit Card,2026-05-21,1
9629,8191,Lipika Bajaj,Laptop,Electronics,3,65000,195000,Kolkata,UPI,2025-09-28,6
9630,1901,Vamakshi Kumer,Laptop,Electronics,2,65000,130000,Bengaluru,Cash on Delivery,2026-05-20,3
9631,9942,Yatan Kar,Headphones,Electronics,1,3000,3000,Ahmedabad,Net Banking,2026-01-11,4
9632,4097,Samar Mohan,Shoes,Fashion,5,2500,12500,Ahmedabad,Net Banking,2026-05-16,3
9633,4085,Bishakha Datta,Phone,Electronics,2,25000,50000,Mumbai,Debit Card,2026-01-23,5
9634,3737,Madhav Sethi,Phone,Electronics,3,25000,75000,Mumbai,Credit Card,2025-09-29,3
9635,8098,Finn Mangal,Shoes,Fashion,5,2500,12500,Delhi,Cash on Delivery,2026-05-01,2
9636,9391,Omisha Garde,Shoes,Fashion,1,2500,2500,Mumbai,Net Banking,2026-02-02,1
9637,2891,Lila Halder,Shoes,Fashion,1,2500,2500,Ahmedabad,UPI,2025-10-06,7
9638,5781,Kashvi Bajaj,Chair,Furniture,1,4000,4000,Delhi,Debit Card,2026-03-17,7
9639,1233,Ishani Sarna,Laptop,Electronics,3,65000,195000,Mumbai,Credit Card,2025-09-29,6
9640,3646,Dakshesh Majumdar,Phone,Electronics,3,25000,75000,Chennai,Credit Card,2026-01-04,7
9641,3992,Kalpit Chaudry,Headphones,Electronics,1,3000,3000,Bengaluru,Cash on Delivery,2026-06-22,3
9642,5373,Praneel Gandhi,Headphones,Electronics,3,3000,9000,Hyderabad,Net Banking,2025-08-15,6
9643,6579,Wishi Peri,Watch,Accessories,3,5000,15000,Hyderabad,Net Banking,2025-12-28,6
9644,3072,Warda Nigam,Phone,Electronics,3,25000,75000,Pune,UPI,2025-10-25,5
9645,5639,Nathan Sarma,Chair,Furniture,4,4000,16000,Pune,Credit Card,2026-04-21,3
9646,7556,Varenya Choudhury,Shoes,Fashion,5,2500,12500,Ahmedabad,Credit Card,2026-03-23,4
9647,9243,Abeer Vyas,T-Shirt,Fashion,4,800,3200,Bengaluru,UPI,2026-04-03,5
9648,2672,Ikshita Dash,Laptop,Electronics,5,65000,325000,Bengaluru,Credit Card,2025-08-16,3
9649,7386,Rehaan Sarkar,T-Shirt,Fashion,4,800,3200,Mumbai,Debit Card,2026-05-11,2
9650,1641,Farhan Sampath,T-Shirt,Fashion,5,800,4000,Kolkata,UPI,2026-06-15,2
9651,1250,Sanaya Mall,Laptop,Electronics,4,65000,260000,Chennai,Credit Card,2025-09-17,3
9652,6212,Rajeshri Nagy,Watch,Accessories,1,5000,5000,Mumbai,UPI,2026-01-13,4
9653,4862,Yashawini Reddy,Phone,Electronics,2,25000,50000,Mumbai,Cash on Delivery,2026-03-20,1
9654,4339,Abdul Dhingra,Phone,Electronics,3,25000,75000,Hyderabad,Cash on Delivery,2026-01-10,5
9655,7377,Kashvi Sengupta,Headphones,Electronics,5,3000,15000,Delhi,Debit Card,2025-08-19,6
9656,6662,Widisha Bhandari,Phone,Electronics,4,25000,100000,Kolkata,Credit Card,2026-08-01,7
9657,2415,Qadim Balasubramanian,Phone,Electronics,4,25000,100000,Kolkata,Credit Card,2026-03-31,1
9658,4775,Andrew Hayre,Shoes,Fashion,3,2500,7500,Hyderabad,Credit Card,2025-08-09,1
9659,6515,Jasmit Vala,Laptop,Electronics,2,65000,130000,Chennai,Net Banking,2025-10-21,7
9660,5119,Hemangini Deol,Headphones,Electronics,4,3000,12000,Mumbai,Credit Card,2026-07-24,2
9661,6845,Wridesh Krishna,Laptop,Electronics,1,65000,65000,Mumbai,Net Banking,2026-06-23,4
9662,5762,Mason Soman,Headphones,Electronics,5,3000,15000,Pune,Credit Card,2025-11-11,2
9663,4235,Christopher Bawa,Headphones,Electronics,4,3000,12000,Mumbai,Debit Card,2026-06-08,3
9664,1480,Balvan Krish,Watch,Accessories,1,5000,5000,Hyderabad,Debit Card,2026-01-06,6
9665,2246,Yash Mani,Headphones,Electronics,2,3000,6000,Ahmedabad,Cash on Delivery,2026-02-06,6
9666,8079,Jagrati Dixit,Phone,Electronics,4,25000,100000,Kolkata,UPI,2026-06-01,2
9667,4207,Turvi Kunda,Headphones,Electronics,4,3000,12000,Ahmedabad,UPI,2025-12-14,6
9668,3765,Warhi Chakrabarti,Book,Books,3,500,1500,Bengaluru,Net Banking,2026-01-02,7
9669,3280,Krishna Mangat,Shoes,Fashion,2,2500,5000,Ahmedabad,Credit Card,2025-09-29,7
9670,4063,Falguni Prabhu,Phone,Electronics,3,25000,75000,Kolkata,Net Banking,2026-02-16,5
9671,7657,Maanav Agrawal,Phone,Electronics,3,25000,75000,Ahmedabad,Cash on Delivery,2025-12-29,4
9672,4624,Ati Borde,Phone,Electronics,2,25000,50000,Ahmedabad,Credit Card,2026-05-14,1
9673,1002,Jalsa Taneja,Shoes,Fashion,4,2500,10000,Chennai,Debit Card,2026-05-16,1
9674,2447,Fitan Rout,Chair,Furniture,3,4000,12000,Bengaluru,Credit Card,2025-10-17,6
9675,6299,Baljiwan Chandra,Desk,Furniture,1,7000,7000,Pune,UPI,2026-03-28,2
9676,9241,Radha Sur,Phone,Electronics,4,25000,100000,Hyderabad,UPI,2026-04-12,4
9677,2753,Reyansh Baral,Watch,Accessories,1,5000,5000,Chennai,Credit Card,2026-05-10,2
9678,4105,Rishi Bajwa,Headphones,Electronics,1,3000,3000,Pune,Net Banking,2026-01-29,1
9679,6672,Vasana Gera,Phone,Electronics,1,25000,25000,Bengaluru,Cash on Delivery,2025-11-26,5
9680,7773,Jagvi Babu,Shoes,Fashion,2,2500,5000,Pune,Credit Card,2026-03-16,4
9681,4071,Joshua Bhasin,Desk,Furniture,1,7000,7000,Chennai,Debit Card,2026-07-24,6
9682,4321,Amara Thaker,Phone,Electronics,3,25000,75000,Chennai,Cash on Delivery,2026-02-19,4
9683,8102,Adya Wason,Headphones,Electronics,4,3000,12000,Kolkata,Debit Card,2026-05-28,4
9684,7330,Sudiksha Sagar,Headphones,Electronics,2,3000,6000,Chennai,Credit Card,2026-02-22,1
9685,4808,Ikbal Lad,Watch,Accessories,1,5000,5000,Hyderabad,Credit Card,2026-06-22,2
9686,3209,Meera Maharaj,Headphones,Electronics,5,3000,15000,Mumbai,Cash on Delivery,2025-08-12,1
9687,8929,Sanaya Manda,Phone,Electronics,4,25000,100000,Mumbai,Net Banking,2026-03-27,5
9688,5638,Yatin Sahota,Phone,Electronics,3,25000,75000,Mumbai,Net Banking,2026-05-20,3
9689,6811,Upadhriti Jha,Phone,Electronics,4,25000,100000,Chennai,UPI,2026-05-04,4
9690,9924,Isha Pingle,Shoes,Fashion,2,2500,5000,Pune,Net Banking,2026-03-21,3
9691,7526,Ekantika Sarna,Chair,Furniture,2,4000,8000,Delhi,Cash on Delivery,2026-07-10,5
9692,9220,Yagnesh Pai,Watch,Accessories,2,5000,10000,Kolkata,Net Banking,2026-04-20,3
9693,6027,Aryan Walia,Shoes,Fashion,1,2500,2500,Mumbai,UPI,2025-11-24,5
9694,2145,Indira Ramachandran,Book,Books,4,500,2000,Ahmedabad,Net Banking,2025-10-18,2
9695,3589,Ekbal Amble,Shoes,Fashion,2,2500,5000,Ahmedabad,Cash on Delivery,2026-06-23,5
9696,9268,Laksh Jhaveri,Headphones,Electronics,5,3000,15000,Ahmedabad,UPI,2025-11-12,4
9697,1898,Varsha Venkatesh,Headphones,Electronics,2,3000,6000,Hyderabad,Debit Card,2026-07-27,6
9698,2166,Harita Uppal,Shoes,Fashion,4,2500,10000,Mumbai,Credit Card,2025-11-12,1
9699,1401,Jagvi Palan,Phone,Electronics,2,25000,50000,Bengaluru,Credit Card,2025-09-18,7
9700,6415,Rachit Upadhyay,Headphones,Electronics,3,3000,9000,Mumbai,Credit Card,2025-10-26,5
9701,8613,Jai Jhaveri,Shoes,Fashion,1,2500,2500,Bengaluru,Credit Card,2025-10-01,2
9702,4973,Yamini Jain,Laptop,Electronics,2,65000,130000,Ahmedabad,Net Banking,2026-05-21,2
9703,9862,Jack Deshmukh,Phone,Electronics,5,25000,125000,Ahmedabad,UPI,2026-03-26,1
9704,9144,Upasna Narayanan,Shoes,Fashion,2,2500,5000,Kolkata,Credit Card,2026-02-08,5
9705,3577,Yatin Kara,T-Shirt,Fashion,4,800,3200,Kolkata,Net Banking,2026-03-18,4
9706,9740,Gautami Dutta,Phone,Electronics,4,25000,100000,Bengaluru,Credit Card,2025-08-13,4
9707,5801,Kavya Luthra,Laptop,Electronics,5,65000,325000,Bengaluru,Credit Card,2025-10-07,5
9708,6390,Ishanvi Kanda,T-Shirt,Fashion,4,800,3200,Mumbai,Debit Card,2025-08-30,3
9709,7173,Gabriel Reddy,Shoes,Fashion,5,2500,12500,Ahmedabad,Cash on Delivery,2026-01-31,3
9710,3543,Wazir Oak,Phone,Electronics,4,25000,100000,Delhi,Cash on Delivery,2025-10-08,5
9711,5894,Neel Doctor,Laptop,Electronics,5,65000,325000,Mumbai,Net Banking,2025-08-23,5
9712,1825,Logan Nayar,Shoes,Fashion,2,2500,5000,Bengaluru,Net Banking,2026-07-22,5
9713,1165,Indira Bir,Laptop,Electronics,2,65000,130000,Delhi,Net Banking,2025-08-19,3
9714,2960,Janya Bora,Phone,Electronics,2,25000,50000,Pune,UPI,2025-12-24,5
9715,2236,Lavanya Thaker,Shoes,Fashion,1,2500,2500,Kolkata,Net Banking,2026-07-21,4
9716,1346,Viraj Bhatia,Phone,Electronics,2,25000,50000,Ahmedabad,UPI,2026-05-09,4
9717,6566,Kamala Chanda,T-Shirt,Fashion,3,800,2400,Delhi,Debit Card,2026-05-05,3
9718,8225,Nitesh Arora,Phone,Electronics,2,25000,50000,Mumbai,Net Banking,2026-04-24,2
9719,3327,Tanay Sahota,Headphones,Electronics,1,3000,3000,Pune,Debit Card,2026-05-05,7
9720,2416,Bhavna Loyal,Book,Books,4,500,2000,Chennai,Net Banking,2026-01-18,2
9721,3930,Jackson Krishnamurthy,Chair,Furniture,4,4000,16000,Pune,UPI,2026-02-07,5
9722,2878,Champak Chaudhuri,Shoes,Fashion,3,2500,7500,Chennai,Credit Card,2026-08-02,2
9723,4208,Geetika Bose,Phone,Electronics,1,25000,25000,Kolkata,UPI,2025-11-24,6
9724,2252,Ridhi Vala,Phone,Electronics,3,25000,75000,Delhi,Credit Card,2026-01-11,4
9725,3870,Lakshit Sagar,Headphones,Electronics,2,3000,6000,Chennai,Debit Card,2025-10-22,5
9726,3107,Karan Seth,Phone,Electronics,3,25000,75000,Ahmedabad,Net Banking,2025-12-27,2
9727,8071,Hemangini Pillay,Headphones,Electronics,1,3000,3000,Hyderabad,Debit Card,2025-10-27,4
9728,7739,Harita Tripathi,Headphones,Electronics,1,3000,3000,Pune,Debit Card,2025-11-11,6
9729,5500,Harini Natt,Headphones,Electronics,5,3000,15000,Kolkata,UPI,2025-12-16,7
9730,1961,Jagat Sankaran,Phone,Electronics,5,25000,125000,Mumbai,UPI,2026-05-16,2
9731,6544,Finn Sengupta,T-Shirt,Fashion,1,800,800,Ahmedabad,UPI,2025-10-23,7
9732,9612,Praneel Comar,Laptop,Electronics,3,65000,195000,Mumbai,UPI,2025-10-01,7
9733,5673,Edhitha Sachar,Desk,Furniture,1,7000,7000,Chennai,UPI,2026-05-07,2
9734,5095,Krish Nigam,Phone,Electronics,3,25000,75000,Ahmedabad,Net Banking,2026-05-03,4
9735,1241,Hamsini Prabhakar,Headphones,Electronics,5,3000,15000,Mumbai,Debit Card,2026-05-24,1
9736,4970,Deepa Dhar,Headphones,Electronics,2,3000,6000,Ahmedabad,Cash on Delivery,2026-07-24,2
9737,9113,Anika Chahal,T-Shirt,Fashion,4,800,3200,Chennai,Cash on Delivery,2026-04-25,1
9738,7505,Owen Lad,Phone,Electronics,1,25000,25000,Bengaluru,Cash on Delivery,2026-08-03,5
9739,5499,Lopa Gera,Watch,Accessories,5,5000,25000,Kolkata,Net Banking,2026-03-18,7
9740,2468,Jagvi Kannan,Shoes,Fashion,4,2500,10000,Mumbai,Net Banking,2026-07-31,2
9741,4760,Eesha Gera,T-Shirt,Fashion,5,800,4000,Pune,Cash on Delivery,2026-07-19,6
9742,6703,Advaith Pillai,Watch,Accessories,1,5000,5000,Mumbai,UPI,2026-02-20,6
9743,8771,Mitesh Mutti,T-Shirt,Fashion,3,800,2400,Hyderabad,UPI,2025-08-22,6
9744,9473,Yashvi Wali,Headphones,Electronics,2,3000,6000,Bengaluru,UPI,2025-12-11,2
9745,5883,Faris Chatterjee,Phone,Electronics,1,25000,25000,Bengaluru,Debit Card,2025-09-27,6
9746,5929,Ekapad Bora,Watch,Accessories,1,5000,5000,Hyderabad,UPI,2025-10-01,3
9747,7255,Harita Lala,T-Shirt,Fashion,3,800,2400,Kolkata,Net Banking,2025-09-19,6
9748,6368,Kamya Kade,Headphones,Electronics,2,3000,6000,Chennai,Credit Card,2026-07-08,3
9749,1348,Tarak Mander,Headphones,Electronics,1,3000,3000,Mumbai,Net Banking,2026-04-25,4
9750,4704,Warinder Prasad,Headphones,Electronics,5,3000,15000,Hyderabad,Debit Card,2026-05-23,3
9751,2703,Qabil Gokhale,Laptop,Electronics,3,65000,195000,Ahmedabad,UPI,2025-11-14,6
9752,4513,Eta Ratti,Laptop,Electronics,1,65000,65000,Delhi,Cash on Delivery,2025-10-20,7
9753,2155,Nirja Chawla,Phone,Electronics,4,25000,100000,Kolkata,UPI,2025-08-18,4
9754,7352,Yashodhara Bajaj,Shoes,Fashion,1,2500,2500,Chennai,Net Banking,2026-04-27,6
9755,6092,Yasti Das,Phone,Electronics,4,25000,100000,Bengaluru,UPI,2025-08-18,5
9756,9698,Isaac Bal,Headphones,Electronics,2,3000,6000,Pune,Net Banking,2025-10-05,7
9757,2730,Ayaan Kala,Watch,Accessories,5,5000,25000,Chennai,Net Banking,2025-10-11,4
9758,5600,Ishaan Hari,Shoes,Fashion,2,2500,5000,Pune,Debit Card,2025-11-04,1
9759,3329,Advik Nagy,Phone,Electronics,4,25000,100000,Pune,Cash on Delivery,2026-06-23,7
9760,4644,Yagnesh Hayer,Headphones,Electronics,1,3000,3000,Chennai,Credit Card,2026-03-14,6
9761,1419,Jackson Apte,Chair,Furniture,2,4000,8000,Mumbai,Cash on Delivery,2026-07-15,1
9762,5825,Vamakshi Shetty,Chair,Furniture,3,4000,12000,Mumbai,Cash on Delivery,2025-12-18,6
9763,2118,Hemang Sankaran,Shoes,Fashion,2,2500,5000,Delhi,UPI,2026-08-03,4
9764,7938,Neelima Arora,Laptop,Electronics,4,65000,260000,Chennai,Credit Card,2026-07-09,7
9765,9938,Zashil Kibe,Headphones,Electronics,1,3000,3000,Ahmedabad,Net Banking,2025-11-25,5
9766,9414,Jyoti Prasad,Phone,Electronics,3,25000,75000,Pune,UPI,2025-08-08,7
9767,1645,Gopal Dewan,T-Shirt,Fashion,4,800,3200,Ahmedabad,Cash on Delivery,2026-03-10,1
9768,7824,Triveni Gola,T-Shirt,Fashion,2,800,1600,Ahmedabad,Cash on Delivery,2025-12-29,3
9769,2652,Shravya Deshpande,Phone,Electronics,3,25000,75000,Chennai,Debit Card,2026-05-05,4
9770,2558,Yochana Balay,Phone,Electronics,4,25000,100000,Ahmedabad,Cash on Delivery,2026-04-08,7
9771,2362,Yashodhara Prasad,T-Shirt,Fashion,1,800,800,Mumbai,Credit Card,2025-11-07,1
9772,2713,Suhani Memon,Desk,Furniture,1,7000,7000,Delhi,Debit Card,2025-11-11,6
9773,4141,Aryan Bassi,Headphones,Electronics,5,3000,15000,Ahmedabad,Net Banking,2026-03-16,4
9774,4043,Bhavya Bandi,Headphones,Electronics,5,3000,15000,Chennai,Credit Card,2026-04-08,3
9775,3248,Zilmil Ravel,Shoes,Fashion,3,2500,7500,Ahmedabad,Cash on Delivery,2026-05-09,4
9776,4893,Siddharth Sidhu,Laptop,Electronics,1,65000,65000,Hyderabad,Debit Card,2025-12-09,7
9777,5229,Gagan Borra,T-Shirt,Fashion,5,800,4000,Delhi,Net Banking,2026-07-30,4
9778,9462,Gauri Kale,Laptop,Electronics,4,65000,260000,Hyderabad,UPI,2025-12-24,7
9779,3376,Ekanta Tandon,Phone,Electronics,3,25000,75000,Bengaluru,Net Banking,2025-11-27,5
9780,9850,Utkarsh Bhattacharyya,Watch,Accessories,4,5000,20000,Ahmedabad,Credit Card,2025-10-20,2
9781,1054,Turvi Sood,T-Shirt,Fashion,1,800,800,Mumbai,Credit Card,2026-05-11,2
9782,4558,Utkarsh Gill,Book,Books,5,500,2500,Delhi,Net Banking,2026-03-20,1
9783,5051,Jhalak Raju,Phone,Electronics,1,25000,25000,Kolkata,Cash on Delivery,2025-10-20,3
9784,1260,Aishani Barman,Headphones,Electronics,5,3000,15000,Mumbai,Debit Card,2026-08-03,1
9785,6453,Shaurya Varughese,Watch,Accessories,4,5000,20000,Delhi,Credit Card,2026-05-13,7
9786,9002,Brijesh Bansal,Phone,Electronics,5,25000,125000,Delhi,Net Banking,2026-04-29,1
9787,1922,Ansh Khalsa,Shoes,Fashion,5,2500,12500,Bengaluru,Cash on Delivery,2025-11-29,6
9788,5443,Hemal Maharaj,Shoes,Fashion,1,2500,2500,Chennai,Credit Card,2026-06-29,4
9789,2825,Pahal Chokshi,Shoes,Fashion,1,2500,2500,Hyderabad,Net Banking,2026-08-03,4
9790,9860,Hitesh Tailor,Watch,Accessories,5,5000,25000,Hyderabad,Cash on Delivery,2026-04-07,2
9791,2302,Urmi Mital,Headphones,Electronics,4,3000,12000,Chennai,Credit Card,2026-03-08,4
9792,2089,Hemani Talwar,Chair,Furniture,4,4000,16000,Kolkata,Cash on Delivery,2026-04-01,3
9793,5901,Anjali Kadakia,Phone,Electronics,4,25000,100000,Bengaluru,Cash on Delivery,2026-01-21,5
9794,9851,George Nigam,Laptop,Electronics,3,65000,195000,Kolkata,Net Banking,2026-05-07,5
9795,2577,Parth Malhotra,Shoes,Fashion,3,2500,7500,Bengaluru,Debit Card,2026-05-29,3
9796,8738,Abeer Dass,T-Shirt,Fashion,4,800,3200,Delhi,Debit Card,2026-03-23,1
9797,6535,Ladli Dar,T-Shirt,Fashion,4,800,3200,Ahmedabad,UPI,2025-09-23,3
9798,5838,Odika De,Headphones,Electronics,3,3000,9000,Mumbai,Net Banking,2026-07-26,6
9799,9730,Chatura Walla,Chair,Furniture,5,4000,20000,Chennai,Cash on Delivery,2026-05-08,5
9800,1409,Ladli Malhotra,Chair,Furniture,3,4000,12000,Mumbai,Credit Card,2026-06-05,5
9801,4291,Samarth Mohan,Phone,Electronics,5,25000,125000,Kolkata,UPI,2026-04-06,4
9802,5895,Anusha Agate,Book,Books,1,500,500,Bengaluru,UPI,2025-10-19,1
9803,9813,Gautam Sandhu,Phone,Electronics,5,25000,125000,Pune,Credit Card,2025-12-04,5
9804,9942,Imaran Savant,Bottle,Home,2,600,1200,Mumbai,Debit Card,2026-05-07,1
9805,6111,Pranav Borah,Phone,Electronics,2,25000,50000,Kolkata,Net Banking,2025-09-22,4
9806,6860,Raksha Wali,Shoes,Fashion,2,2500,5000,Kolkata,Credit Card,2025-11-08,2
9807,8889,Dominic Dalal,Headphones,Electronics,2,3000,6000,Hyderabad,Credit Card,2026-03-31,1
9808,1188,Hema Nagarajan,Headphones,Electronics,5,3000,15000,Hyderabad,Debit Card,2026-06-11,3
9809,7500,Oni Khosla,T-Shirt,Fashion,3,800,2400,Pune,Credit Card,2026-04-16,7
9810,1688,Janya Das,Phone,Electronics,1,25000,25000,Ahmedabad,Debit Card,2026-03-05,5
9811,2666,Mahika Mitra,Phone,Electronics,4,25000,100000,Kolkata,Cash on Delivery,2025-11-10,7
9812,1937,Hemani Padmanabhan,Shoes,Fashion,2,2500,5000,Kolkata,Net Banking,2026-03-15,1
9813,9207,Zayan Deol,Headphones,Electronics,1,3000,3000,Pune,Cash on Delivery,2025-09-09,4
9814,1314,Vincent Mahal,Headphones,Electronics,4,3000,12000,Ahmedabad,UPI,2026-01-07,1
9815,6752,Wakeeta Devan,T-Shirt,Fashion,2,800,1600,Chennai,Credit Card,2026-05-14,3
9816,3178,Yadavi Kumer,Headphones,Electronics,4,3000,12000,Mumbai,UPI,2026-02-26,6
9817,3334,Triveni Nadkarni,Shoes,Fashion,1,2500,2500,Delhi,Debit Card,2026-07-01,4
9818,6626,Omya Chadha,T-Shirt,Fashion,5,800,4000,Ahmedabad,UPI,2026-08-01,1
9819,5879,Jacob Barman,T-Shirt,Fashion,3,800,2400,Pune,UPI,2025-10-03,3
9820,4903,Akshay Maharaj,Headphones,Electronics,4,3000,12000,Delhi,Debit Card,2026-01-27,6
9821,9140,Aarna Patla,Headphones,Electronics,2,3000,6000,Ahmedabad,Cash on Delivery,2026-07-01,2
9822,1356,Ekapad Radhakrishnan,T-Shirt,Fashion,2,800,1600,Bengaluru,UPI,2026-07-09,4
9823,3930,Pallavi Dara,Phone,Electronics,5,25000,125000,Hyderabad,Net Banking,2025-10-29,6
9824,8528,Sara Mukhopadhyay,Laptop,Electronics,2,65000,130000,Delhi,UPI,2025-11-10,6
9825,7429,Rachit Walia,Phone,Electronics,4,25000,100000,Delhi,Cash on Delivery,2026-05-12,2
9826,3501,Aarna Om,Laptop,Electronics,2,65000,130000,Pune,Net Banking,2025-12-17,5
9827,4726,Sara Deshpande,Phone,Electronics,2,25000,50000,Kolkata,Cash on Delivery,2026-07-30,3
9828,5439,Maya Sarraf,Headphones,Electronics,4,3000,12000,Chennai,Cash on Delivery,2025-09-14,7
9829,4051,Neel Talwar,Headphones,Electronics,2,3000,6000,Pune,UPI,2026-01-08,7
9830,3559,Reyansh Walia,Phone,Electronics,3,25000,75000,Chennai,Net Banking,2026-01-08,5
9831,1577,Nidra Kunda,Headphones,Electronics,5,3000,15000,Kolkata,Cash on Delivery,2026-07-17,3
9832,8163,Zehaan Dasgupta,Headphones,Electronics,3,3000,9000,Ahmedabad,Net Banking,2025-12-15,3
9833,9997,Viraj Ramaswamy,Shoes,Fashion,4,2500,10000,Ahmedabad,Cash on Delivery,2025-10-15,7
9834,3940,Aarnav Sha,Phone,Electronics,1,25000,25000,Pune,Credit Card,2026-03-31,4
9835,7322,Yashodhara Sura,Headphones,Electronics,3,3000,9000,Bengaluru,Net Banking,2026-05-24,6
9836,2494,Janaki Ganesh,Headphones,Electronics,3,3000,9000,Chennai,Debit Card,2025-10-21,2
9837,9036,Peter Vasa,Phone,Electronics,5,25000,125000,Hyderabad,Debit Card,2025-09-18,1
9838,8873,Zarna Dara,Laptop,Electronics,4,65000,260000,Chennai,Credit Card,2026-04-15,3
9839,5484,Chandani Pai,Bottle,Home,1,600,600,Pune,Net Banking,2025-09-02,4
9840,5924,Zilmil Sandal,Shoes,Fashion,4,2500,10000,Kolkata,Cash on Delivery,2025-11-01,7
9841,2267,Ojasvi Apte,Phone,Electronics,4,25000,100000,Delhi,Credit Card,2025-12-19,1
9842,3933,Frado Brar,Headphones,Electronics,4,3000,12000,Kolkata,Cash on Delivery,2026-02-04,7
9843,1897,Faqid Pillai,Headphones,Electronics,4,3000,12000,Chennai,Net Banking,2026-07-04,5
9844,8177,Daniel Shah,T-Shirt,Fashion,4,800,3200,Pune,Credit Card,2026-06-04,1
9845,6315,Vrishti Shukla,Phone,Electronics,1,25000,25000,Kolkata,Net Banking,2026-01-04,3
9846,2141,Meghana Roy,Headphones,Electronics,2,3000,6000,Chennai,Credit Card,2025-10-05,3
9847,2517,Charan Maharaj,T-Shirt,Fashion,3,800,2400,Chennai,Debit Card,2026-05-04,7
9848,2407,Yug Wable,Phone,Electronics,2,25000,50000,Bengaluru,UPI,2025-09-02,3
9849,9540,Upasna Sha,Watch,Accessories,2,5000,10000,Bengaluru,Net Banking,2026-03-11,5
9850,1768,Upkaar Soni,Shoes,Fashion,4,2500,10000,Chennai,Net Banking,2026-03-06,4
9851,5152,Amol Dasgupta,Phone,Electronics,1,25000,25000,Chennai,Cash on Delivery,2026-01-28,7
9852,9096,Shravya Ramaswamy,Laptop,Electronics,1,65000,65000,Delhi,Debit Card,2026-07-31,5
9853,8587,Adya Bhattacharyya,Phone,Electronics,4,25000,100000,Delhi,UPI,2026-08-05,7
9854,3702,Imaran Shere,Shoes,Fashion,3,2500,7500,Bengaluru,Cash on Delivery,2026-03-24,3
9855,5308,Veda Nagy,Laptop,Electronics,2,65000,130000,Chennai,Debit Card,2025-09-15,3
9856,6919,Naksh Batta,Phone,Electronics,5,25000,125000,Kolkata,Net Banking,2025-08-09,4
9857,6196,Aarini Ramakrishnan,Chair,Furniture,2,4000,8000,Mumbai,Cash on Delivery,2025-11-26,5
9858,3947,Bhavini Magar,Phone,Electronics,1,25000,25000,Bengaluru,Cash on Delivery,2026-03-08,6
9859,2322,Ekavir Tripathi,Phone,Electronics,2,25000,50000,Delhi,UPI,2026-05-02,2
9860,9500,Jonathan Peri,Laptop,Electronics,3,65000,195000,Delhi,UPI,2025-08-29,6
9861,5161,Onveer Deep,T-Shirt,Fashion,5,800,4000,Kolkata,Debit Card,2026-04-23,7
9862,8317,Theodore Chander,Watch,Accessories,3,5000,15000,Kolkata,Credit Card,2025-08-14,3
9863,3452,Vritti Saini,Shoes,Fashion,2,2500,5000,Bengaluru,Credit Card,2025-10-10,5
9864,2086,Inaya Bassi,Laptop,Electronics,2,65000,130000,Hyderabad,Cash on Delivery,2026-01-03,4
9865,9479,Aditya Minhas,Headphones,Electronics,3,3000,9000,Hyderabad,Debit Card,2025-10-28,5
9866,9591,Nidra Chokshi,Headphones,Electronics,1,3000,3000,Pune,Cash on Delivery,2025-12-24,5
9867,4380,Rachana Dixit,Headphones,Electronics,4,3000,12000,Bengaluru,Net Banking,2025-12-04,7
9868,9363,Abdul Johal,Headphones,Electronics,3,3000,9000,Pune,Debit Card,2026-08-07,4
9869,4105,Frederick Zachariah,Phone,Electronics,1,25000,25000,Kolkata,UPI,2026-03-17,6
9870,7428,Alka Balan,Phone,Electronics,3,25000,75000,Pune,Debit Card,2025-11-14,5
9871,1476,Pranav Ghosh,Headphones,Electronics,5,3000,15000,Delhi,Cash on Delivery,2026-02-16,4
9872,5864,Hemal Salvi,Book,Books,1,500,500,Kolkata,Net Banking,2026-04-01,2
9873,3409,Saksham Venkatesh,Chair,Furniture,4,4000,16000,Chennai,Debit Card,2026-01-06,4
9874,9225,Jack Babu,Shoes,Fashion,3,2500,7500,Kolkata,Credit Card,2026-05-17,3
9875,7370,Nitara Kothari,Phone,Electronics,3,25000,75000,Hyderabad,UPI,2026-01-27,2
9876,3290,Varenya Gola,Shoes,Fashion,3,2500,7500,Delhi,Net Banking,2025-08-11,2
9877,5025,Vedika Dyal,Headphones,Electronics,5,3000,15000,Delhi,Net Banking,2025-12-02,5
9878,3346,Lekha Prakash,Laptop,Electronics,1,65000,65000,Bengaluru,UPI,2026-05-20,2
9879,6590,William Varkey,Chair,Furniture,1,4000,4000,Mumbai,Credit Card,2026-03-11,6
9880,2282,Raghav Keer,Shoes,Fashion,3,2500,7500,Hyderabad,Cash on Delivery,2026-04-01,5
9881,5762,Atharv Shenoy,Phone,Electronics,3,25000,75000,Mumbai,Cash on Delivery,2026-08-05,6
9882,9004,Maanas Verma,Phone,Electronics,2,25000,50000,Delhi,UPI,2026-01-08,7
9883,9161,Ekantika Nagarajan,Headphones,Electronics,4,3000,12000,Kolkata,Debit Card,2026-05-26,1
9884,4369,Anirudh Krishna,Shoes,Fashion,1,2500,2500,Bengaluru,Credit Card,2025-10-01,6
9885,4963,Kashvi Bhasin,Headphones,Electronics,4,3000,12000,Pune,Cash on Delivery,2025-08-29,5
9886,3633,Mugdha Chada,Shoes,Fashion,2,2500,5000,Chennai,Cash on Delivery,2025-12-03,3
9887,7917,Vedika Bhatt,Watch,Accessories,3,5000,15000,Pune,Credit Card,2026-05-05,1
9888,3299,Divya Sachdeva,T-Shirt,Fashion,2,800,1600,Hyderabad,Credit Card,2026-06-09,5
9889,5219,Gabriel Khalsa,Desk,Furniture,3,7000,21000,Hyderabad,Cash on Delivery,2025-09-30,6
9890,4868,Viraj Venkataraman,Headphones,Electronics,4,3000,12000,Delhi,Debit Card,2026-03-06,5
9891,2264,Ridhi Kamdar,Phone,Electronics,2,25000,50000,Chennai,Debit Card,2025-11-01,7
9892,7874,Omkaar Samra,Phone,Electronics,5,25000,125000,Bengaluru,Credit Card,2026-04-08,3
9893,2309,Harrison Lata,Phone,Electronics,2,25000,50000,Bengaluru,Debit Card,2025-12-15,3
9894,9514,Fiyaz Bava,Desk,Furniture,5,7000,35000,Hyderabad,Net Banking,2025-08-25,2
9895,8818,Divya Dugar,Shoes,Fashion,1,2500,2500,Mumbai,Debit Card,2026-03-01,1
9896,8657,Triveni Dass,Phone,Electronics,3,25000,75000,Delhi,Cash on Delivery,2025-11-26,4
9897,9162,Yauvani Natarajan,Book,Books,4,500,2000,Bengaluru,Debit Card,2025-09-08,3
9898,5922,Siddharth Sant,Watch,Accessories,3,5000,15000,Kolkata,Debit Card,2025-12-04,6
9899,2137,Pratyush Aurora,Shoes,Fashion,4,2500,10000,Mumbai,Credit Card,2025-09-01,7
9900,9624,Suhani Badal,Phone,Electronics,4,25000,100000,Kolkata,Credit Card,2026-04-22,1
9901,5890,Luke Mahajan,Shoes,Fashion,2,2500,5000,Bengaluru,Cash on Delivery,2026-05-04,7
9902,8032,Wishi Samra,Phone,Electronics,5,25000,125000,Hyderabad,Net Banking,2026-01-07,3
9903,5697,Qasim Lall,Chair,Furniture,5,4000,20000,Ahmedabad,Net Banking,2026-07-18,2
9904,1238,Divya Dua,Shoes,Fashion,1,2500,2500,Hyderabad,Debit Card,2026-01-26,5
9905,8802,Gabriel Dani,Shoes,Fashion,5,2500,12500,Bengaluru,Cash on Delivery,2026-03-30,2
9906,6733,Simon Bandi,Shoes,Fashion,4,2500,10000,Delhi,Credit Card,2026-03-10,4
9907,3533,Lavanya Deo,Shoes,Fashion,5,2500,12500,Chennai,Debit Card,2025-11-04,2
9908,3834,Wishi Sura,Phone,Electronics,1,25000,25000,Hyderabad,Net Banking,2025-09-01,7
9909,9458,Diya Johal,Headphones,Electronics,2,3000,6000,Delhi,Cash on Delivery,2025-10-25,2
9910,6039,Henry Gandhi,Headphones,Electronics,4,3000,12000,Kolkata,UPI,2026-05-07,4
9911,1043,Aarnav Sule,Shoes,Fashion,3,2500,7500,Mumbai,Net Banking,2026-01-07,7
9912,4614,Sathvik Varkey,Headphones,Electronics,3,3000,9000,Hyderabad,Debit Card,2025-09-05,4
9913,6460,Deepa Bawa,Phone,Electronics,5,25000,125000,Delhi,Credit Card,2025-09-25,1
9914,9335,Om Dhingra,Watch,Accessories,1,5000,5000,Kolkata,UPI,2026-01-01,6
9915,1656,Devika Upadhyay,Laptop,Electronics,1,65000,65000,Bengaluru,Credit Card,2026-04-10,2
9916,4863,Sai Khatri,Bottle,Home,3,600,1800,Bengaluru,Credit Card,2025-12-10,1
9917,6887,Bina Lata,Headphones,Electronics,2,3000,6000,Chennai,UPI,2026-01-05,5
9918,5775,Brijesh Kapoor,Headphones,Electronics,1,3000,3000,Chennai,Cash on Delivery,2026-05-06,1
9919,1254,Bishakha Tiwari,T-Shirt,Fashion,1,800,800,Mumbai,Debit Card,2025-09-03,4
9920,5318,Aadi Sekhon,Watch,Accessories,2,5000,10000,Kolkata,Debit Card,2025-08-23,5
9921,2995,Chandran Mistry,Shoes,Fashion,1,2500,2500,Kolkata,Credit Card,2026-07-21,5
9922,7860,Neel Bahri,Laptop,Electronics,4,65000,260000,Ahmedabad,UPI,2025-08-11,6
9923,9235,Dhriti Chaudhary,Headphones,Electronics,5,3000,15000,Ahmedabad,Cash on Delivery,2025-11-01,6
9924,3995,Shravya Vohra,Headphones,Electronics,1,3000,3000,Kolkata,Credit Card,2026-05-11,1
9925,6707,Warda Goda,Headphones,Electronics,2,3000,6000,Delhi,Credit Card,2026-03-17,6
9926,1255,Balendra Mitter,Phone,Electronics,3,25000,75000,Chennai,Credit Card,2025-11-05,2
9927,6725,Harsh Ghosh,Shoes,Fashion,1,2500,2500,Bengaluru,Debit Card,2026-07-08,1
9928,5213,Nachiket Bhandari,Shoes,Fashion,4,2500,10000,Ahmedabad,Cash on Delivery,2026-07-23,3
9929,7207,Fiyaz Comar,Phone,Electronics,4,25000,100000,Kolkata,Cash on Delivery,2026-07-23,7
9930,7745,Ryan Narayan,Shoes,Fashion,3,2500,7500,Mumbai,Debit Card,2026-03-06,2
9931,1136,Balendra Gade,Shoes,Fashion,3,2500,7500,Delhi,UPI,2025-12-14,7
9932,4468,Chaitaly Cheema,Laptop,Electronics,1,65000,65000,Kolkata,Debit Card,2026-01-09,2
9933,9013,Zarna Iyengar,Headphones,Electronics,3,3000,9000,Mumbai,UPI,2026-06-01,7
9934,3921,Meera Tailor,Headphones,Electronics,5,3000,15000,Hyderabad,Credit Card,2026-01-18,2
9935,4653,Indali Doctor,Phone,Electronics,5,25000,125000,Hyderabad,Cash on Delivery,2026-07-18,4
9936,3314,Wyatt Kala,T-Shirt,Fashion,2,800,1600,Hyderabad,Credit Card,2025-10-22,3
9937,6608,Dhruv Purohit,Phone,Electronics,1,25000,25000,Pune,UPI,2025-11-13,4
9938,8566,Wishi Iyengar,Headphones,Electronics,3,3000,9000,Chennai,Cash on Delivery,2025-09-05,1
9939,1585,Triya Pal,Laptop,Electronics,1,65000,65000,Delhi,Debit Card,2026-06-16,5
9940,9678,Hiral Singh,Laptop,Electronics,1,65000,65000,Chennai,Credit Card,2026-01-27,6
9941,4911,Jeremiah Bajaj,Shoes,Fashion,4,2500,10000,Hyderabad,Credit Card,2026-02-21,3
9942,2396,Qasim Pau,Headphones,Electronics,5,3000,15000,Pune,UPI,2026-05-04,2
9943,7371,Zashil Batta,Phone,Electronics,5,25000,125000,Hyderabad,UPI,2025-11-05,3
9944,6750,Vamakshi Chandra,Chair,Furniture,3,4000,12000,Delhi,UPI,2026-03-29,5
9945,6545,Devika Bhatt,Headphones,Electronics,4,3000,12000,Kolkata,Debit Card,2026-02-20,1
9946,2796,Viraj Chaudhuri,Desk,Furniture,2,7000,14000,Hyderabad,Net Banking,2026-02-17,2
9947,1888,Vrishti Sastry,Desk,Furniture,4,7000,28000,Pune,Debit Card,2026-06-25,3
9948,1270,Urvi Narang,Phone,Electronics,3,25000,75000,Mumbai,Credit Card,2026-07-23,6
9949,9299,Pranit Dayal,Headphones,Electronics,2,3000,6000,Ahmedabad,Debit Card,2025-10-23,7
9950,3899,Falak Mahal,Phone,Electronics,3,25000,75000,Hyderabad,Credit Card,2026-06-27,4
9951,8431,Ijaya Sangha,Shoes,Fashion,3,2500,7500,Delhi,UPI,2026-01-18,4
9952,5089,Avi Naidu,Watch,Accessories,4,5000,20000,Hyderabad,Cash on Delivery,2026-05-06,6
9953,7917,Yochana Mane,Laptop,Electronics,1,65000,65000,Ahmedabad,Credit Card,2026-07-25,4
9954,8969,Faraj Arora,Laptop,Electronics,3,65000,195000,Mumbai,Credit Card,2025-09-28,4
9955,1623,Bhavani Jha,Headphones,Electronics,1,3000,3000,Bengaluru,Cash on Delivery,2026-05-25,2
9956,8665,David Chand,Shoes,Fashion,4,2500,10000,Ahmedabad,Cash on Delivery,2026-03-24,7
9957,1004,Mohammed Mittal,T-Shirt,Fashion,5,800,4000,Chennai,UPI,2026-06-15,3
9958,7360,Jagat Subramaniam,Phone,Electronics,4,25000,100000,Delhi,Net Banking,2025-11-28,3
9959,2391,Warinder Bhat,Phone,Electronics,1,25000,25000,Bengaluru,Net Banking,2026-04-12,5
9960,1285,Oni Hayer,Phone,Electronics,1,25000,25000,Kolkata,Debit Card,2026-06-14,5
9961,6915,Pallavi Acharya,Headphones,Electronics,2,3000,6000,Hyderabad,UPI,2026-06-22,5
9962,4247,Urvashi Kapadia,Headphones,Electronics,2,3000,6000,Chennai,Credit Card,2026-02-09,1
9963,3205,Upkaar Nayak,Chair,Furniture,5,4000,20000,Chennai,Net Banking,2025-08-22,1
9964,2967,Isha Wali,Headphones,Electronics,4,3000,12000,Kolkata,Debit Card,2026-07-25,6
9965,4570,Triya Oza,Phone,Electronics,4,25000,100000,Pune,Debit Card,2026-03-27,6
9966,7259,Urmi Butala,Phone,Electronics,5,25000,125000,Pune,Credit Card,2025-08-15,2
9967,3509,Samaksh Badal,Laptop,Electronics,5,65000,325000,Ahmedabad,Debit Card,2026-03-14,5
9968,1177,Jagrati Mane,T-Shirt,Fashion,1,800,800,Hyderabad,Debit Card,2025-12-27,5
9969,8536,Aadi Banik,Laptop,Electronics,5,65000,325000,Ahmedabad,Cash on Delivery,2026-01-26,6
9970,5160,Balhaar Ramanathan,Bottle,Home,2,600,1200,Pune,Net Banking,2026-06-06,1
9971,9305,Amruta Chhabra,Shoes,Fashion,1,2500,2500,Ahmedabad,Credit Card,2025-10-19,3
9972,4932,Farhan Basu,Bottle,Home,5,600,3000,Mumbai,Net Banking,2026-01-23,7
9973,8219,Parth Prabhu,T-Shirt,Fashion,2,800,1600,Bengaluru,Cash on Delivery,2026-07-05,7
9974,9291,Zehaan Chander,Desk,Furniture,4,7000,28000,Hyderabad,Debit Card,2026-05-03,1
9975,3255,Kritika Lanka,Headphones,Electronics,2,3000,6000,Mumbai,Net Banking,2026-06-08,1
9976,2409,Atharv Mahal,Phone,Electronics,4,25000,100000,Kolkata,Cash on Delivery,2026-06-05,6
9977,4701,Sathvik Sarkar,Laptop,Electronics,1,65000,65000,Pune,UPI,2025-11-20,2
9978,4584,Ishaan Kohli,Laptop,Electronics,4,65000,260000,Chennai,UPI,2026-08-06,4
9979,5287,Frado Krishna,Phone,Electronics,4,25000,100000,Mumbai,Cash on Delivery,2025-10-10,6
9980,5456,Parth Panchal,Shoes,Fashion,5,2500,12500,Delhi,UPI,2026-05-13,7
9981,2478,Baljiwan Bail,Laptop,Electronics,1,65000,65000,Hyderabad,Credit Card,2025-10-16,1
9982,2924,Patrick Grewal,T-Shirt,Fashion,2,800,1600,Pune,Net Banking,2025-12-25,5
9983,2305,Manthan Hayer,Laptop,Electronics,1,65000,65000,Mumbai,Credit Card,2026-04-30,7
9984,3648,Maanas Bhatti,T-Shirt,Fashion,5,800,4000,Mumbai,Debit Card,2025-12-25,6
9985,3457,Omya Raghavan,Shoes,Fashion,1,2500,2500,Kolkata,Cash on Delivery,2026-03-25,2
9986,8344,Parth Sahni,Phone,Electronics,2,25000,50000,Chennai,Debit Card,2026-05-07,3
9987,6083,Imaran Sunder,Phone,Electronics,5,25000,125000,Chennai,Net Banking,2025-11-19,5
9988,9934,Ishita Hari,Watch,Accessories,3,5000,15000,Hyderabad,Credit Card,2026-03-09,4
9989,8260,Christopher Khanna,Desk,Furniture,5,7000,35000,Pune,Cash on Delivery,2026-03-27,1
9990,2708,Ekta Pai,Desk,Furniture,5,7000,35000,Pune,Net Banking,2025-08-19,4
9991,4033,Siya Dayal,Shoes,Fashion,1,2500,2500,Delhi,Net Banking,2026-05-14,7
9992,3151,Jagrati Thakkar,Phone,Electronics,5,25000,125000,Chennai,Debit Card,2026-04-29,4
9993,9760,Vedhika Bansal,Phone,Electronics,4,25000,100000,Chennai,Net Banking,2026-06-01,1
9994,7740,Anita Ram,Phone,Electronics,4,25000,100000,Mumbai,Cash on Delivery,2026-06-19,6
9995,3585,Ryan Bhat,T-Shirt,Fashion,5,800,4000,Kolkata,Cash on Delivery,2026-06-21,6
9996,7952,Onkar Murthy,Laptop,Electronics,5,65000,325000,Chennai,Debit Card,2026-03-09,4
9997,9831,Balendra Dora,Book,Books,3,500,1500,Chennai,Debit Card,2025-09-16,7
9998,6238,Raagini Prabhakar,Headphones,Electronics,4,3000,12000,Kolkata,Cash on Delivery,2026-03-28,4
9999,1256,Ria Nath,Headphones,Electronics,5,3000,15000,Delhi,Cash on Delivery,2026-06-24,3
10000,9593,Niharika Karpe,Laptop,Electronics,4,65000,260000,Bengaluru,Credit Card,2026-03-14,6
